image,w,h,sqrt_area,best_iou,conf,hit
0000001_02999_d_0000005.jpg,19,38,26.87,0.6171,0.1724,1
0000001_02999_d_0000005.jpg,27,26,26.5,0.0,0.0,0
0000001_02999_d_0000005.jpg,27,49,36.37,0.6623,0.1722,1
0000001_02999_d_0000005.jpg,19,36,26.15,0.0,0.0,0
0000001_02999_d_0000005.jpg,17,37,25.08,0.8266,0.7194,1
0000001_02999_d_0000005.jpg,11,30,18.17,0.9046,0.4152,1
0000001_02999_d_0000005.jpg,14,31,20.83,0.8014,0.4859,1
0000001_02999_d_0000005.jpg,15,32,21.91,0.0,0.0,0
0000001_02999_d_0000005.jpg,14,24,18.33,0.0,0.0,0
0000001_02999_d_0000005.jpg,5,18,9.49,0.0,0.0,0
0000001_02999_d_0000005.jpg,16,32,22.63,0.0,0.0,0
0000001_02999_d_0000005.jpg,15,29,20.86,0.0,0.0,0
0000001_02999_d_0000005.jpg,16,26,20.4,0.0,0.0,0
0000001_02999_d_0000005.jpg,22,38,28.91,0.0,0.0,0
0000001_02999_d_0000005.jpg,13,26,18.38,0.0,0.0,0
0000001_02999_d_0000005.jpg,11,22,15.56,0.0,0.0,0
0000001_02999_d_0000005.jpg,10,22,14.83,0.0,0.0,0
0000001_02999_d_0000005.jpg,14,26,19.08,0.5475,0.3034,1
0000001_02999_d_0000005.jpg,12,23,16.61,0.5792,0.1959,1
0000001_02999_d_0000005.jpg,11,21,15.2,0.0,0.0,0
0000001_02999_d_0000005.jpg,12,26,17.66,0.709,0.2112,1
0000001_02999_d_0000005.jpg,14,23,17.94,0.0,0.0,0
0000001_02999_d_0000005.jpg,9,19,13.08,0.0,0.0,0
0000001_02999_d_0000005.jpg,8,19,12.33,0.0,0.0,0
0000001_02999_d_0000005.jpg,10,26,16.12,0.0,0.0,0
0000001_02999_d_0000005.jpg,9,21,13.75,0.0,0.0,0
0000001_02999_d_0000005.jpg,7,19,11.53,0.0,0.0,0
0000001_02999_d_0000005.jpg,9,24,14.7,0.0,0.0,0
0000001_02999_d_0000005.jpg,11,28,17.55,0.0,0.0,0
0000001_02999_d_0000005.jpg,7,13,9.54,0.2897,0.4396,0
0000001_02999_d_0000005.jpg,9,15,11.62,0.526,0.4637,1
0000001_02999_d_0000005.jpg,12,21,15.87,0.0,0.0,0
0000001_02999_d_0000005.jpg,10,19,13.78,0.0,0.0,0
0000001_02999_d_0000005.jpg,11,20,14.83,0.0,0.0,0
0000001_02999_d_0000005.jpg,12,16,13.86,0.0,0.0,0
0000001_02999_d_0000005.jpg,9,18,12.73,0.0,0.0,0
0000001_02999_d_0000005.jpg,12,18,14.7,0.0,0.0,0
0000001_02999_d_0000005.jpg,11,22,15.56,0.0,0.0,0
0000001_02999_d_0000005.jpg,11,22,15.56,0.0,0.0,0
0000001_03499_d_0000006.jpg,18,30,23.24,0.6858,0.1906,1
0000001_03499_d_0000006.jpg,21,29,24.68,0.0,0.0,0
0000001_03499_d_0000006.jpg,16,17,16.49,0.0,0.0,0
0000001_03499_d_0000006.jpg,16,20,17.89,0.0,0.0,0
0000001_03499_d_0000006.jpg,16,18,16.97,0.0,0.0,0
0000001_03499_d_0000006.jpg,17,16,16.49,0.0,0.0,0
0000001_03499_d_0000006.jpg,12,22,16.25,0.5265,0.4938,1
0000001_03499_d_0000006.jpg,13,22,16.91,0.5393,0.2269,1
0000001_03499_d_0000006.jpg,12,23,16.61,0.0,0.0,0
0000001_03499_d_0000006.jpg,13,22,16.91,0.0,0.0,0
0000001_03499_d_0000006.jpg,14,20,16.73,0.0,0.0,0
0000001_03499_d_0000006.jpg,13,21,16.52,0.0,0.0,0
0000001_03499_d_0000006.jpg,11,19,14.46,0.0,0.0,0
0000001_03499_d_0000006.jpg,13,17,14.87,0.0,0.0,0
0000001_03499_d_0000006.jpg,11,33,19.05,0.0,0.0,0
0000001_03499_d_0000006.jpg,8,18,12.0,0.0,0.0,0
0000001_03499_d_0000006.jpg,16,24,19.6,0.5123,0.5062,1
0000001_03499_d_0000006.jpg,13,21,16.52,0.2866,0.2864,0
0000001_03499_d_0000006.jpg,17,22,19.34,0.0,0.0,0
0000001_03499_d_0000006.jpg,14,22,17.55,0.4968,0.2062,0
0000001_03499_d_0000006.jpg,21,24,22.45,0.0,0.0,0
0000001_03499_d_0000006.jpg,23,40,30.33,0.5535,0.7096,1
0000001_03499_d_0000006.jpg,14,27,19.44,0.0,0.0,0
0000001_03499_d_0000006.jpg,15,28,20.49,0.291,0.1636,0
0000001_03499_d_0000006.jpg,11,26,16.91,0.4666,0.2322,0
0000001_03499_d_0000006.jpg,10,20,14.14,0.0,0.0,0
0000001_03499_d_0000006.jpg,12,17,14.28,0.0,0.0,0
0000001_03499_d_0000006.jpg,10,24,15.49,0.8177,0.2695,1
0000001_03499_d_0000006.jpg,10,18,13.42,0.0,0.0,0
0000001_03999_d_0000007.jpg,26,50,36.06,0.6711,0.479,1
0000001_03999_d_0000007.jpg,28,52,38.16,0.7546,0.1663,1
0000001_03999_d_0000007.jpg,25,44,33.17,0.6962,0.2366,1
0000001_03999_d_0000007.jpg,11,26,16.91,0.1619,0.3876,0
0000001_03999_d_0000007.jpg,26,52,36.77,0.8541,0.1691,1
0000001_03999_d_0000007.jpg,27,50,36.74,0.7247,0.241,1
0000001_03999_d_0000007.jpg,19,47,29.88,0.8175,0.2631,1
0000001_03999_d_0000007.jpg,29,56,40.3,0.7948,0.697,1
0000001_03999_d_0000007.jpg,16,40,25.3,0.0,0.0,0
0000001_03999_d_0000007.jpg,26,34,29.73,0.6698,0.32,1
0000001_03999_d_0000007.jpg,18,33,24.37,0.0,0.0,0
0000001_03999_d_0000007.jpg,24,33,28.14,0.0,0.0,0
0000001_03999_d_0000007.jpg,20,30,24.49,0.7067,0.2591,1
0000001_03999_d_0000007.jpg,21,39,28.62,0.7871,0.6499,1
0000001_03999_d_0000007.jpg,20,34,26.08,0.7511,0.6212,1
0000001_03999_d_0000007.jpg,19,44,28.91,0.8424,0.3601,1
0000001_03999_d_0000007.jpg,20,36,26.83,0.0,0.0,0
0000001_03999_d_0000007.jpg,26,39,31.84,0.0,0.0,0
0000001_03999_d_0000007.jpg,22,27,24.37,0.583,0.2001,1
0000001_03999_d_0000007.jpg,21,29,24.68,0.0,0.0,0
0000001_03999_d_0000007.jpg,21,32,25.92,0.0,0.0,0
0000001_03999_d_0000007.jpg,17,26,21.02,0.0,0.0,0
0000001_03999_d_0000007.jpg,18,23,20.35,0.0,0.0,0
0000001_03999_d_0000007.jpg,17,23,19.77,0.0,0.0,0
0000001_04527_d_0000008.jpg,26,50,36.06,0.8478,0.4394,1
0000001_04527_d_0000008.jpg,26,51,36.41,0.785,0.6318,1
0000001_04527_d_0000008.jpg,23,40,30.33,0.6866,0.152,1
0000001_04527_d_0000008.jpg,25,45,33.54,0.7976,0.638,1
0000001_04527_d_0000008.jpg,22,43,30.76,0.6555,0.5861,1
0000001_04527_d_0000008.jpg,16,47,27.42,0.852,0.535,1
0000001_04527_d_0000008.jpg,21,51,32.73,0.7882,0.7421,1
0000001_04527_d_0000008.jpg,17,39,25.75,0.0,0.0,0
0000001_04527_d_0000008.jpg,20,48,30.98,0.8022,0.4247,1
0000001_04527_d_0000008.jpg,23,39,29.95,0.0,0.0,0
0000001_04527_d_0000008.jpg,16,39,24.98,0.7063,0.6138,1
0000001_04527_d_0000008.jpg,14,36,22.45,0.8159,0.3025,1
0000001_04527_d_0000008.jpg,12,25,17.32,0.0,0.0,0
0000001_04527_d_0000008.jpg,15,34,22.58,0.2522,0.1821,0
0000001_04527_d_0000008.jpg,19,38,26.87,0.0229,0.1853,0
0000001_04527_d_0000008.jpg,13,29,19.42,0.1039,0.281,0
0000001_04527_d_0000008.jpg,8,13,10.2,0.1596,0.2896,0
0000001_04527_d_0000008.jpg,21,34,26.72,0.3863,0.2083,0
0000001_04527_d_0000008.jpg,13,28,19.08,0.7256,0.1896,1
0000001_04527_d_0000008.jpg,15,36,23.24,0.7703,0.1599,1
0000001_04527_d_0000008.jpg,10,33,18.17,0.0,0.0,0
0000001_04527_d_0000008.jpg,12,34,20.2,0.0,0.0,0
0000001_04527_d_0000008.jpg,11,35,19.62,0.32,0.2311,0
0000001_04527_d_0000008.jpg,11,24,16.25,0.0,0.0,0
0000001_04527_d_0000008.jpg,10,20,14.14,0.0,0.0,0
0000001_04527_d_0000008.jpg,11,24,16.25,0.0,0.0,0
0000001_04527_d_0000008.jpg,12,22,16.25,0.7117,0.1705,1
0000001_04527_d_0000008.jpg,7,28,14.0,0.7408,0.2627,1
0000001_04527_d_0000008.jpg,11,23,15.91,0.0,0.0,0
0000001_04527_d_0000008.jpg,13,22,16.91,0.7827,0.29,1
0000001_04527_d_0000008.jpg,12,30,18.97,0.0,0.0,0
0000001_04527_d_0000008.jpg,11,22,15.56,0.0,0.0,0
0000001_04527_d_0000008.jpg,9,29,16.16,0.0,0.0,0
0000001_04527_d_0000008.jpg,12,35,20.49,0.0,0.0,0
0000001_04527_d_0000008.jpg,15,41,24.8,0.0,0.0,0
0000001_04527_d_0000008.jpg,12,20,15.49,0.144,0.3336,0
0000001_04527_d_0000008.jpg,16,35,23.66,0.2782,0.5876,0
0000001_04527_d_0000008.jpg,22,32,26.53,0.6192,0.3081,1
0000001_04527_d_0000008.jpg,23,43,31.45,0.8414,0.2917,1
0000001_04527_d_0000008.jpg,24,37,29.8,0.726,0.1951,1
0000001_04527_d_0000008.jpg,21,38,28.25,0.0,0.0,0
0000001_04527_d_0000008.jpg,22,38,28.91,0.0,0.0,0
0000001_04527_d_0000008.jpg,16,34,23.32,0.0,0.0,0
0000001_04527_d_0000008.jpg,20,33,25.69,0.2065,0.175,0
0000001_04527_d_0000008.jpg,19,44,28.91,0.6504,0.2577,1
0000001_04527_d_0000008.jpg,15,44,25.69,0.6697,0.166,1
0000001_04527_d_0000008.jpg,21,45,30.74,0.702,0.2251,1
0000001_04527_d_0000008.jpg,23,50,33.91,0.707,0.2867,1
0000001_04527_d_0000008.jpg,27,32,29.39,0.0,0.0,0
0000001_04527_d_0000008.jpg,27,38,32.03,0.0,0.0,0
0000001_04527_d_0000008.jpg,33,38,35.41,0.0,0.0,0
0000001_04527_d_0000008.jpg,26,35,30.17,0.0,0.0,0
0000001_04527_d_0000008.jpg,26,29,27.46,0.0,0.0,0
0000001_04527_d_0000008.jpg,21,35,27.11,0.0,0.0,0
0000001_05249_d_0000009.jpg,12,30,18.97,0.6221,0.2466,1
0000001_05249_d_0000009.jpg,23,49,33.57,0.0,0.0,0
0000001_05249_d_0000009.jpg,17,35,24.39,0.6701,0.1989,1
0000001_05249_d_0000009.jpg,10,25,15.81,0.1339,0.2184,0
0000001_05249_d_0000009.jpg,13,33,20.71,0.6341,0.3766,1
0000001_05249_d_0000009.jpg,18,50,30.0,0.8599,0.2443,1
0000001_05249_d_0000009.jpg,25,38,30.82,0.5289,0.5747,1
0000001_05249_d_0000009.jpg,26,47,34.96,0.0,0.0,0
0000001_05249_d_0000009.jpg,15,44,25.69,0.0,0.0,0
0000001_05499_d_0000010.jpg,14,26,19.08,0.0593,0.2141,0
0000001_05499_d_0000010.jpg,11,21,15.2,0.3565,0.3684,0
0000001_05499_d_0000010.jpg,12,33,19.9,0.0,0.0,0
0000001_05499_d_0000010.jpg,18,31,23.62,0.6387,0.1828,1
0000001_05499_d_0000010.jpg,14,29,20.15,0.0,0.0,0
0000001_05499_d_0000010.jpg,12,32,19.6,0.8625,0.1563,1
0000001_05499_d_0000010.jpg,10,29,17.03,0.0,0.0,0
0000001_05499_d_0000010.jpg,16,25,20.0,0.0,0.0,0
0000001_05499_d_0000010.jpg,13,30,19.75,0.0,0.0,0
0000001_05499_d_0000010.jpg,19,30,23.87,0.0,0.0,0
0000001_05499_d_0000010.jpg,22,31,26.12,0.0,0.0,0
0000001_05499_d_0000010.jpg,13,31,20.07,0.6082,0.1565,1
0000001_05499_d_0000010.jpg,16,30,21.91,0.0,0.0,0
0000001_05499_d_0000010.jpg,9,27,15.59,0.4995,0.2869,0
0000001_05499_d_0000010.jpg,15,39,24.19,0.8216,0.5159,1
0000001_05499_d_0000010.jpg,20,23,21.45,0.5619,0.2625,1
0000001_05499_d_0000010.jpg,23,33,27.55,0.0453,0.2462,0
0000001_05499_d_0000010.jpg,21,27,23.81,0.0,0.0,0
0000001_05499_d_0000010.jpg,15,27,20.12,0.0,0.0,0
0000001_05499_d_0000010.jpg,9,17,12.37,0.0,0.0,0
0000001_05499_d_0000010.jpg,8,27,14.7,0.332,0.1792,0
0000001_05499_d_0000010.jpg,10,22,14.83,0.3324,0.1795,0
0000001_05499_d_0000010.jpg,12,25,17.32,0.0,0.0,0
0000001_05999_d_0000011.jpg,13,23,17.29,0.0,0.0,0
0000001_05999_d_0000011.jpg,9,24,14.7,0.7795,0.2174,1
0000001_05999_d_0000011.jpg,10,22,14.83,0.0,0.0,0
0000001_05999_d_0000011.jpg,8,24,13.86,0.0,0.0,0
0000001_05999_d_0000011.jpg,9,24,14.7,0.6969,0.2627,1
0000001_05999_d_0000011.jpg,19,42,28.25,0.6952,0.5693,1
0000001_05999_d_0000011.jpg,22,42,30.4,0.4701,0.2214,0
0000001_05999_d_0000011.jpg,22,41,30.03,0.6535,0.5631,1
0000001_05999_d_0000011.jpg,15,31,21.56,0.527,0.3226,1
0000001_05999_d_0000011.jpg,24,45,32.86,0.5618,0.3557,1
0000001_05999_d_0000011.jpg,36,35,35.5,0.3575,0.218,0
0000001_05999_d_0000011.jpg,29,29,29.0,0.6724,0.1878,1
0000001_05999_d_0000011.jpg,25,38,30.82,0.8268,0.3921,1
0000001_05999_d_0000011.jpg,27,36,31.18,0.1501,0.3921,0
0000001_05999_d_0000011.jpg,18,46,28.77,0.0,0.0,0
0000001_05999_d_0000011.jpg,21,41,29.34,0.7258,0.7436,1
0000001_05999_d_0000011.jpg,20,37,27.2,0.8575,0.6738,1
0000001_05999_d_0000011.jpg,26,29,27.46,0.4738,0.2128,0
0000001_05999_d_0000011.jpg,26,31,28.39,0.4471,0.2908,0
0000001_05999_d_0000011.jpg,8,29,15.23,0.5015,0.1529,1
0000001_05999_d_0000011.jpg,7,25,13.23,0.0,0.0,0
0000001_05999_d_0000011.jpg,9,21,13.75,0.0,0.0,0
0000001_05999_d_0000011.jpg,18,31,23.62,0.0,0.0,0
0000001_05999_d_0000011.jpg,15,24,18.97,0.0,0.0,0
0000001_05999_d_0000011.jpg,11,24,16.25,0.0,0.0,0
0000001_05999_d_0000011.jpg,13,27,18.73,0.7238,0.2199,1
0000001_05999_d_0000011.jpg,12,28,18.33,0.0,0.0,0
0000001_05999_d_0000011.jpg,11,28,17.55,0.6129,0.4789,1
0000001_05999_d_0000011.jpg,9,29,16.16,0.735,0.2454,1
0000001_05999_d_0000011.jpg,16,28,21.17,0.0,0.0,0
0000001_05999_d_0000011.jpg,6,28,12.96,0.0,0.0,0
0000001_05999_d_0000011.jpg,10,24,15.49,0.6595,0.1851,1
0000001_05999_d_0000011.jpg,15,26,19.75,0.0,0.0,0
0000001_05999_d_0000011.jpg,8,25,14.14,0.0,0.0,0
0000001_05999_d_0000011.jpg,9,27,15.59,0.754,0.3343,1
0000001_05999_d_0000011.jpg,12,23,16.61,0.7221,0.4996,1
0000001_05999_d_0000011.jpg,11,22,15.56,0.685,0.3336,1
0000001_05999_d_0000011.jpg,4,13,7.21,0.3007,0.1625,0
0000001_05999_d_0000011.jpg,8,26,14.42,0.7322,0.2893,1
0000001_05999_d_0000011.jpg,8,25,14.14,0.7655,0.3541,1
0000001_05999_d_0000011.jpg,7,23,12.69,0.0,0.0,0
0000001_05999_d_0000011.jpg,7,17,10.91,0.0224,0.1626,0
0000001_05999_d_0000011.jpg,6,14,9.17,0.0,0.0,0
0000001_05999_d_0000011.jpg,7,24,12.96,0.6204,0.1617,1
0000001_05999_d_0000011.jpg,9,22,14.07,0.689,0.1639,1
0000001_05999_d_0000011.jpg,7,24,12.96,0.3995,0.2391,0
0000001_05999_d_0000011.jpg,11,21,15.2,0.1765,0.3009,0
0000001_05999_d_0000011.jpg,7,22,12.41,0.0,0.0,0
0000001_05999_d_0000011.jpg,7,26,13.49,0.036,0.2962,0
0000001_05999_d_0000011.jpg,7,27,13.75,0.5914,0.331,1
0000001_05999_d_0000011.jpg,9,28,15.87,0.7332,0.2172,1
0000001_05999_d_0000011.jpg,9,26,15.3,0.4688,0.1867,0
0000001_07999_d_0000012.jpg,17,44,27.35,0.7558,0.284,1
0000001_07999_d_0000012.jpg,16,34,23.32,0.7638,0.365,1
0000001_07999_d_0000012.jpg,15,33,22.25,0.0,0.0,0
0000001_07999_d_0000012.jpg,17,40,26.08,0.9005,0.3357,1
0000001_07999_d_0000012.jpg,13,37,21.93,0.8205,0.5191,1
0000001_07999_d_0000012.jpg,12,35,20.49,0.6394,0.2613,1
0000001_07999_d_0000012.jpg,10,38,19.49,0.3955,0.3661,0
0000001_07999_d_0000012.jpg,15,38,23.87,0.0,0.0,0
0000001_07999_d_0000012.jpg,12,39,21.63,0.0,0.0,0
0000001_07999_d_0000012.jpg,10,35,18.71,0.6541,0.6357,1
0000001_07999_d_0000012.jpg,16,20,17.89,0.4713,0.4589,0
0000001_07999_d_0000012.jpg,18,27,22.05,0.0,0.0,0
0000001_07999_d_0000012.jpg,17,32,23.32,0.0,0.0,0
0000001_07999_d_0000012.jpg,22,30,25.69,0.0,0.0,0
0000001_07999_d_0000012.jpg,12,30,18.97,0.0,0.0,0
0000001_07999_d_0000012.jpg,7,22,12.41,0.4653,0.5262,0
0000001_07999_d_0000012.jpg,13,36,21.63,0.8016,0.575,1
0000001_07999_d_0000012.jpg,13,37,21.93,0.7737,0.4726,1
0000001_07999_d_0000012.jpg,15,38,23.87,0.0,0.0,0
0000001_07999_d_0000012.jpg,13,38,22.23,0.0195,0.175,0
0000001_07999_d_0000012.jpg,14,34,21.82,0.0,0.0,0
0000001_07999_d_0000012.jpg,18,46,28.77,0.8018,0.8122,1
0000001_07999_d_0000012.jpg,13,38,22.23,0.0,0.0,0
0000001_07999_d_0000012.jpg,11,44,22.0,0.0,0.0,0
0000001_07999_d_0000012.jpg,10,41,20.25,0.0,0.0,0
0000001_07999_d_0000012.jpg,14,41,23.96,0.7714,0.2586,1
0000001_07999_d_0000012.jpg,11,26,16.91,0.0,0.0,0
0000001_07999_d_0000012.jpg,12,20,15.49,0.0,0.0,0
0000001_07999_d_0000012.jpg,14,26,19.08,0.0,0.0,0
0000001_07999_d_0000012.jpg,17,30,22.58,0.0,0.0,0
0000001_07999_d_0000012.jpg,14,32,21.17,0.0,0.0,0
0000001_07999_d_0000012.jpg,13,29,19.42,0.0,0.0,0
0000001_07999_d_0000012.jpg,14,19,16.31,0.0,0.0,0
0000001_07999_d_0000012.jpg,11,17,13.67,0.0,0.0,0
0000001_07999_d_0000012.jpg,12,25,17.32,0.0,0.0,0
0000001_07999_d_0000012.jpg,15,28,20.49,0.0,0.0,0
0000001_07999_d_0000012.jpg,13,33,20.71,0.0,0.0,0
0000001_07999_d_0000012.jpg,20,43,29.33,0.9263,0.3158,1
0000001_07999_d_0000012.jpg,15,40,24.49,0.1299,0.1887,0
0000001_07999_d_0000012.jpg,10,27,16.43,0.7832,0.524,1
0000001_07999_d_0000012.jpg,8,25,14.14,0.7087,0.3145,1
0000001_07999_d_0000012.jpg,7,20,11.83,0.0945,0.2873,0
0000001_07999_d_0000012.jpg,11,31,18.47,0.1358,0.2662,0
0000001_07999_d_0000012.jpg,10,29,17.03,0.0,0.0,0
0000001_07999_d_0000012.jpg,9,30,16.43,0.6696,0.3997,1
0000001_07999_d_0000012.jpg,13,34,21.02,0.0,0.0,0
0000001_07999_d_0000012.jpg,13,18,15.3,0.7755,0.3537,1
0000001_07999_d_0000012.jpg,9,20,13.42,0.0878,0.3247,0
0000001_07999_d_0000012.jpg,8,19,12.33,0.0,0.0,0
0000001_07999_d_0000012.jpg,5,19,9.75,0.0,0.0,0
0000001_07999_d_0000012.jpg,9,21,13.75,0.1977,0.5668,0
0000001_07999_d_0000012.jpg,7,19,11.53,0.0,0.0,0
0000001_07999_d_0000012.jpg,13,23,17.29,0.0,0.0,0
0000001_07999_d_0000012.jpg,10,15,12.25,0.0,0.0,0
0000001_07999_d_0000012.jpg,8,18,12.0,0.0,0.0,0
0000001_07999_d_0000012.jpg,8,15,10.95,0.0,0.0,0
0000001_07999_d_0000012.jpg,9,26,15.3,0.0,0.0,0
0000001_07999_d_0000012.jpg,8,27,14.7,0.0,0.0,0
0000001_07999_d_0000012.jpg,9,29,16.16,0.0,0.0,0
0000001_07999_d_0000012.jpg,6,32,13.86,0.0,0.0,0
0000001_07999_d_0000012.jpg,11,23,15.91,0.0,0.0,0
0000001_07999_d_0000012.jpg,9,25,15.0,0.0,0.0,0
0000001_07999_d_0000012.jpg,26,37,31.02,0.8052,0.196,1
0000001_07999_d_0000012.jpg,22,30,25.69,0.0,0.0,0
0000001_07999_d_0000012.jpg,27,34,30.3,0.0,0.0,0
0000001_07999_d_0000012.jpg,14,28,19.8,0.0,0.0,0
0000001_07999_d_0000012.jpg,25,37,30.41,0.7096,0.2805,1
0000001_07999_d_0000012.jpg,30,39,34.21,0.3813,0.2353,0
0000001_07999_d_0000012.jpg,16,56,29.93,0.5981,0.559,1
0000001_07999_d_0000012.jpg,15,41,24.8,0.7355,0.3889,1
0000001_07999_d_0000012.jpg,14,32,21.17,0.6999,0.2872,1
0000001_07999_d_0000012.jpg,23,50,33.91,0.8944,0.2064,1
0000001_07999_d_0000012.jpg,23,49,33.57,0.0,0.0,0
0000001_07999_d_0000012.jpg,17,48,28.57,0.5784,0.4173,1
0000001_07999_d_0000012.jpg,19,52,31.43,0.4386,0.6683,0
0000001_07999_d_0000012.jpg,16,51,28.57,0.7617,0.3758,1
0000001_07999_d_0000012.jpg,19,54,32.03,0.4784,0.2269,0
0000001_07999_d_0000012.jpg,25,46,33.91,0.8722,0.8212,1
0000001_08414_d_0000013.jpg,50,48,48.99,0.8636,0.1517,1
0000001_08414_d_0000013.jpg,29,58,41.01,0.8064,0.2164,1
0000001_08414_d_0000013.jpg,25,39,31.22,0.8581,0.2951,1
0000001_08414_d_0000013.jpg,24,46,33.23,0.9038,0.2189,1
0000001_08414_d_0000013.jpg,25,50,35.36,0.6128,0.2867,1
0000001_08414_d_0000013.jpg,28,49,37.04,0.8913,0.6783,1
0000001_08414_d_0000013.jpg,23,62,37.76,0.0,0.0,0
0000001_08414_d_0000013.jpg,25,33,28.72,0.0,0.0,0
0000001_08414_d_0000013.jpg,19,47,29.88,0.6004,0.2073,1
0000001_08414_d_0000013.jpg,21,50,32.4,0.8441,0.6544,1
0000001_08414_d_0000013.jpg,16,32,22.63,0.0,0.0,0
0000001_08414_d_0000013.jpg,25,45,33.54,0.7159,0.546,1
0000001_08414_d_0000013.jpg,27,50,36.74,0.9651,0.4618,1
0000001_08414_d_0000013.jpg,26,48,35.33,0.8687,0.6173,1
0000001_08414_d_0000013.jpg,23,49,33.57,0.8995,0.6209,1
0000001_08414_d_0000013.jpg,25,51,35.71,0.6756,0.5903,1
0000001_08414_d_0000013.jpg,25,34,29.15,0.0,0.0,0
0000001_08414_d_0000013.jpg,19,37,26.51,0.4897,0.4119,0
0000001_08414_d_0000013.jpg,22,40,29.66,0.6862,0.4573,1
0000001_08414_d_0000013.jpg,28,44,35.1,0.7246,0.6039,1
0000001_08414_d_0000013.jpg,21,31,25.51,0.8018,0.6074,1
0000001_08414_d_0000013.jpg,23,38,29.56,0.7231,0.4516,1
0000001_08414_d_0000013.jpg,16,49,28.0,0.0,0.0,0
0000001_08414_d_0000013.jpg,17,33,23.69,0.3947,0.4314,0
0000001_08414_d_0000013.jpg,20,35,26.46,0.5739,0.2632,1
0000001_08414_d_0000013.jpg,25,37,30.41,0.6828,0.3128,1
0000001_08414_d_0000013.jpg,16,30,21.91,0.5142,0.1523,1
0000001_08414_d_0000013.jpg,21,40,28.98,0.8381,0.3985,1
0000001_08414_d_0000013.jpg,12,26,17.66,0.5334,0.25,1
0000001_08414_d_0000013.jpg,19,34,25.42,0.4419,0.2456,0
0000001_08414_d_0000013.jpg,17,22,19.34,0.7369,0.3148,1
0000001_08414_d_0000013.jpg,18,30,23.24,0.3626,0.5837,0
0000001_08414_d_0000013.jpg,17,32,23.32,0.7245,0.1859,1
0000001_08414_d_0000013.jpg,18,30,23.24,0.4927,0.1747,0
0000001_08414_d_0000013.jpg,16,25,20.0,0.7031,0.3366,1
0000001_08414_d_0000013.jpg,15,29,20.86,0.6782,0.3123,1
0000001_08414_d_0000013.jpg,16,32,22.63,0.3163,0.4111,0
0000001_08414_d_0000013.jpg,16,26,20.4,0.5364,0.1532,1
0000001_08414_d_0000013.jpg,16,29,21.54,0.0,0.0,0
0000001_08414_d_0000013.jpg,18,30,23.24,0.5782,0.1594,1
0000001_08414_d_0000013.jpg,16,29,21.54,0.0,0.0,0
0000001_08414_d_0000013.jpg,16,33,22.98,0.0,0.0,0
0000001_08414_d_0000013.jpg,19,31,24.27,0.0,0.0,0
0000001_08414_d_0000013.jpg,17,39,25.75,0.6444,0.5962,1
0000001_08414_d_0000013.jpg,21,33,26.32,0.3907,0.1782,0
0000001_08414_d_0000013.jpg,15,33,22.25,0.8031,0.3384,1
0000001_08414_d_0000013.jpg,16,28,21.17,0.4065,0.1874,0
0000001_08414_d_0000013.jpg,10,25,15.81,0.0,0.0,0
0000001_08414_d_0000013.jpg,10,18,13.42,0.0,0.0,0
0000001_08414_d_0000013.jpg,16,39,24.98,0.0,0.0,0
0000001_08414_d_0000013.jpg,18,34,24.74,0.7001,0.2301,1
0000001_08414_d_0000013.jpg,19,25,21.79,0.0,0.0,0
0000001_08414_d_0000013.jpg,15,26,19.75,0.0,0.0,0
0000001_08414_d_0000013.jpg,17,20,18.44,0.0,0.0,0
0000001_08414_d_0000013.jpg,11,18,14.07,0.6424,0.1712,1
0000001_08414_d_0000013.jpg,11,25,16.58,0.7314,0.1644,1
0000001_08414_d_0000013.jpg,10,22,14.83,0.3901,0.1829,0
0000001_08414_d_0000013.jpg,15,28,20.49,0.0,0.0,0
0000001_08414_d_0000013.jpg,16,23,19.18,0.7288,0.1608,1
0000001_08414_d_0000013.jpg,11,27,17.23,0.0,0.0,0
0000001_08414_d_0000013.jpg,16,34,23.32,0.8254,0.5693,1
0000001_08414_d_0000013.jpg,14,36,22.45,0.7209,0.5882,1
0000001_08414_d_0000013.jpg,11,34,19.34,0.0,0.0,0
0000001_08414_d_0000013.jpg,12,29,18.65,0.3579,0.3232,0
0000001_08414_d_0000013.jpg,14,33,21.49,0.6753,0.1667,1
0000001_08414_d_0000013.jpg,12,34,20.2,0.8078,0.247,1
0000001_08414_d_0000013.jpg,11,30,18.17,0.0,0.0,0
0000001_08414_d_0000013.jpg,15,26,19.75,0.1171,0.1951,0
0000001_08414_d_0000013.jpg,13,28,19.08,0.0,0.0,0
0000001_08414_d_0000013.jpg,19,27,22.65,0.0,0.0,0
0000001_08414_d_0000013.jpg,19,35,25.79,0.8351,0.5263,1
0000001_08414_d_0000013.jpg,17,35,24.39,0.8138,0.4476,1
0000001_08414_d_0000013.jpg,17,35,24.39,0.0151,0.2253,0
0000001_08414_d_0000013.jpg,13,29,19.42,0.1574,0.2629,0
0000001_08414_d_0000013.jpg,16,36,24.0,0.7054,0.5355,1
0000001_08414_d_0000013.jpg,16,32,22.63,0.7508,0.2858,1
0000001_08414_d_0000013.jpg,13,39,22.52,0.7545,0.6021,1
0000001_08414_d_0000013.jpg,19,34,25.42,0.0,0.0,0
0000001_08414_d_0000013.jpg,13,30,19.75,0.0,0.0,0
0000001_08414_d_0000013.jpg,21,40,28.98,0.0,0.0,0
0000001_08414_d_0000013.jpg,20,37,27.2,0.0,0.0,0
0000001_08414_d_0000013.jpg,9,25,15.0,0.7323,0.1568,1
0000001_08414_d_0000013.jpg,15,26,19.75,0.0,0.0,0
0000001_08414_d_0000013.jpg,11,21,15.2,0.0,0.0,0
0000001_08414_d_0000013.jpg,11,25,16.58,0.0,0.0,0
0000001_08414_d_0000013.jpg,11,31,18.47,0.7306,0.6933,1
0000001_08414_d_0000013.jpg,8,22,13.27,0.4221,0.6525,0
0000021_00000_d_0000001.jpg,5,11,7.42,0.0,0.0,0
0000021_00000_d_0000001.jpg,4,13,7.21,0.0,0.0,0
0000021_00000_d_0000001.jpg,5,14,8.37,0.0,0.0,0
0000021_00000_d_0000001.jpg,4,8,5.66,0.1884,0.2042,0
0000021_00000_d_0000001.jpg,4,5,4.47,0.1342,0.2091,0
0000021_00000_d_0000001.jpg,6,9,7.35,0.1948,0.1965,0
0000021_00000_d_0000001.jpg,15,63,30.74,0.7623,0.7005,1
0000021_00000_d_0000001.jpg,19,66,35.41,0.7889,0.761,1
0000021_00000_d_0000001.jpg,18,33,24.37,0.6384,0.6296,1
0000021_00000_d_0000001.jpg,62,118,85.53,0.9669,0.8998,1
0000021_00000_d_0000001.jpg,42,65,52.25,0.9005,0.4588,1
0000021_00000_d_0000001.jpg,8,14,10.58,0.0,0.0,0
0000021_00000_d_0000001.jpg,8,8,8.0,0.0,0.0,0
0000021_00000_d_0000001.jpg,8,12,9.8,0.0,0.0,0
0000021_00000_d_0000001.jpg,5,12,7.75,0.0,0.0,0
0000021_00000_d_0000001.jpg,5,13,8.06,0.0,0.0,0
0000021_00000_d_0000001.jpg,5,12,7.75,0.0,0.0,0
0000021_00000_d_0000001.jpg,6,12,8.49,0.0,0.0,0
0000021_00000_d_0000001.jpg,5,12,7.75,0.0,0.0,0
0000021_00000_d_0000001.jpg,5,6,5.48,0.0,0.0,0
0000021_00000_d_0000001.jpg,5,6,5.48,0.0,0.0,0
0000021_00500_d_0000002.jpg,14,50,26.46,0.852,0.7415,1
0000021_00500_d_0000002.jpg,16,51,28.57,0.9447,0.8413,1
0000021_00500_d_0000002.jpg,9,13,10.82,0.0,0.0,0
0000021_00500_d_0000002.jpg,7,15,10.25,0.0,0.0,0
0000021_00500_d_0000002.jpg,7,17,10.91,0.0,0.0,0
0000021_00500_d_0000002.jpg,6,15,9.49,0.0,0.0,0
0000021_00500_d_0000002.jpg,9,20,13.42,0.6419,0.1883,1
0000021_00500_d_0000002.jpg,8,22,13.27,0.7586,0.5127,1
0000021_00500_d_0000002.jpg,4,10,6.32,0.0685,0.2587,0
0000021_00500_d_0000002.jpg,7,9,7.94,0.4297,0.414,0
0000021_00800_d_0000003.jpg,12,49,24.25,0.7402,0.4715,1
0000021_00800_d_0000003.jpg,13,46,24.45,0.8905,0.2829,1
0000021_00800_d_0000003.jpg,10,10,10.0,0.0,0.0,0
0000021_00800_d_0000003.jpg,9,29,16.16,0.0,0.0,0
0000022_00000_d_0000004.jpg,11,18,14.07,0.0,0.0,0
0000022_00000_d_0000004.jpg,27,28,27.5,0.9173,0.5995,1
0000022_00000_d_0000004.jpg,25,56,37.42,0.8498,0.5219,1
0000022_00000_d_0000004.jpg,33,70,48.06,0.8125,0.6972,1
0000022_00000_d_0000004.jpg,35,69,49.14,0.5133,0.6318,1
0000022_00000_d_0000004.jpg,26,60,39.5,0.8261,0.5662,1
0000022_00000_d_0000004.jpg,33,38,35.41,0.4586,0.5332,0
0000022_00000_d_0000004.jpg,24,28,25.92,0.2619,0.5922,0
0000022_00000_d_0000004.jpg,18,36,25.46,0.6498,0.5918,1
0000022_00000_d_0000004.jpg,23,47,32.88,0.8456,0.7395,1
0000022_00000_d_0000004.jpg,16,37,24.33,0.6361,0.2111,1
0000022_00000_d_0000004.jpg,9,26,15.3,0.0655,0.3967,0
0000022_00000_d_0000004.jpg,15,24,18.97,0.5081,0.4298,1
0000022_00000_d_0000004.jpg,13,27,18.73,0.628,0.5301,1
0000022_00000_d_0000004.jpg,13,24,17.66,0.472,0.3144,0
0000022_00000_d_0000004.jpg,11,34,19.34,0.6757,0.3614,1
0000022_00000_d_0000004.jpg,11,29,17.86,0.3664,0.3569,0
0000022_00000_d_0000004.jpg,13,31,20.07,0.8866,0.7209,1
0000022_00000_d_0000004.jpg,11,19,14.46,0.5638,0.4403,1
0000022_00000_d_0000004.jpg,11,21,15.2,0.6578,0.2755,1
0000022_00000_d_0000004.jpg,9,15,11.62,0.1932,0.3499,0
0000022_00000_d_0000004.jpg,10,24,15.49,0.7877,0.4837,1
0000022_00000_d_0000004.jpg,12,27,18.0,0.6789,0.4764,1
0000022_00000_d_0000004.jpg,11,25,16.58,0.4531,0.4296,0
0000022_00000_d_0000004.jpg,11,25,16.58,0.0,0.0,0
0000022_00000_d_0000004.jpg,12,26,17.66,0.5613,0.2119,1
0000022_00000_d_0000004.jpg,7,21,12.12,0.0572,0.3083,0
0000022_00000_d_0000004.jpg,8,24,13.86,0.0,0.0,0
0000022_00000_d_0000004.jpg,9,22,14.07,0.4665,0.2237,0
0000022_00000_d_0000004.jpg,7,21,12.12,0.3563,0.1573,0
0000022_00000_d_0000004.jpg,8,16,11.31,0.0,0.0,0
0000022_00000_d_0000004.jpg,9,16,12.0,0.0,0.0,0
0000022_00000_d_0000004.jpg,5,8,6.32,0.0,0.0,0
0000022_00500_d_0000005.jpg,41,117,69.26,0.9224,0.8804,1
0000022_00500_d_0000005.jpg,14,45,25.1,0.7938,0.5251,1
0000022_00500_d_0000005.jpg,11,32,18.76,0.9051,0.6039,1
0000022_00500_d_0000005.jpg,20,64,35.78,0.7955,0.6813,1
0000022_00500_d_0000005.jpg,9,45,20.12,0.5923,0.252,1
0000022_00500_d_0000005.jpg,11,34,19.34,0.4548,0.1833,0
0000022_00500_d_0000005.jpg,8,23,13.56,0.5876,0.2104,1
0000022_00500_d_0000005.jpg,6,21,11.22,0.0,0.0,0
0000022_00500_d_0000005.jpg,6,18,10.39,0.355,0.2401,0
0000022_00500_d_0000005.jpg,17,20,18.44,0.0,0.0,0
0000022_00500_d_0000005.jpg,3,17,7.14,0.3292,0.3753,0
0000022_00500_d_0000005.jpg,6,18,10.39,0.6248,0.1894,1
0000022_00500_d_0000005.jpg,9,32,16.97,0.0572,0.2905,0
0000022_00500_d_0000005.jpg,9,32,16.97,0.3192,0.1921,0
0000022_00500_d_0000005.jpg,10,33,18.17,0.0,0.0,0
0000022_00500_d_0000005.jpg,15,47,26.55,0.8594,0.5321,1
0000022_00500_d_0000005.jpg,23,44,31.81,0.8812,0.3918,1
0000022_00500_d_0000005.jpg,24,62,38.57,0.8744,0.5487,1
0000022_00500_d_0000005.jpg,20,16,17.89,0.0,0.0,0
0000022_00500_d_0000005.jpg,26,52,36.77,0.8797,0.4443,1
0000022_00500_d_0000005.jpg,38,77,54.09,0.6613,0.2532,1
0000022_00500_d_0000005.jpg,30,63,43.47,0.8634,0.6041,1
0000022_00500_d_0000005.jpg,17,43,27.04,0.049,0.4608,0
0000022_00500_d_0000005.jpg,24,43,32.12,0.8726,0.1503,1
0000022_00500_d_0000005.jpg,20,42,28.98,0.9369,0.5431,1
0000022_01036_d_0000006.jpg,22,49,32.83,0.7127,0.4919,1
0000022_01036_d_0000006.jpg,20,53,32.56,0.6881,0.7461,1
0000022_01036_d_0000006.jpg,26,48,35.33,0.5451,0.7053,1
0000022_01036_d_0000006.jpg,23,47,32.88,0.7476,0.2772,1
0000022_01036_d_0000006.jpg,12,48,24.0,0.4276,0.4737,0
0000022_01036_d_0000006.jpg,10,40,20.0,0.5434,0.2283,1
0000022_01036_d_0000006.jpg,21,37,27.87,0.6088,0.2794,1
0000022_01036_d_0000006.jpg,15,35,22.91,0.4069,0.3313,0
0000022_01036_d_0000006.jpg,24,52,35.33,0.7609,0.2989,1
0000022_01036_d_0000006.jpg,30,49,38.34,0.3114,0.4261,0
0000022_01036_d_0000006.jpg,21,51,32.73,0.7268,0.1858,1
0000022_01036_d_0000006.jpg,33,57,43.37,0.7015,0.673,1
0000022_01036_d_0000006.jpg,26,53,37.12,0.5528,0.6891,1
0000022_01251_d_0000007.jpg,45,88,62.93,0.8401,0.6946,1
0000022_01251_d_0000007.jpg,30,38,33.76,0.2547,0.7319,0
0000022_01251_d_0000007.jpg,36,64,48.0,0.5477,0.2935,1
0000022_01251_d_0000007.jpg,43,69,54.47,0.7803,0.2644,1
0000022_01251_d_0000007.jpg,23,57,36.21,0.6892,0.3648,1
0000022_01251_d_0000007.jpg,51,89,67.37,0.6731,0.6634,1
0000022_01251_d_0000007.jpg,33,91,54.8,0.9448,0.7994,1
0000022_01251_d_0000007.jpg,30,51,39.12,0.6451,0.2852,1
0000022_01251_d_0000007.jpg,29,54,39.57,0.8332,0.3282,1
0000022_01251_d_0000007.jpg,42,88,60.79,0.7303,0.6371,1
0000023_00000_d_0000008.jpg,23,59,36.84,0.8916,0.5394,1
0000023_00000_d_0000008.jpg,33,69,47.72,0.8172,0.6972,1
0000023_00000_d_0000008.jpg,35,66,48.06,0.6145,0.1788,1
0000023_00000_d_0000008.jpg,26,61,39.82,0.9506,0.5802,1
0000023_00000_d_0000008.jpg,18,36,25.46,0.7208,0.6241,1
0000023_00000_d_0000008.jpg,22,42,30.4,0.7958,0.5833,1
0000023_00000_d_0000008.jpg,13,31,20.07,0.8866,0.7209,1
0000023_00000_d_0000008.jpg,9,28,15.87,0.3314,0.2542,0
0000023_00000_d_0000008.jpg,7,27,13.75,0.3908,0.2754,0
0000023_00000_d_0000008.jpg,10,19,13.78,0.6744,0.4112,1
0000023_00000_d_0000008.jpg,12,20,15.49,0.5237,0.3717,1
0000023_00000_d_0000008.jpg,9,24,14.7,0.7043,0.4494,1
0000023_00000_d_0000008.jpg,7,15,10.25,0.088,0.2473,0
0000023_00000_d_0000008.jpg,7,26,13.49,0.3563,0.4055,0
0000023_00000_d_0000008.jpg,9,24,14.7,0.546,0.4237,1
0000023_00000_d_0000008.jpg,8,23,13.56,0.0,0.0,0
0000023_00000_d_0000008.jpg,11,26,16.91,0.5137,0.2119,1
0000023_00000_d_0000008.jpg,5,9,6.71,0.0,0.0,0
0000023_00000_d_0000008.jpg,6,20,10.95,0.0,0.0,0
0000023_00000_d_0000008.jpg,7,21,12.12,0.0,0.0,0
0000023_00000_d_0000008.jpg,6,16,9.8,0.0,0.0,0
0000023_00000_d_0000008.jpg,8,18,12.0,0.0472,0.3372,0
0000023_00000_d_0000008.jpg,6,8,6.93,0.0,0.0,0
0000023_00000_d_0000008.jpg,16,35,23.66,0.6289,0.2111,1
0000023_00000_d_0000008.jpg,7,24,12.96,0.2926,0.2132,0
0000023_00000_d_0000008.jpg,14,25,18.71,0.7158,0.2085,1
0000023_00000_d_0000008.jpg,12,27,18.0,0.5997,0.5631,1
0000023_00000_d_0000008.jpg,8,23,13.56,0.4213,0.2739,0
0000023_00000_d_0000008.jpg,10,20,14.14,0.0,0.0,0
0000023_00300_d_0000009.jpg,31,55,41.29,0.735,0.5295,1
0000023_00300_d_0000009.jpg,26,39,31.84,0.6216,0.3052,1
0000023_00300_d_0000009.jpg,22,42,30.4,0.7341,0.3617,1
0000023_00300_d_0000009.jpg,23,36,28.77,0.0194,0.2828,0
0000023_00300_d_0000009.jpg,20,29,24.08,0.5161,0.2581,1
0000023_00300_d_0000009.jpg,18,22,19.9,0.0554,0.1591,0
0000023_00300_d_0000009.jpg,17,38,25.42,0.6775,0.7406,1
0000023_00300_d_0000009.jpg,17,38,25.42,0.6134,0.4796,1
0000023_00300_d_0000009.jpg,12,28,18.33,0.2796,0.4395,0
0000023_00300_d_0000009.jpg,9,32,16.97,0.8105,0.4664,1
0000023_00300_d_0000009.jpg,12,31,19.29,0.7836,0.4312,1
0000023_00300_d_0000009.jpg,11,31,18.47,0.6608,0.2014,1
0000023_00300_d_0000009.jpg,12,31,19.29,0.0845,0.2382,0
0000023_00300_d_0000009.jpg,12,28,18.33,0.4832,0.4365,0
0000023_00300_d_0000009.jpg,12,24,16.97,0.1464,0.2027,0
0000023_00300_d_0000009.jpg,12,24,16.97,0.0993,0.1999,0
0000023_00300_d_0000009.jpg,9,13,10.82,0.0,0.0,0
0000023_00300_d_0000009.jpg,10,15,12.25,0.0,0.0,0
0000023_00300_d_0000009.jpg,11,14,12.41,0.4546,0.4741,0
0000023_00300_d_0000009.jpg,11,19,14.46,0.8429,0.3494,1
0000023_00300_d_0000009.jpg,19,13,15.72,0.0,0.0,0
0000023_00868_d_0000010.jpg,59,88,72.06,0.8444,0.6731,1
0000023_00868_d_0000010.jpg,41,48,44.36,0.2934,0.623,0
0000023_00868_d_0000010.jpg,45,90,63.64,0.5897,0.2194,1
0000023_00868_d_0000010.jpg,23,72,40.69,0.7492,0.2955,1
0000023_00868_d_0000010.jpg,28,67,43.31,0.5632,0.4715,1
0000023_00868_d_0000010.jpg,36,60,46.48,0.5268,0.2276,1
0000023_00868_d_0000010.jpg,35,82,53.57,0.6304,0.5285,1
0000023_00868_d_0000010.jpg,27,89,49.02,0.8718,0.4428,1
0000023_00868_d_0000010.jpg,23,61,37.46,0.9778,0.8686,1
0000023_00868_d_0000010.jpg,23,61,37.46,0.9178,0.814,1
0000023_00868_d_0000010.jpg,19,60,33.76,0.8995,0.829,1
0000023_00868_d_0000010.jpg,14,47,25.65,0.8599,0.8008,1
0000023_00868_d_0000010.jpg,14,47,25.65,0.6838,0.7539,1
0000023_00868_d_0000010.jpg,11,25,16.58,0.0816,0.7686,0
0000023_00868_d_0000010.jpg,15,21,17.75,0.7174,0.1992,1
0000023_01233_d_0000011.jpg,51,104,72.83,0.7917,0.8432,1
0000023_01233_d_0000011.jpg,64,115,85.79,0.8065,0.8596,1
0000023_01233_d_0000011.jpg,29,53,39.2,0.7497,0.3141,1
0000023_01233_d_0000011.jpg,27,50,36.74,0.7719,0.3379,1
0000023_01233_d_0000011.jpg,49,92,67.14,0.9182,0.7439,1
0000023_01233_d_0000011.jpg,51,91,68.12,0.6028,0.7911,1
0000023_01233_d_0000011.jpg,49,92,67.14,0.897,0.7641,1
0000023_01233_d_0000011.jpg,47,88,64.31,0.9448,0.8278,1
0000023_01233_d_0000011.jpg,28,42,34.29,0.2827,0.7496,0
0000023_01233_d_0000011.jpg,32,64,45.25,0.4168,0.6203,0
0000023_01233_d_0000011.jpg,40,69,52.54,0.7538,0.3234,1
0000023_01233_d_0000011.jpg,30,61,42.78,0.439,0.1803,0
0000024_00000_d_0000012.jpg,29,52,38.83,0.893,0.3581,1
0000024_00000_d_0000012.jpg,29,54,39.57,0.8066,0.3773,1
0000024_00000_d_0000012.jpg,31,51,39.76,0.4432,0.2433,0
0000024_00000_d_0000012.jpg,30,51,39.12,0.7937,0.4339,1
0000024_00000_d_0000012.jpg,23,50,33.91,0.5014,0.332,1
0000024_00000_d_0000012.jpg,31,56,41.67,0.6195,0.4586,1
0000024_00000_d_0000012.jpg,18,57,32.03,0.8851,0.5871,1
0000024_00000_d_0000012.jpg,17,58,31.4,0.5544,0.6788,1
0000024_00000_d_0000012.jpg,23,50,33.91,0.44,0.679,0
0000024_00000_d_0000012.jpg,18,36,25.46,0.475,0.2835,0
0000024_00000_d_0000012.jpg,22,57,35.41,0.7689,0.6861,1
0000024_00000_d_0000012.jpg,14,30,20.49,0.6305,0.2228,1
0000024_00000_d_0000012.jpg,14,19,16.31,0.2136,0.1844,0
0000024_00000_d_0000012.jpg,16,20,17.89,0.5683,0.3379,1
0000024_00000_d_0000012.jpg,12,22,16.25,0.5937,0.5119,1
0000024_00500_d_0000013.jpg,34,90,55.32,0.8077,0.6611,1
0000024_00500_d_0000013.jpg,30,87,51.09,0.6445,0.5971,1
0000024_00500_d_0000013.jpg,37,90,57.71,0.4739,0.5955,0
0000024_00500_d_0000013.jpg,27,46,35.24,0.8256,0.5497,1
0000024_00500_d_0000013.jpg,26,43,33.44,0.1603,0.7,0
0000024_00500_d_0000013.jpg,30,44,36.33,0.518,0.493,1
0000024_00500_d_0000013.jpg,17,32,23.32,0.0,0.0,0
0000024_01000_d_0000014.jpg,4,9,6.0,0.0,0.0,0
0000024_01000_d_0000014.jpg,4,6,4.9,0.0,0.0,0
0000024_01000_d_0000014.jpg,16,51,28.57,0.7152,0.5814,1
0000024_01000_d_0000014.jpg,18,52,30.59,0.8598,0.8944,1
0000024_01000_d_0000014.jpg,16,49,28.0,0.6218,0.702,1
0000024_01000_d_0000014.jpg,12,33,19.9,0.0819,0.3738,0
0000024_01000_d_0000014.jpg,7,30,14.49,0.0,0.0,0
0000024_01000_d_0000014.jpg,8,31,15.75,0.4534,0.4944,0
0000024_01000_d_0000014.jpg,8,12,9.8,0.0,0.0,0
0000024_01000_d_0000014.jpg,14,10,11.83,0.0,0.0,0
0000024_01543_d_0000015.jpg,21,75,39.69,0.7228,0.7987,1
0000024_01543_d_0000015.jpg,18,54,31.18,0.5696,0.5991,1
0000024_01543_d_0000015.jpg,21,59,35.2,0.6504,0.724,1
0000024_01543_d_0000015.jpg,20,69,37.15,0.5252,0.7277,1
0000024_01543_d_0000015.jpg,25,68,41.23,0.5723,0.6431,1
0000024_01543_d_0000015.jpg,24,67,40.1,0.5792,0.7481,1
0000024_01543_d_0000015.jpg,32,63,44.9,0.7212,0.4361,1
0000026_00000_d_0000024.jpg,36,33,34.47,0.83,0.2451,1
0000026_00500_d_0000025.jpg,34,55,43.24,0.0,0.0,0
0000026_00500_d_0000025.jpg,27,51,37.11,0.0,0.0,0
0000026_00500_d_0000025.jpg,36,40,37.95,0.0,0.0,0
0000026_00500_d_0000025.jpg,31,38,34.32,0.485,0.1546,0
0000026_00500_d_0000025.jpg,22,40,29.66,0.0,0.0,0
0000026_01000_d_0000026.jpg,37,22,28.53,0.0,0.0,0
0000026_01000_d_0000026.jpg,19,42,28.25,0.0,0.0,0
0000026_01500_d_0000027.jpg,24,49,34.29,0.7334,0.4705,1
0000026_02500_d_0000029.jpg,41,46,43.43,0.8731,0.6848,1
0000026_02500_d_0000029.jpg,32,44,37.52,0.908,0.8065,1
0000026_02500_d_0000029.jpg,22,46,31.81,0.7413,0.5405,1
0000026_02500_d_0000029.jpg,23,46,32.53,0.6744,0.672,1
0000026_02500_d_0000029.jpg,19,39,27.22,0.8927,0.6018,1
0000026_02500_d_0000029.jpg,16,40,25.3,0.8501,0.6435,1
0000026_02500_d_0000029.jpg,14,33,21.49,0.5553,0.6769,1
0000026_02500_d_0000029.jpg,15,44,25.69,0.8754,0.5781,1
0000026_02500_d_0000029.jpg,19,40,27.57,0.7155,0.5759,1
0000026_02500_d_0000029.jpg,15,32,21.91,0.7209,0.458,1
0000026_02500_d_0000029.jpg,20,28,23.66,0.1896,0.2343,0
0000026_02500_d_0000029.jpg,23,24,23.49,0.1631,0.4549,0
0000026_03500_d_0000031.jpg,28,49,37.04,0.7534,0.6576,1
0000026_03500_d_0000031.jpg,27,37,31.61,0.0,0.0,0
0000026_04500_d_0000033.jpg,8,21,12.96,0.0,0.0,0
0000026_04500_d_0000033.jpg,7,20,11.83,0.0,0.0,0
0000026_04500_d_0000033.jpg,13,22,16.91,0.6107,0.5459,1
0000026_04978_d_0000034.jpg,9,26,15.3,0.0,0.0,0
0000026_04978_d_0000034.jpg,16,25,20.0,0.0,0.0,0
0000026_04978_d_0000034.jpg,13,17,14.87,0.0,0.0,0
0000026_04978_d_0000034.jpg,12,19,15.1,0.0,0.0,0
0000026_04978_d_0000034.jpg,10,24,15.49,0.0,0.0,0
0000026_04978_d_0000034.jpg,10,20,14.14,0.0,0.0,0
0000026_04978_d_0000034.jpg,13,24,17.66,0.0,0.0,0
0000026_04978_d_0000034.jpg,8,30,15.49,0.0,0.0,0
0000069_00001_d_0000001.jpg,71,172,110.51,0.8904,0.9052,1
0000069_00001_d_0000001.jpg,58,81,68.54,0.6623,0.765,1
0000069_00001_d_0000001.jpg,50,126,79.37,0.8878,0.8462,1
0000069_00001_d_0000001.jpg,43,172,86.0,0.8371,0.85,1
0000069_00001_d_0000001.jpg,39,135,72.56,0.6024,0.8525,1
0000069_00001_d_0000001.jpg,50,75,61.24,0.4362,0.3754,0
0000069_00001_d_0000001.jpg,45,138,78.8,0.8581,0.8838,1
0000069_00001_d_0000001.jpg,47,126,76.95,0.8704,0.8785,1
0000069_00001_d_0000001.jpg,74,159,108.47,0.9206,0.8643,1
0000069_00001_d_0000001.jpg,71,132,96.81,0.9295,0.9038,1
0000069_00001_d_0000001.jpg,32,70,47.33,0.8678,0.7022,1
0000069_00001_d_0000001.jpg,60,106,79.75,0.8895,0.8741,1
0000069_00001_d_0000001.jpg,30,55,40.62,0.2362,0.7448,0
0000069_00001_d_0000001.jpg,33,106,59.14,0.9172,0.7196,1
0000069_00001_d_0000001.jpg,26,76,44.45,0.9124,0.8226,1
0000069_00001_d_0000001.jpg,29,77,47.25,0.8186,0.8003,1
0000069_00001_d_0000001.jpg,28,79,47.03,0.9377,0.8117,1
0000069_00001_d_0000001.jpg,36,61,46.86,0.8304,0.607,1
0000069_00001_d_0000001.jpg,33,63,45.6,0.8865,0.6852,1
0000069_00001_d_0000001.jpg,27,58,39.57,0.672,0.3667,1
0000069_00001_d_0000001.jpg,24,35,28.98,0.7936,0.2753,1
0000069_00001_d_0000001.jpg,20,43,29.33,0.6674,0.1893,1
0000069_00001_d_0000001.jpg,14,39,23.37,0.8815,0.6984,1
0000069_00001_d_0000001.jpg,19,40,27.57,0.7113,0.4337,1
0000069_00001_d_0000001.jpg,17,42,26.72,0.8048,0.7453,1
0000069_00483_d_0000002.jpg,55,165,95.26,0.8008,0.8142,1
0000069_00483_d_0000002.jpg,51,137,83.59,0.888,0.8567,1
0000069_00483_d_0000002.jpg,47,114,73.2,0.7771,0.7851,1
0000069_00483_d_0000002.jpg,18,60,32.86,0.8251,0.4656,1
0000069_00483_d_0000002.jpg,16,62,31.5,0.5674,0.4192,1
0000069_00483_d_0000002.jpg,18,57,32.03,0.6833,0.1923,1
0000069_00483_d_0000002.jpg,20,57,33.76,0.9245,0.3043,1
0000069_00483_d_0000002.jpg,13,58,27.46,0.7625,0.1558,1
0000069_00483_d_0000002.jpg,15,56,28.98,0.7081,0.5128,1
0000069_00483_d_0000002.jpg,21,66,37.23,0.9018,0.3671,1
0000069_00483_d_0000002.jpg,22,41,30.03,0.8044,0.2728,1
0000069_00483_d_0000002.jpg,39,69,51.87,0.7843,0.7566,1
0000069_00483_d_0000002.jpg,42,84,59.4,0.8836,0.7402,1
0000069_00483_d_0000002.jpg,17,53,30.02,0.9429,0.6678,1
0000069_00483_d_0000002.jpg,16,68,32.98,0.9015,0.7598,1
0000069_00483_d_0000002.jpg,21,60,35.5,0.828,0.7839,1
0000069_00483_d_0000002.jpg,23,52,34.58,0.8164,0.6933,1
0000069_00483_d_0000002.jpg,21,51,32.73,0.9201,0.7242,1
0000069_00483_d_0000002.jpg,28,51,37.79,0.8564,0.7706,1
0000069_00483_d_0000002.jpg,42,88,60.79,0.9227,0.8243,1
0000069_00483_d_0000002.jpg,61,161,99.1,0.9579,0.8084,1
0000069_00483_d_0000002.jpg,48,131,79.3,0.9616,0.9081,1
0000069_00483_d_0000002.jpg,66,181,109.3,0.8413,0.914,1
0000069_00483_d_0000002.jpg,69,120,90.99,0.9389,0.8103,1
0000069_00483_d_0000002.jpg,30,43,35.92,0.6253,0.2529,1
0000069_00483_d_0000002.jpg,27,41,33.27,0.5329,0.5447,1
0000069_00713_d_0000003.jpg,32,82,51.22,0.816,0.8422,1
0000069_00713_d_0000003.jpg,23,65,38.67,0.9086,0.744,1
0000069_00713_d_0000003.jpg,22,67,38.39,0.8845,0.7667,1
0000069_00713_d_0000003.jpg,21,56,34.29,0.755,0.3583,1
0000069_00713_d_0000003.jpg,21,65,36.95,0.8155,0.5959,1
0000069_00713_d_0000003.jpg,26,63,40.47,0.7555,0.712,1
0000069_00713_d_0000003.jpg,21,62,36.08,0.9362,0.7959,1
0000069_00713_d_0000003.jpg,49,100,70.0,0.853,0.8763,1
0000069_00713_d_0000003.jpg,49,114,74.74,0.9533,0.8588,1
0000069_00713_d_0000003.jpg,64,132,91.91,0.9389,0.8589,1
0000069_00713_d_0000003.jpg,86,167,119.84,0.9049,0.9289,1
0000069_00713_d_0000003.jpg,73,185,116.21,0.8474,0.8919,1
0000069_00713_d_0000003.jpg,78,173,116.16,0.8001,0.6305,1
0000069_00713_d_0000003.jpg,56,76,65.24,0.7356,0.2079,1
0000069_00713_d_0000003.jpg,54,92,70.48,0.8381,0.8023,1
0000069_00713_d_0000003.jpg,77,198,123.47,0.7852,0.8687,1
0000069_00713_d_0000003.jpg,68,178,110.02,0.7096,0.7255,1
0000069_00713_d_0000003.jpg,46,106,69.83,0.5236,0.1908,1
0000069_00713_d_0000003.jpg,76,174,115.0,0.8821,0.9104,1
0000069_00713_d_0000003.jpg,67,70,68.48,0.752,0.6952,1
0000069_00713_d_0000003.jpg,28,71,44.59,0.7356,0.3264,1
0000069_00713_d_0000003.jpg,36,66,48.74,0.8514,0.1701,1
0000069_00713_d_0000003.jpg,23,56,35.89,0.7527,0.6512,1
0000069_00713_d_0000003.jpg,27,48,36.0,0.8261,0.6843,1
0000069_00713_d_0000003.jpg,17,44,27.35,0.7035,0.2913,1
0000069_00713_d_0000003.jpg,19,48,30.2,0.5476,0.2177,1
0000069_00713_d_0000003.jpg,17,46,27.96,0.6992,0.181,1
0000069_00713_d_0000003.jpg,16,27,20.78,0.0,0.0,0
0000069_00713_d_0000003.jpg,15,35,22.91,0.0,0.0,0
0000069_00713_d_0000003.jpg,17,47,28.27,0.7953,0.5204,1
0000069_00713_d_0000003.jpg,18,42,27.5,0.8435,0.5802,1
0000069_00713_d_0000003.jpg,21,33,26.32,0.6564,0.4148,1
0000069_00713_d_0000003.jpg,15,32,21.91,0.8014,0.2142,1
0000069_00713_d_0000003.jpg,19,33,25.04,0.0216,0.2205,0
0000069_00713_d_0000003.jpg,14,28,19.8,0.0,0.0,0
0000069_00713_d_0000003.jpg,17,36,24.74,0.8362,0.1819,1
0000069_00713_d_0000003.jpg,12,38,21.35,0.0,0.0,0
0000069_00713_d_0000003.jpg,22,48,32.5,0.0091,0.2692,0
0000069_00713_d_0000003.jpg,20,31,24.9,0.0,0.0,0
0000069_00713_d_0000003.jpg,21,38,28.25,0.7485,0.1583,1
0000069_00713_d_0000003.jpg,16,28,21.17,0.0,0.0,0
0000069_00713_d_0000003.jpg,23,52,34.58,0.8968,0.5598,1
0000069_00713_d_0000003.jpg,18,36,25.46,0.0239,0.4841,0
0000069_00713_d_0000003.jpg,17,25,20.62,0.0,0.0,0
0000069_00713_d_0000003.jpg,16,21,18.33,0.0,0.0,0
0000069_01109_d_0000004.jpg,51,101,71.77,0.7391,0.8396,1
0000069_01109_d_0000004.jpg,22,77,41.16,0.754,0.6745,1
0000069_01109_d_0000004.jpg,24,82,44.36,0.8264,0.6909,1
0000069_01109_d_0000004.jpg,24,54,36.0,0.9383,0.7585,1
0000069_01109_d_0000004.jpg,27,84,47.62,0.9219,0.6446,1
0000069_01109_d_0000004.jpg,24,82,44.36,0.8921,0.674,1
0000069_01109_d_0000004.jpg,24,61,38.26,0.9132,0.7309,1
0000069_01109_d_0000004.jpg,18,73,36.25,0.6931,0.7445,1
0000069_01109_d_0000004.jpg,34,72,49.48,0.8304,0.7721,1
0000069_01109_d_0000004.jpg,28,45,35.5,0.8469,0.6808,1
0000069_01109_d_0000004.jpg,42,67,53.05,0.8055,0.7728,1
0000069_01109_d_0000004.jpg,27,67,42.53,0.6725,0.7997,1
0000069_01109_d_0000004.jpg,16,70,33.47,0.3576,0.5902,0
0000069_01109_d_0000004.jpg,15,51,27.66,0.3943,0.4896,0
0000069_01109_d_0000004.jpg,12,35,20.49,0.485,0.1785,0
0000069_01109_d_0000004.jpg,16,48,27.71,0.9126,0.5448,1
0000069_01109_d_0000004.jpg,26,50,36.06,0.6083,0.4881,1
0000069_01109_d_0000004.jpg,20,84,40.99,0.8058,0.5312,1
0000069_01109_d_0000004.jpg,41,102,64.67,0.4712,0.6643,0
0000069_01109_d_0000004.jpg,48,53,50.44,0.6771,0.4067,1
0000069_01109_d_0000004.jpg,45,40,42.43,0.7538,0.4926,1
0000069_01109_d_0000004.jpg,22,39,29.29,0.7848,0.6943,1
0000069_01109_d_0000004.jpg,24,44,32.5,0.7755,0.6882,1
0000069_01109_d_0000004.jpg,24,36,29.39,0.6239,0.6862,1
0000069_01109_d_0000004.jpg,27,57,39.23,0.0,0.0,0
0000069_01109_d_0000004.jpg,25,51,35.71,0.0,0.0,0
0000069_01878_d_0000005.jpg,107,168,134.07,0.9258,0.8807,1
0000069_01878_d_0000005.jpg,94,188,132.94,0.8024,0.8923,1
0000069_01878_d_0000005.jpg,58,148,92.65,0.8666,0.8795,1
0000069_01878_d_0000005.jpg,47,96,67.17,0.8591,0.8446,1
0000069_01878_d_0000005.jpg,62,166,101.45,0.928,0.8866,1
0000069_01878_d_0000005.jpg,42,130,73.89,0.9427,0.8655,1
0000069_01878_d_0000005.jpg,54,126,82.49,0.7938,0.6026,1
0000069_01878_d_0000005.jpg,49,125,78.26,0.8663,0.4849,1
0000069_01878_d_0000005.jpg,37,81,54.74,0.8375,0.8372,1
0000069_01878_d_0000005.jpg,26,87,47.56,0.8463,0.8517,1
0000069_01878_d_0000005.jpg,24,80,43.82,0.9139,0.8095,1
0000069_01878_d_0000005.jpg,24,89,46.22,0.7055,0.7756,1
0000069_01878_d_0000005.jpg,17,56,30.85,0.7152,0.5448,1
0000069_01878_d_0000005.jpg,21,71,38.61,0.8814,0.7116,1
0000069_01878_d_0000005.jpg,31,86,51.63,0.6979,0.8456,1
0000069_01878_d_0000005.jpg,35,82,53.57,0.749,0.8328,1
0000069_01878_d_0000005.jpg,39,86,57.91,0.7727,0.8479,1
0000069_01878_d_0000005.jpg,36,82,54.33,0.7184,0.8517,1
0000069_01878_d_0000005.jpg,27,51,37.11,0.8862,0.417,1
0000069_01878_d_0000005.jpg,35,88,55.5,0.9337,0.7784,1
0000069_01878_d_0000005.jpg,22,65,37.82,0.2042,0.2746,0
0000069_01878_d_0000005.jpg,36,99,59.7,0.8182,0.5047,1
0000069_01878_d_0000005.jpg,21,35,27.11,0.5101,0.3785,1
0000069_01878_d_0000005.jpg,21,35,27.11,0.782,0.316,1
0000069_01878_d_0000005.jpg,15,33,22.25,0.8319,0.5944,1
0000069_01878_d_0000005.jpg,14,33,21.49,0.7237,0.5228,1
0000069_01878_d_0000005.jpg,8,26,14.42,0.4598,0.5129,0
0000069_01878_d_0000005.jpg,15,29,20.86,0.7308,0.4753,1
0000069_01878_d_0000005.jpg,15,28,20.49,0.7085,0.1688,1
0000069_01878_d_0000005.jpg,17,46,27.96,0.8967,0.8042,1
0000069_01878_d_0000005.jpg,27,57,39.23,0.7211,0.7066,1
0000069_01878_d_0000005.jpg,20,58,34.06,0.5935,0.7141,1
0000069_01878_d_0000005.jpg,17,49,28.86,0.8069,0.5354,1
0000069_01878_d_0000005.jpg,22,35,27.75,0.9164,0.5686,1
0000069_01878_d_0000005.jpg,14,24,18.33,0.908,0.6384,1
0000069_02163_d_0000006.jpg,28,76,46.13,0.9358,0.5932,1
0000069_02163_d_0000006.jpg,24,69,40.69,0.4451,0.44,0
0000069_02163_d_0000006.jpg,26,69,42.36,0.8414,0.6026,1
0000069_02163_d_0000006.jpg,32,72,48.0,0.9056,0.7542,1
0000069_02163_d_0000006.jpg,23,70,40.12,0.8772,0.7947,1
0000069_02163_d_0000006.jpg,29,76,46.95,0.9307,0.817,1
0000069_02163_d_0000006.jpg,22,69,38.96,0.0264,0.6344,0
0000069_02163_d_0000006.jpg,24,65,39.5,0.0,0.0,0
0000069_02163_d_0000006.jpg,27,72,44.09,0.0,0.0,0
0000069_02163_d_0000006.jpg,23,64,38.37,0.7459,0.6451,1
0000069_02163_d_0000006.jpg,17,36,24.74,0.0,0.0,0
0000069_02163_d_0000006.jpg,18,49,29.7,0.8386,0.5598,1
0000069_02163_d_0000006.jpg,13,28,19.08,0.046,0.5889,0
0000069_02163_d_0000006.jpg,17,35,24.39,0.8744,0.3588,1
0000069_02163_d_0000006.jpg,9,17,12.37,0.0,0.0,0
0000069_02163_d_0000006.jpg,17,26,21.02,0.0,0.0,0
0000069_02163_d_0000006.jpg,17,44,27.35,0.746,0.2132,1
0000069_02163_d_0000006.jpg,15,46,26.27,0.7444,0.2194,1
0000069_02163_d_0000006.jpg,12,58,26.38,0.8041,0.6786,1
0000069_02163_d_0000006.jpg,24,87,45.69,0.7912,0.8202,1
0000069_02163_d_0000006.jpg,41,79,56.91,0.9567,0.8138,1
0000069_02163_d_0000006.jpg,19,63,34.6,0.7207,0.7905,1
0000069_02163_d_0000006.jpg,34,78,51.5,0.9515,0.8532,1
0000069_02163_d_0000006.jpg,34,90,55.32,0.7725,0.4275,1
0000069_02163_d_0000006.jpg,26,77,44.74,0.6943,0.205,1
0000069_02163_d_0000006.jpg,29,53,39.2,0.9426,0.7061,1
0000069_02163_d_0000006.jpg,13,27,18.73,0.0,0.0,0
0000069_02163_d_0000006.jpg,13,29,19.42,0.5965,0.3747,1
0000069_02163_d_0000006.jpg,20,52,32.25,0.0,0.0,0
0000069_02163_d_0000006.jpg,14,36,22.45,0.0,0.0,0
0000069_02163_d_0000006.jpg,16,20,17.89,0.0,0.0,0
0000069_02163_d_0000006.jpg,67,148,99.58,0.9143,0.8547,1
0000069_02163_d_0000006.jpg,43,160,82.95,0.8197,0.8399,1
0000069_02163_d_0000006.jpg,48,131,79.3,0.9262,0.8331,1
0000069_02163_d_0000006.jpg,84,156,114.47,0.9827,0.8586,1
0000069_02163_d_0000006.jpg,47,148,83.4,0.8887,0.7506,1
0000069_02163_d_0000006.jpg,59,141,91.21,0.8726,0.8838,1
0000069_02480_d_0000007.jpg,46,98,67.14,0.9397,0.9094,1
0000069_02480_d_0000007.jpg,46,103,68.83,0.7106,0.8681,1
0000069_02480_d_0000007.jpg,46,88,63.62,0.8026,0.8631,1
0000069_02480_d_0000007.jpg,23,80,42.9,0.9,0.7836,1
0000069_02480_d_0000007.jpg,29,76,46.95,0.9248,0.8272,1
0000069_02480_d_0000007.jpg,26,75,44.16,0.9085,0.5586,1
0000069_02480_d_0000007.jpg,44,79,58.96,0.9309,0.8439,1
0000069_02480_d_0000007.jpg,30,65,44.16,0.9218,0.777,1
0000069_02480_d_0000007.jpg,21,53,33.36,0.9013,0.7294,1
0000069_02480_d_0000007.jpg,19,47,29.88,0.7304,0.3692,1
0000069_02480_d_0000007.jpg,17,45,27.66,0.7907,0.4518,1
0000069_02480_d_0000007.jpg,16,43,26.23,0.8971,0.6984,1
0000069_02480_d_0000007.jpg,28,52,38.16,0.9228,0.6912,1
0000069_02480_d_0000007.jpg,18,52,30.59,0.7139,0.6102,1
0000069_02480_d_0000007.jpg,22,64,37.52,0.0,0.0,0
0000069_02480_d_0000007.jpg,28,78,46.73,0.0,0.0,0
0000069_02480_d_0000007.jpg,25,74,43.01,0.3504,0.2354,0
0000069_02480_d_0000007.jpg,25,81,45.0,0.1246,0.642,0
0000069_02480_d_0000007.jpg,29,89,50.8,0.4405,0.3174,0
0000069_02480_d_0000007.jpg,32,82,51.22,0.4408,0.8138,0
0000069_02480_d_0000007.jpg,32,74,48.66,0.805,0.7506,1
0000069_02480_d_0000007.jpg,34,83,53.12,0.7996,0.8322,1
0000069_02480_d_0000007.jpg,37,75,52.68,0.168,0.2953,0
0000069_02480_d_0000007.jpg,44,77,58.21,0.4968,0.4796,0
0000069_02480_d_0000007.jpg,90,124,105.64,0.7836,0.7613,1
0000069_02480_d_0000007.jpg,64,68,65.97,0.974,0.822,1
0000069_02480_d_0000007.jpg,88,99,93.34,0.6974,0.8298,1
0000069_02480_d_0000007.jpg,16,45,26.83,0.0754,0.2724,0
0000069_02480_d_0000007.jpg,18,67,34.73,0.798,0.4661,1
0000069_02480_d_0000007.jpg,13,49,25.24,0.324,0.5443,0
0000069_02480_d_0000007.jpg,15,45,25.98,0.7789,0.5074,1
0000069_02480_d_0000007.jpg,18,34,24.74,0.6971,0.3793,1
0000069_02480_d_0000007.jpg,16,43,26.23,0.4555,0.156,0
0000069_02480_d_0000007.jpg,7,25,13.23,0.0778,0.1721,0
0000069_02480_d_0000007.jpg,10,20,14.14,0.0,0.0,0
0000069_02480_d_0000007.jpg,14,43,24.54,0.5444,0.4985,1
0000069_02480_d_0000007.jpg,11,41,21.24,0.0,0.0,0
0000069_02480_d_0000007.jpg,17,43,27.04,0.0,0.0,0
0000069_02480_d_0000007.jpg,20,53,32.56,0.8181,0.5678,1
0000069_02480_d_0000007.jpg,12,41,22.18,0.5925,0.2913,1
0000069_02480_d_0000007.jpg,9,24,14.7,0.0,0.0,0
0000069_02480_d_0000007.jpg,9,33,17.23,0.265,0.1691,0
0000069_02480_d_0000007.jpg,12,24,16.97,0.4959,0.2167,0
0000069_02480_d_0000007.jpg,14,21,17.15,0.331,0.3078,0
0000069_02480_d_0000007.jpg,13,19,15.72,0.0559,0.1592,0
0000072_02834_d_0000003.jpg,39,67,51.12,0.8275,0.7204,1
0000072_02834_d_0000003.jpg,41,64,51.22,0.9115,0.7917,1
0000072_02834_d_0000003.jpg,44,64,53.07,0.925,0.8324,1
0000072_02834_d_0000003.jpg,17,59,31.67,0.6506,0.7463,1
0000072_02834_d_0000003.jpg,19,47,29.88,0.8046,0.7655,1
0000072_02834_d_0000003.jpg,32,65,45.61,0.9111,0.7822,1
0000072_02834_d_0000003.jpg,24,37,29.8,0.4083,0.7702,0
0000072_02834_d_0000003.jpg,21,39,28.62,0.7924,0.6337,1
0000072_02834_d_0000003.jpg,20,37,27.2,0.8473,0.5943,1
0000072_02834_d_0000003.jpg,22,39,29.29,0.8765,0.619,1
0000072_02834_d_0000003.jpg,30,60,42.43,0.8516,0.3074,1
0000072_02834_d_0000003.jpg,38,65,49.7,0.8289,0.6682,1
0000072_02834_d_0000003.jpg,27,35,30.74,0.9079,0.4839,1
0000072_02834_d_0000003.jpg,32,58,43.08,0.8574,0.5389,1
0000072_02834_d_0000003.jpg,27,58,39.57,0.9508,0.783,1
0000072_02834_d_0000003.jpg,24,58,37.31,0.9288,0.6607,1
0000072_02834_d_0000003.jpg,21,55,33.99,0.8497,0.7492,1
0000072_02834_d_0000003.jpg,28,55,39.24,0.799,0.4265,1
0000072_02834_d_0000003.jpg,29,57,40.66,0.6256,0.2427,1
0000072_02834_d_0000003.jpg,34,63,46.28,0.5091,0.4202,1
0000072_02834_d_0000003.jpg,25,61,39.05,0.663,0.3888,1
0000072_02834_d_0000003.jpg,17,38,25.42,0.8986,0.1914,1
0000072_02834_d_0000003.jpg,15,41,24.8,0.0,0.0,0
0000072_02834_d_0000003.jpg,25,45,33.54,0.0,0.0,0
0000072_02834_d_0000003.jpg,15,35,22.91,0.0,0.0,0
0000072_02834_d_0000003.jpg,15,29,20.86,0.0,0.0,0
0000072_02834_d_0000003.jpg,26,43,33.44,0.0,0.0,0
0000072_02834_d_0000003.jpg,19,29,23.47,0.0,0.0,0
0000072_02834_d_0000003.jpg,16,24,19.6,0.0,0.0,0
0000072_02834_d_0000003.jpg,17,32,23.32,0.0,0.0,0
0000072_02834_d_0000003.jpg,21,29,24.68,0.0,0.0,0
0000072_02834_d_0000003.jpg,20,64,35.78,0.2856,0.1683,0
0000072_02834_d_0000003.jpg,26,54,37.47,0.7837,0.4595,1
0000072_02834_d_0000003.jpg,24,48,33.94,0.9292,0.2239,1
0000072_02834_d_0000003.jpg,27,51,37.11,0.677,0.2529,1
0000072_02834_d_0000003.jpg,20,51,31.94,0.7507,0.622,1
0000072_02834_d_0000003.jpg,26,39,31.84,0.0,0.0,0
0000072_02834_d_0000003.jpg,21,53,33.36,0.6026,0.2995,1
0000072_02834_d_0000003.jpg,18,32,24.0,0.7521,0.1726,1
0000072_02834_d_0000003.jpg,27,56,38.88,0.6874,0.4934,1
0000072_02834_d_0000003.jpg,14,50,26.46,0.7755,0.4026,1
0000072_02834_d_0000003.jpg,24,64,39.19,0.8044,0.5223,1
0000072_02834_d_0000003.jpg,23,66,38.96,0.7536,0.4363,1
0000072_02834_d_0000003.jpg,19,43,28.58,0.9106,0.7186,1
0000072_02834_d_0000003.jpg,22,62,36.93,0.8664,0.666,1
0000072_02834_d_0000003.jpg,24,56,36.66,0.8798,0.6423,1
0000072_02834_d_0000003.jpg,35,63,46.96,0.8837,0.5043,1
0000072_02834_d_0000003.jpg,25,60,38.73,0.796,0.2026,1
0000072_02834_d_0000003.jpg,24,62,38.57,0.4594,0.2069,0
0000072_02834_d_0000003.jpg,28,67,43.31,0.5852,0.7038,1
0000072_02834_d_0000003.jpg,28,75,45.83,0.8404,0.7059,1
0000072_02834_d_0000003.jpg,27,76,45.3,0.9395,0.673,1
0000072_02834_d_0000003.jpg,25,58,38.08,0.8311,0.769,1
0000072_02834_d_0000003.jpg,25,53,36.4,0.7037,0.6686,1
0000072_02834_d_0000003.jpg,21,55,33.99,0.7843,0.6237,1
0000072_02834_d_0000003.jpg,25,62,39.37,0.856,0.5543,1
0000072_02834_d_0000003.jpg,32,70,47.33,0.8128,0.5783,1
0000072_02834_d_0000003.jpg,28,63,42.0,0.9596,0.7443,1
0000072_02834_d_0000003.jpg,18,33,24.37,0.2176,0.8293,0
0000072_02834_d_0000003.jpg,35,53,43.07,0.6975,0.8035,1
0000072_02834_d_0000003.jpg,32,61,44.18,0.8835,0.6775,1
0000072_02834_d_0000003.jpg,38,65,49.7,0.8467,0.6787,1
0000072_02834_d_0000003.jpg,42,69,53.83,0.8851,0.7239,1
0000072_02834_d_0000003.jpg,43,65,52.87,0.9001,0.3892,1
0000072_02834_d_0000003.jpg,26,53,37.12,0.3476,0.3027,0
0000072_02834_d_0000003.jpg,34,58,44.41,0.9405,0.7053,1
0000072_02834_d_0000003.jpg,27,42,33.67,0.9195,0.3326,1
0000072_02834_d_0000003.jpg,28,40,33.47,0.6941,0.1738,1
0000072_02834_d_0000003.jpg,27,42,33.67,0.1709,0.1857,0
0000076_02142_d_0000009.jpg,21,36,27.5,0.4472,0.4976,0
0000076_02142_d_0000009.jpg,11,31,18.47,0.8416,0.3073,1
0000076_02142_d_0000009.jpg,15,32,21.91,0.8786,0.5992,1
0000076_02142_d_0000009.jpg,9,14,11.22,0.0,0.0,0
0000081_00000_d_0000001.jpg,37,43,39.89,0.8966,0.6171,1
0000081_00000_d_0000001.jpg,24,55,36.33,0.7756,0.6177,1
0000081_00000_d_0000001.jpg,31,43,36.51,0.3476,0.2817,0
0000081_00000_d_0000001.jpg,24,56,36.66,0.8477,0.732,1
0000081_00000_d_0000001.jpg,24,49,34.29,0.7806,0.7906,1
0000081_00000_d_0000001.jpg,15,48,26.83,0.0791,0.54,0
0000081_00000_d_0000001.jpg,20,50,31.62,0.8083,0.7902,1
0000081_00000_d_0000001.jpg,26,45,34.21,0.3703,0.2219,0
0000081_00000_d_0000001.jpg,21,51,32.73,0.6497,0.2843,1
0000081_00000_d_0000001.jpg,33,43,37.67,0.3494,0.3186,0
0000081_00000_d_0000001.jpg,17,42,26.72,0.8667,0.6316,1
0000081_00000_d_0000001.jpg,16,40,25.3,0.8036,0.37,1
0000081_00000_d_0000001.jpg,27,59,39.91,0.757,0.6291,1
0000081_00000_d_0000001.jpg,25,50,35.36,0.7133,0.5108,1
0000081_00000_d_0000001.jpg,21,32,25.92,0.6351,0.3716,1
0000081_00000_d_0000001.jpg,24,37,29.8,0.8831,0.2715,1
0000081_00000_d_0000001.jpg,24,25,24.49,0.5117,0.1677,1
0000081_00000_d_0000001.jpg,29,39,33.63,0.6378,0.7134,1
0000081_00000_d_0000001.jpg,16,43,26.23,0.6501,0.5834,1
0000081_00000_d_0000001.jpg,17,43,27.04,0.7274,0.5499,1
0000081_00000_d_0000001.jpg,15,34,22.58,0.7766,0.4375,1
0000081_00000_d_0000001.jpg,20,38,27.57,0.2693,0.2382,0
0000081_00000_d_0000001.jpg,16,33,22.98,0.6854,0.595,1
0000081_00000_d_0000001.jpg,15,38,23.87,0.5951,0.4848,1
0000081_00000_d_0000001.jpg,36,71,50.56,0.9221,0.7643,1
0000081_00000_d_0000001.jpg,12,33,19.9,0.5595,0.3103,1
0000081_00000_d_0000001.jpg,17,16,16.49,0.2559,0.2298,0
0000081_00000_d_0000001.jpg,15,38,23.87,0.6672,0.3576,1
0000081_00000_d_0000001.jpg,13,36,21.63,0.7525,0.4452,1
0000081_00000_d_0000001.jpg,16,34,23.32,0.5385,0.2518,1
0000081_00000_d_0000001.jpg,13,35,21.33,0.3062,0.2012,0
0000081_00000_d_0000001.jpg,12,33,19.9,0.2879,0.1517,0
0000081_00000_d_0000001.jpg,12,32,19.6,0.8029,0.2211,1
0000081_00000_d_0000001.jpg,10,29,17.03,0.3998,0.2911,0
0000081_00000_d_0000001.jpg,13,26,18.38,0.5476,0.5485,1
0000081_00000_d_0000001.jpg,16,32,22.63,0.684,0.4923,1
0000081_00000_d_0000001.jpg,11,13,11.96,0.5683,0.1596,1
0000081_00000_d_0000001.jpg,23,32,27.13,0.4719,0.1779,0
0000081_00000_d_0000001.jpg,9,31,16.7,0.4257,0.2548,0
0000081_00000_d_0000001.jpg,9,31,16.7,0.5195,0.2132,1
0000081_00000_d_0000001.jpg,17,23,19.77,0.0,0.0,0
0000081_00000_d_0000001.jpg,11,25,16.58,0.0964,0.1559,0
0000081_00000_d_0000001.jpg,13,25,18.03,0.7249,0.2449,1
0000081_00000_d_0000001.jpg,9,17,12.37,0.2631,0.2996,0
0000081_00000_d_0000001.jpg,15,30,21.21,0.5974,0.5722,1
0000081_00000_d_0000001.jpg,11,25,16.58,0.62,0.3847,1
0000081_00000_d_0000001.jpg,9,25,15.0,0.5372,0.316,1
0000081_00000_d_0000001.jpg,14,25,18.71,0.0,0.0,0
0000081_00000_d_0000001.jpg,14,23,17.94,0.0,0.0,0
0000081_00000_d_0000001.jpg,10,27,16.43,0.0,0.0,0
0000081_00000_d_0000001.jpg,14,21,17.15,0.0,0.0,0
0000081_00000_d_0000001.jpg,15,17,15.97,0.3054,0.1534,0
0000081_00000_d_0000001.jpg,14,24,18.33,0.0,0.0,0
0000081_00000_d_0000001.jpg,15,26,19.75,0.0,0.0,0
0000081_00000_d_0000001.jpg,12,25,17.32,0.0,0.0,0
0000081_00000_d_0000001.jpg,9,23,14.39,0.0194,0.1652,0
0000081_00000_d_0000001.jpg,10,24,15.49,0.0,0.0,0
0000081_00000_d_0000001.jpg,12,30,18.97,0.0,0.0,0
0000081_00000_d_0000001.jpg,9,28,15.87,0.0,0.0,0
0000081_00000_d_0000001.jpg,8,28,14.97,0.0,0.0,0
0000081_00000_d_0000001.jpg,9,28,15.87,0.0,0.0,0
0000081_00000_d_0000001.jpg,12,18,14.7,0.2549,0.2792,0
0000081_00000_d_0000001.jpg,8,15,10.95,0.0,0.0,0
0000081_00000_d_0000001.jpg,9,14,11.22,0.0,0.0,0
0000081_00000_d_0000001.jpg,10,21,14.49,0.5886,0.1775,1
0000081_00000_d_0000001.jpg,17,14,15.43,0.0,0.0,0
0000081_00000_d_0000001.jpg,14,12,12.96,0.0,0.0,0
0000081_00000_d_0000001.jpg,13,11,11.96,0.004,0.1616,0
0000081_00000_d_0000001.jpg,15,11,12.85,0.0,0.0,0
0000081_00000_d_0000001.jpg,11,29,17.86,0.5774,0.2985,1
0000081_00000_d_0000001.jpg,6,23,11.75,0.1561,0.2478,0
0000081_00000_d_0000001.jpg,10,28,16.73,0.0,0.0,0
0000081_00000_d_0000001.jpg,10,22,14.83,0.0,0.0,0
0000081_00000_d_0000001.jpg,15,16,15.49,0.0,0.0,0
0000081_00000_d_0000001.jpg,11,22,15.56,0.0,0.0,0
0000081_00000_d_0000001.jpg,10,21,14.49,0.0,0.0,0
0000081_00000_d_0000001.jpg,12,23,16.61,0.0,0.0,0
0000081_00000_d_0000001.jpg,12,25,17.32,0.0032,0.2744,0
0000081_00000_d_0000001.jpg,9,23,14.39,0.0,0.0,0
0000081_00000_d_0000001.jpg,11,23,15.91,0.0,0.0,0
0000081_00000_d_0000001.jpg,10,23,15.17,0.0,0.0,0
0000081_00000_d_0000001.jpg,9,21,13.75,0.0,0.0,0
0000081_00000_d_0000001.jpg,9,21,13.75,0.0,0.0,0
0000086_00000_d_0000001.jpg,16,37,24.33,0.7351,0.5852,1
0000086_00000_d_0000001.jpg,19,43,28.58,0.6581,0.6135,1
0000086_00000_d_0000001.jpg,11,32,18.76,0.7747,0.3732,1
0000086_00000_d_0000001.jpg,19,56,32.62,0.9091,0.6619,1
0000086_00000_d_0000001.jpg,23,53,34.91,0.8084,0.7685,1
0000086_00000_d_0000001.jpg,29,76,46.95,0.7896,0.6564,1
0000086_00000_d_0000001.jpg,30,79,48.68,0.7894,0.7683,1
0000086_00000_d_0000001.jpg,27,88,48.74,0.8069,0.7969,1
0000086_00000_d_0000001.jpg,21,62,36.08,0.7055,0.6614,1
0000086_00000_d_0000001.jpg,34,65,47.01,0.8486,0.7872,1
0000086_00000_d_0000001.jpg,19,62,34.32,0.7317,0.6052,1
0000086_00000_d_0000001.jpg,19,61,34.04,0.8454,0.7186,1
0000086_00000_d_0000001.jpg,20,47,30.66,0.5951,0.3233,1
0000086_00000_d_0000001.jpg,19,50,30.82,0.8687,0.5803,1
0000086_00000_d_0000001.jpg,20,60,34.64,0.7355,0.698,1
0000086_00000_d_0000001.jpg,19,51,31.13,0.8712,0.695,1
0000086_00000_d_0000001.jpg,13,36,21.63,0.0,0.0,0
0000086_00000_d_0000001.jpg,16,26,20.4,0.7305,0.4687,1
0000086_00000_d_0000001.jpg,23,39,29.95,0.0,0.0,0
0000086_00000_d_0000001.jpg,23,36,28.77,0.709,0.2136,1
0000086_00000_d_0000001.jpg,12,30,18.97,0.0,0.0,0
0000086_00000_d_0000001.jpg,17,24,20.2,0.4559,0.1972,0
0000086_00000_d_0000001.jpg,14,32,21.17,0.6808,0.2911,1
0000086_00000_d_0000001.jpg,15,27,20.12,0.8821,0.1766,1
0000086_00000_d_0000001.jpg,16,36,24.0,0.7349,0.3925,1
0000086_00000_d_0000001.jpg,14,27,19.44,0.2079,0.2918,0
0000086_00000_d_0000001.jpg,33,37,34.94,0.7674,0.487,1
0000086_00000_d_0000001.jpg,34,58,44.41,0.8745,0.7074,1
0000086_00000_d_0000001.jpg,39,62,49.17,0.6188,0.759,1
0000086_00000_d_0000001.jpg,28,64,42.33,0.6179,0.5689,1
0000086_00000_d_0000001.jpg,40,62,49.8,0.8364,0.1705,1
0000086_00000_d_0000001.jpg,15,25,19.36,0.0,0.0,0
0000086_00000_d_0000001.jpg,37,48,42.14,0.6101,0.3687,1
0000086_00000_d_0000001.jpg,19,41,27.91,0.3296,0.1798,0
0000086_00000_d_0000001.jpg,18,45,28.46,0.0,0.0,0
0000086_00592_d_0000002.jpg,15,18,16.43,0.8989,0.4527,1
0000086_00592_d_0000002.jpg,14,30,20.49,0.5528,0.3507,1
0000086_00592_d_0000002.jpg,10,21,14.49,0.2487,0.4035,0
0000086_00592_d_0000002.jpg,13,14,13.49,0.0,0.0,0
0000086_00592_d_0000002.jpg,10,20,14.14,0.0,0.0,0
0000086_00592_d_0000002.jpg,6,13,8.83,0.0,0.0,0
0000086_00592_d_0000002.jpg,8,12,9.8,0.0,0.0,0
0000086_00592_d_0000002.jpg,5,11,7.42,0.0,0.0,0
0000086_00592_d_0000002.jpg,14,40,23.66,0.0794,0.2648,0
0000086_00592_d_0000002.jpg,26,47,34.96,0.6841,0.1715,1
0000086_00592_d_0000002.jpg,21,49,32.08,0.7534,0.2644,1
0000086_00592_d_0000002.jpg,41,25,32.02,0.4962,0.2055,0
0000086_00592_d_0000002.jpg,30,29,29.5,0.0,0.0,0
0000086_00592_d_0000002.jpg,21,27,23.81,0.0,0.0,0
0000086_00592_d_0000002.jpg,47,30,37.55,0.0,0.0,0
0000086_00592_d_0000002.jpg,33,39,35.87,0.8868,0.4825,1
0000086_00592_d_0000002.jpg,35,42,38.34,0.8382,0.2946,1
0000086_00592_d_0000002.jpg,70,49,58.57,0.4634,0.4549,0
0000086_00592_d_0000002.jpg,38,43,40.42,0.5157,0.2775,1
0000086_00592_d_0000002.jpg,42,43,42.5,0.6877,0.2771,1
0000086_00592_d_0000002.jpg,30,90,51.96,0.8572,0.7068,1
0000086_00592_d_0000002.jpg,29,73,46.01,0.9355,0.8008,1
0000086_00592_d_0000002.jpg,31,81,50.11,0.6558,0.2893,1
0000086_00592_d_0000002.jpg,25,64,40.0,0.9049,0.3385,1
0000086_00592_d_0000002.jpg,24,68,40.4,0.7543,0.5793,1
0000086_00592_d_0000002.jpg,22,72,39.8,0.8878,0.4221,1
0000086_00592_d_0000002.jpg,29,74,46.32,0.8614,0.4333,1
0000086_00592_d_0000002.jpg,21,62,36.08,0.7131,0.4475,1
0000086_00592_d_0000002.jpg,32,68,46.65,0.916,0.7799,1
0000086_00592_d_0000002.jpg,23,60,37.15,0.835,0.739,1
0000086_00592_d_0000002.jpg,25,59,38.41,0.797,0.7936,1
0000086_00592_d_0000002.jpg,28,54,38.88,0.7013,0.5796,1
0000086_00592_d_0000002.jpg,23,27,24.92,0.7809,0.3566,1
0000086_00592_d_0000002.jpg,22,57,35.41,0.7821,0.7535,1
0000086_00592_d_0000002.jpg,30,50,38.73,0.8967,0.2378,1
0000086_00592_d_0000002.jpg,12,36,20.78,0.5736,0.5683,1
0000086_00592_d_0000002.jpg,16,37,24.33,0.7094,0.6491,1
0000086_00592_d_0000002.jpg,26,37,31.02,0.6796,0.5791,1
0000086_00592_d_0000002.jpg,18,32,24.0,0.6781,0.5823,1
0000086_00592_d_0000002.jpg,9,21,13.75,0.5382,0.163,1
0000086_00592_d_0000002.jpg,10,22,14.83,0.0,0.0,0
0000086_00592_d_0000002.jpg,14,35,22.14,0.7769,0.2584,1
0000086_00592_d_0000002.jpg,13,44,23.92,0.8589,0.5682,1
0000086_00592_d_0000002.jpg,22,20,20.98,0.0,0.0,0
0000086_00592_d_0000002.jpg,36,29,32.31,0.4059,0.1606,0
0000086_00592_d_0000002.jpg,9,23,14.39,0.4205,0.2668,0
0000086_00592_d_0000002.jpg,10,25,15.81,0.2116,0.2016,0
0000086_00592_d_0000002.jpg,12,26,17.66,0.626,0.2972,1
0000086_00592_d_0000002.jpg,11,27,17.23,0.3638,0.1708,0
0000086_00592_d_0000002.jpg,18,22,19.9,0.0,0.0,0
0000086_00592_d_0000002.jpg,8,24,13.86,0.4421,0.2234,0
0000086_00592_d_0000002.jpg,13,35,21.33,0.4728,0.2946,0
0000086_00592_d_0000002.jpg,11,25,16.58,0.0,0.0,0
0000086_00592_d_0000002.jpg,10,22,14.83,0.0,0.0,0
0000086_00592_d_0000002.jpg,7,24,12.96,0.0,0.0,0
0000086_00592_d_0000002.jpg,10,21,14.49,0.0,0.0,0
0000086_00592_d_0000002.jpg,13,24,17.66,0.0,0.0,0
0000086_00592_d_0000002.jpg,20,41,28.64,0.6462,0.2107,1
0000086_00592_d_0000002.jpg,12,33,19.9,0.0,0.0,0
0000086_00592_d_0000002.jpg,10,29,17.03,0.0,0.0,0
0000086_00592_d_0000002.jpg,8,19,12.33,0.0,0.0,0
0000086_00592_d_0000002.jpg,18,43,27.82,0.0,0.0,0
0000086_00592_d_0000002.jpg,11,19,14.46,0.0,0.0,0
0000086_01084_d_0000003.jpg,6,20,10.95,0.0,0.0,0
0000086_01084_d_0000003.jpg,9,25,15.0,0.0,0.0,0
0000086_01084_d_0000003.jpg,11,33,19.05,0.4971,0.1538,0
0000086_01084_d_0000003.jpg,7,21,12.12,0.0,0.0,0
0000086_01084_d_0000003.jpg,8,19,12.33,0.0,0.0,0
0000086_01084_d_0000003.jpg,7,19,11.53,0.0,0.0,0
0000086_01084_d_0000003.jpg,6,16,9.8,0.0,0.0,0
0000086_01084_d_0000003.jpg,7,21,12.12,0.0,0.0,0
0000086_01084_d_0000003.jpg,10,17,13.04,0.0,0.0,0
0000086_01084_d_0000003.jpg,8,17,11.66,0.0,0.0,0
0000086_01084_d_0000003.jpg,6,16,9.8,0.0,0.0,0
0000086_01084_d_0000003.jpg,6,19,10.68,0.0,0.0,0
0000086_01084_d_0000003.jpg,5,21,10.25,0.0,0.0,0
0000086_01084_d_0000003.jpg,9,22,14.07,0.0,0.0,0
0000086_01084_d_0000003.jpg,7,21,12.12,0.0,0.0,0
0000086_01084_d_0000003.jpg,5,17,9.22,0.0,0.0,0
0000086_01084_d_0000003.jpg,8,17,11.66,0.0,0.0,0
0000086_01084_d_0000003.jpg,8,15,10.95,0.0,0.0,0
0000086_01084_d_0000003.jpg,5,17,9.22,0.0,0.0,0
0000086_01084_d_0000003.jpg,7,18,11.22,0.0,0.0,0
0000086_01084_d_0000003.jpg,7,18,11.22,0.0,0.0,0
0000086_01084_d_0000003.jpg,5,7,5.92,0.0,0.0,0
0000086_01084_d_0000003.jpg,8,21,12.96,0.0,0.0,0
0000086_01084_d_0000003.jpg,8,20,12.65,0.0,0.0,0
0000086_01084_d_0000003.jpg,5,13,8.06,0.0,0.0,0
0000086_01084_d_0000003.jpg,4,12,6.93,0.0,0.0,0
0000086_01084_d_0000003.jpg,6,7,6.48,0.0,0.0,0
0000086_01084_d_0000003.jpg,7,15,10.25,0.0,0.0,0
0000086_01084_d_0000003.jpg,6,18,10.39,0.0,0.0,0
0000086_01084_d_0000003.jpg,6,14,9.17,0.0,0.0,0
0000086_01084_d_0000003.jpg,5,12,7.75,0.0,0.0,0
0000086_01084_d_0000003.jpg,8,23,13.56,0.0,0.0,0
0000086_01084_d_0000003.jpg,11,11,11.0,0.0,0.0,0
0000086_01084_d_0000003.jpg,11,12,11.49,0.0,0.0,0
0000086_01084_d_0000003.jpg,10,30,17.32,0.6935,0.531,1
0000086_01084_d_0000003.jpg,11,33,19.05,0.0,0.0,0
0000086_01084_d_0000003.jpg,18,35,25.1,0.0,0.0,0
0000086_01084_d_0000003.jpg,18,21,19.44,0.0,0.0,0
0000086_01084_d_0000003.jpg,10,42,20.49,0.0,0.0,0
0000086_01084_d_0000003.jpg,29,22,25.26,0.4351,0.1876,0
0000086_01084_d_0000003.jpg,21,48,31.75,0.9058,0.462,1
0000086_01084_d_0000003.jpg,17,44,27.35,0.8898,0.4843,1
0000086_01084_d_0000003.jpg,19,45,29.24,0.9358,0.3682,1
0000086_01084_d_0000003.jpg,24,54,36.0,0.9342,0.7012,1
0000086_01084_d_0000003.jpg,18,50,30.0,0.8282,0.5665,1
0000086_01084_d_0000003.jpg,32,45,37.95,0.269,0.5573,0
0000086_01084_d_0000003.jpg,27,46,35.24,0.5201,0.1558,1
0000086_01084_d_0000003.jpg,34,43,38.24,0.4647,0.2718,0
0000086_01084_d_0000003.jpg,20,57,33.76,0.9142,0.4306,1
0000086_01084_d_0000003.jpg,17,47,28.27,0.8206,0.3177,1
0000086_01084_d_0000003.jpg,19,56,32.62,0.7021,0.2318,1
0000086_01084_d_0000003.jpg,34,31,32.47,0.2155,0.1615,0
0000086_01084_d_0000003.jpg,34,26,29.73,0.5151,0.1864,1
0000086_01084_d_0000003.jpg,38,76,53.74,0.9028,0.7878,1
0000086_01084_d_0000003.jpg,31,30,30.5,0.0,0.0,0
0000086_01084_d_0000003.jpg,28,67,43.31,0.8898,0.7967,1
0000086_01084_d_0000003.jpg,23,61,37.46,0.7729,0.3829,1
0000086_01084_d_0000003.jpg,18,55,31.46,0.4295,0.4746,0
0000086_01084_d_0000003.jpg,23,47,32.88,0.5326,0.17,1
0000086_01084_d_0000003.jpg,41,51,45.73,0.6587,0.2199,1
0000086_01084_d_0000003.jpg,20,51,31.94,0.7764,0.5432,1
0000086_01084_d_0000003.jpg,30,57,41.35,0.8914,0.7274,1
0000086_01084_d_0000003.jpg,32,55,41.95,0.9217,0.6074,1
0000086_01084_d_0000003.jpg,15,54,28.46,0.8483,0.2673,1
0000086_01084_d_0000003.jpg,12,51,24.74,0.4084,0.3995,0
0000086_01084_d_0000003.jpg,14,49,26.19,0.0721,0.2284,0
0000086_01084_d_0000003.jpg,22,25,23.45,0.0,0.0,0
0000086_01084_d_0000003.jpg,23,26,24.45,0.6559,0.1706,1
0000086_01084_d_0000003.jpg,34,24,28.57,0.5761,0.1586,1
0000086_01084_d_0000003.jpg,12,36,20.78,0.7983,0.3096,1
0000086_01084_d_0000003.jpg,13,37,21.93,0.8413,0.2174,1
0000086_01084_d_0000003.jpg,16,38,24.66,0.7358,0.2627,1
0000086_01084_d_0000003.jpg,12,31,19.29,0.6173,0.2157,1
0000086_01084_d_0000003.jpg,14,38,23.07,0.8104,0.5187,1
0000086_01084_d_0000003.jpg,14,40,23.66,0.7092,0.1557,1
0000086_01084_d_0000003.jpg,9,32,16.97,0.3282,0.3638,0
0000086_01084_d_0000003.jpg,12,36,20.78,0.8414,0.164,1
0000086_01084_d_0000003.jpg,20,30,24.49,0.8031,0.2062,1
0000086_01084_d_0000003.jpg,7,17,10.91,0.0,0.0,0
0000086_01084_d_0000003.jpg,7,15,10.25,0.0,0.0,0
0000086_01084_d_0000003.jpg,5,13,8.06,0.0,0.0,0
0000086_01084_d_0000003.jpg,7,18,11.22,0.0,0.0,0
0000086_01084_d_0000003.jpg,5,11,7.42,0.0,0.0,0
0000086_01084_d_0000003.jpg,7,14,9.9,0.0,0.0,0
0000086_01084_d_0000003.jpg,10,13,11.4,0.0,0.0,0
0000086_01084_d_0000003.jpg,6,15,9.49,0.0,0.0,0
0000086_01084_d_0000003.jpg,7,21,12.12,0.1579,0.1692,0
0000086_01084_d_0000003.jpg,6,22,11.49,0.0,0.0,0
0000086_01084_d_0000003.jpg,7,20,11.83,0.0,0.0,0
0000086_01084_d_0000003.jpg,8,24,13.86,0.0,0.0,0
0000086_01084_d_0000003.jpg,9,18,12.73,0.4758,0.3156,0
0000086_01084_d_0000003.jpg,7,17,10.91,0.4871,0.2919,0
0000086_01084_d_0000003.jpg,4,18,8.49,0.0,0.0,0
0000086_01084_d_0000003.jpg,16,18,16.97,0.0,0.0,0
0000086_01084_d_0000003.jpg,15,20,17.32,0.0,0.0,0
0000086_01084_d_0000003.jpg,20,19,19.49,0.002,0.3059,0
0000086_01084_d_0000003.jpg,17,21,18.89,0.2233,0.4152,0
0000086_01084_d_0000003.jpg,9,40,18.97,0.3356,0.4494,0
0000086_01084_d_0000003.jpg,10,41,20.25,0.4853,0.2321,0
0000086_01084_d_0000003.jpg,6,14,9.17,0.092,0.3866,0
0000086_01084_d_0000003.jpg,10,24,15.49,0.6821,0.2094,1
0000086_01084_d_0000003.jpg,8,32,16.0,0.7383,0.4119,1
0000086_01084_d_0000003.jpg,8,20,12.65,0.0,0.0,0
0000086_01084_d_0000003.jpg,31,20,24.9,0.3055,0.2419,0
0000086_01084_d_0000003.jpg,10,28,16.73,0.0,0.0,0
0000086_01084_d_0000003.jpg,7,26,13.49,0.0,0.0,0
0000086_01084_d_0000003.jpg,9,27,15.59,0.681,0.2831,1
0000086_01084_d_0000003.jpg,6,21,11.22,0.0,0.0,0
0000086_01084_d_0000003.jpg,7,18,11.22,0.0,0.0,0
0000086_01084_d_0000003.jpg,5,17,9.22,0.0,0.0,0
0000086_01084_d_0000003.jpg,12,13,12.49,0.0,0.0,0
0000086_01084_d_0000003.jpg,6,14,9.17,0.0,0.0,0
0000086_01084_d_0000003.jpg,7,21,12.12,0.5337,0.268,1
0000086_01084_d_0000003.jpg,6,15,9.49,0.0,0.0,0
0000086_01084_d_0000003.jpg,8,25,14.14,0.785,0.2406,1
0000086_01084_d_0000003.jpg,6,19,10.68,0.0,0.0,0
0000086_01084_d_0000003.jpg,9,11,9.95,0.0,0.0,0
0000086_01084_d_0000003.jpg,6,18,10.39,0.0,0.0,0
0000086_01084_d_0000003.jpg,6,20,10.95,0.0,0.0,0
0000086_01084_d_0000003.jpg,10,21,14.49,0.7687,0.3723,1
0000086_01084_d_0000003.jpg,11,36,19.9,0.0,0.0,0
0000086_01084_d_0000003.jpg,18,35,25.1,0.7966,0.4021,1
0000086_01084_d_0000003.jpg,7,21,12.12,0.0,0.0,0
0000086_01084_d_0000003.jpg,9,21,13.75,0.0,0.0,0
0000086_01084_d_0000003.jpg,11,22,15.56,0.0,0.0,0
0000086_01084_d_0000003.jpg,9,25,15.0,0.0,0.0,0
0000086_01084_d_0000003.jpg,8,19,12.33,0.0,0.0,0
0000086_01084_d_0000003.jpg,11,25,16.58,0.0,0.0,0
0000086_01084_d_0000003.jpg,7,23,12.69,0.0,0.0,0
0000086_01084_d_0000003.jpg,7,23,12.69,0.0,0.0,0
0000086_01084_d_0000003.jpg,7,19,11.53,0.0,0.0,0
0000086_01084_d_0000003.jpg,10,13,11.4,0.0,0.0,0
0000086_01084_d_0000003.jpg,4,16,8.0,0.0,0.0,0
0000086_01084_d_0000003.jpg,10,13,11.4,0.0,0.0,0
0000086_01084_d_0000003.jpg,20,36,26.83,0.8557,0.4141,1
0000086_01084_d_0000003.jpg,18,39,26.5,0.801,0.4767,1
0000086_01084_d_0000003.jpg,15,39,24.19,0.6744,0.3465,1
0000086_01084_d_0000003.jpg,10,21,14.49,0.4026,0.4519,0
0000086_01084_d_0000003.jpg,11,30,18.17,0.5025,0.2844,1
0000086_01084_d_0000003.jpg,12,27,18.0,0.5811,0.1751,1
0000086_01084_d_0000003.jpg,8,23,13.56,0.443,0.213,0
0000086_01084_d_0000003.jpg,13,22,16.91,0.5965,0.2191,1
0000086_01084_d_0000003.jpg,14,19,16.31,0.5771,0.2769,1
0000086_01084_d_0000003.jpg,17,26,21.02,0.0,0.0,0
0000086_01443_d_0000004.jpg,22,67,38.39,0.8619,0.7408,1
0000086_01443_d_0000004.jpg,16,63,31.75,0.9363,0.5334,1
0000086_01443_d_0000004.jpg,22,51,33.5,0.9436,0.8427,1
0000086_01443_d_0000004.jpg,23,55,35.57,0.8837,0.522,1
0000086_01443_d_0000004.jpg,23,55,35.57,0.4136,0.39,0
0000086_01443_d_0000004.jpg,23,52,34.58,0.8807,0.4486,1
0000086_01443_d_0000004.jpg,22,54,34.47,0.6242,0.2105,1
0000086_01443_d_0000004.jpg,23,49,33.57,0.5756,0.1771,1
0000086_01443_d_0000004.jpg,21,37,27.87,0.8275,0.7073,1
0000086_01443_d_0000004.jpg,17,44,27.35,0.9268,0.5884,1
0000086_01443_d_0000004.jpg,20,45,30.0,0.867,0.6438,1
0000086_01443_d_0000004.jpg,14,36,22.45,0.7732,0.4325,1
0000086_01443_d_0000004.jpg,26,24,24.98,0.8095,0.2856,1
0000086_01443_d_0000004.jpg,17,22,19.34,0.8265,0.4085,1
0000086_01443_d_0000004.jpg,14,39,23.37,0.8465,0.2498,1
0000086_01443_d_0000004.jpg,16,43,26.23,0.8561,0.3267,1
0000086_01443_d_0000004.jpg,12,40,21.91,0.0102,0.8089,0
0000086_01443_d_0000004.jpg,14,49,26.19,0.7761,0.5376,1
0000086_01443_d_0000004.jpg,17,25,20.62,0.679,0.2459,1
0000086_01443_d_0000004.jpg,13,45,24.19,0.6854,0.5844,1
0000086_01443_d_0000004.jpg,16,22,18.76,0.0469,0.4076,0
0000086_01443_d_0000004.jpg,15,44,25.69,0.6545,0.1635,1
0000086_01443_d_0000004.jpg,12,36,20.78,0.0305,0.1519,0
0000086_01443_d_0000004.jpg,14,20,16.73,0.7648,0.286,1
0000086_01443_d_0000004.jpg,16,22,18.76,0.8094,0.2403,1
0000086_01443_d_0000004.jpg,42,89,61.14,0.5401,0.5745,1
0000086_01443_d_0000004.jpg,33,47,39.38,0.5708,0.1855,1
0000086_01443_d_0000004.jpg,33,46,38.96,0.7066,0.2076,1
0000086_01443_d_0000004.jpg,37,40,38.47,0.6283,0.4153,1
0000086_01443_d_0000004.jpg,19,49,30.51,0.8534,0.5436,1
0000086_01443_d_0000004.jpg,18,38,26.15,0.8456,0.5133,1
0000086_01443_d_0000004.jpg,15,25,19.36,0.4229,0.3522,0
0000086_01443_d_0000004.jpg,16,32,22.63,0.7652,0.331,1
0000086_01443_d_0000004.jpg,20,31,24.9,0.603,0.1997,1
0000086_01443_d_0000004.jpg,19,34,25.42,0.3782,0.2532,0
0000086_01443_d_0000004.jpg,15,28,20.49,0.7118,0.1864,1
0000086_01443_d_0000004.jpg,20,17,18.44,0.7208,0.23,1
0000086_01443_d_0000004.jpg,12,34,20.2,0.8392,0.5396,1
0000086_01443_d_0000004.jpg,13,34,21.02,0.6643,0.1977,1
0000086_01443_d_0000004.jpg,14,34,21.82,0.8417,0.3875,1
0000086_01443_d_0000004.jpg,14,34,21.82,0.6282,0.4489,1
0000086_01443_d_0000004.jpg,16,27,20.78,0.6438,0.2123,1
0000086_01443_d_0000004.jpg,17,31,22.96,0.5425,0.1836,1
0000086_01443_d_0000004.jpg,11,33,19.05,0.5834,0.3254,1
0000086_01443_d_0000004.jpg,14,32,21.17,0.0,0.0,0
0000086_01443_d_0000004.jpg,13,31,20.07,0.0,0.0,0
0000086_01443_d_0000004.jpg,13,31,20.07,0.0926,0.1904,0
0000086_01443_d_0000004.jpg,14,30,20.49,0.0,0.0,0
0000086_01443_d_0000004.jpg,20,19,19.49,0.4709,0.2296,0
0000086_01443_d_0000004.jpg,20,45,30.0,0.5092,0.5262,1
0000086_01443_d_0000004.jpg,13,41,23.09,0.4572,0.2778,0
0000086_01443_d_0000004.jpg,19,39,27.22,0.0,0.0,0
0000086_01443_d_0000004.jpg,13,34,21.02,0.0,0.0,0
0000086_01443_d_0000004.jpg,14,16,14.97,0.0,0.0,0
0000086_01443_d_0000004.jpg,12,17,14.28,0.1182,0.207,0
0000086_01443_d_0000004.jpg,17,31,22.96,0.1614,0.1931,0
0000086_01443_d_0000004.jpg,9,28,15.87,0.0,0.0,0
0000086_01443_d_0000004.jpg,10,25,15.81,0.0,0.0,0
0000086_01443_d_0000004.jpg,9,29,16.16,0.0,0.0,0
0000086_01443_d_0000004.jpg,9,29,16.16,0.0278,0.2842,0
0000086_01443_d_0000004.jpg,7,29,14.25,0.0,0.0,0
0000086_01443_d_0000004.jpg,11,29,17.86,0.0,0.0,0
0000086_01443_d_0000004.jpg,15,27,20.12,0.0,0.0,0
0000086_01443_d_0000004.jpg,11,29,17.86,0.0,0.0,0
0000086_01443_d_0000004.jpg,11,28,17.55,0.0,0.0,0
0000086_01443_d_0000004.jpg,12,29,18.65,0.0,0.0,0
0000086_01443_d_0000004.jpg,17,30,22.58,0.0,0.0,0
0000086_01443_d_0000004.jpg,42,24,31.75,0.0,0.0,0
0000086_01443_d_0000004.jpg,17,28,21.82,0.725,0.1671,1
0000086_01443_d_0000004.jpg,12,27,18.0,0.6676,0.4978,1
0000086_01443_d_0000004.jpg,9,22,14.07,0.9245,0.3625,1
0000086_01443_d_0000004.jpg,8,21,12.96,0.0,0.0,0
0000086_01443_d_0000004.jpg,7,14,9.9,0.0,0.0,0
0000086_01443_d_0000004.jpg,11,16,13.27,0.0,0.0,0
0000086_01443_d_0000004.jpg,9,20,13.42,0.0,0.0,0
0000086_01443_d_0000004.jpg,11,29,17.86,0.0,0.0,0
0000086_01443_d_0000004.jpg,9,29,16.16,0.3689,0.1615,0
0000086_01443_d_0000004.jpg,8,23,13.56,0.3737,0.2163,0
0000086_01443_d_0000004.jpg,8,21,12.96,0.0,0.0,0
0000086_01443_d_0000004.jpg,11,28,17.55,0.0,0.0,0
0000086_01443_d_0000004.jpg,10,20,14.14,0.0,0.0,0
0000086_01443_d_0000004.jpg,15,19,16.88,0.0,0.0,0
0000086_01443_d_0000004.jpg,9,25,15.0,0.0,0.0,0
0000086_01443_d_0000004.jpg,10,25,15.81,0.0,0.0,0
0000086_01443_d_0000004.jpg,9,23,14.39,0.0,0.0,0
0000086_01443_d_0000004.jpg,6,17,10.1,0.0,0.0,0
0000086_01443_d_0000004.jpg,7,17,10.91,0.0,0.0,0
0000086_01443_d_0000004.jpg,6,18,10.39,0.0,0.0,0
0000086_01443_d_0000004.jpg,5,9,6.71,0.0,0.0,0
0000086_01443_d_0000004.jpg,9,19,13.08,0.0,0.0,0
0000086_01443_d_0000004.jpg,9,11,9.95,0.0,0.0,0
0000086_01443_d_0000004.jpg,7,21,12.12,0.0,0.0,0
0000086_01443_d_0000004.jpg,7,8,7.48,0.0,0.0,0
0000086_01443_d_0000004.jpg,9,15,11.62,0.0,0.0,0
0000086_01443_d_0000004.jpg,8,19,12.33,0.0,0.0,0
0000086_01443_d_0000004.jpg,7,18,11.22,0.0,0.0,0
0000086_01443_d_0000004.jpg,12,22,16.25,0.0011,0.4369,0
0000086_01443_d_0000004.jpg,11,20,14.83,0.0,0.0,0
0000086_01443_d_0000004.jpg,11,28,17.55,0.6734,0.4073,1
0000086_01443_d_0000004.jpg,14,21,17.15,0.0,0.0,0
0000086_01443_d_0000004.jpg,17,29,22.2,0.4423,0.2351,0
0000086_01443_d_0000004.jpg,14,26,19.08,0.0,0.0,0
0000086_01443_d_0000004.jpg,14,19,16.31,0.0,0.0,0
0000086_01954_d_0000005.jpg,17,55,30.58,0.9015,0.3619,1
0000086_01954_d_0000005.jpg,25,54,36.74,0.7767,0.3068,1
0000086_01954_d_0000005.jpg,15,54,28.46,0.8269,0.6947,1
0000086_01954_d_0000005.jpg,23,50,33.91,0.7752,0.2746,1
0000086_01954_d_0000005.jpg,19,49,30.51,0.6141,0.1863,1
0000086_01954_d_0000005.jpg,17,51,29.44,0.8602,0.4987,1
0000086_01954_d_0000005.jpg,23,48,33.23,0.0311,0.3934,0
0000086_01954_d_0000005.jpg,17,52,29.73,0.6059,0.568,1
0000086_01954_d_0000005.jpg,22,49,32.83,0.8671,0.8153,1
0000086_01954_d_0000005.jpg,24,30,26.83,0.7625,0.6322,1
0000086_01954_d_0000005.jpg,16,25,20.0,0.8706,0.575,1
0000086_01954_d_0000005.jpg,41,29,34.48,0.6505,0.1548,1
0000086_01954_d_0000005.jpg,20,24,21.91,0.8064,0.2453,1
0000086_01954_d_0000005.jpg,21,24,22.45,0.4217,0.3783,0
0000086_01954_d_0000005.jpg,20,24,21.91,0.6675,0.2844,1
0000086_01954_d_0000005.jpg,30,21,25.1,0.416,0.6204,0
0000086_01954_d_0000005.jpg,34,42,37.79,0.7015,0.1614,1
0000086_01954_d_0000005.jpg,19,42,28.25,0.9056,0.2677,1
0000086_01954_d_0000005.jpg,41,41,41.0,0.8275,0.2473,1
0000086_01954_d_0000005.jpg,23,44,31.81,0.8175,0.4995,1
0000086_01954_d_0000005.jpg,20,41,28.64,0.8173,0.3634,1
0000086_01954_d_0000005.jpg,15,40,24.49,0.0147,0.3028,0
0000086_01954_d_0000005.jpg,16,32,22.63,0.0,0.0,0
0000086_01954_d_0000005.jpg,11,29,17.86,0.0,0.0,0
0000086_01954_d_0000005.jpg,10,24,15.49,0.7692,0.2028,1
0000086_01954_d_0000005.jpg,11,29,17.86,0.8299,0.2491,1
0000086_01954_d_0000005.jpg,12,23,16.61,0.0,0.0,0
0000086_01954_d_0000005.jpg,11,25,16.58,0.0,0.0,0
0000086_01954_d_0000005.jpg,9,23,14.39,0.3545,0.299,0
0000086_01954_d_0000005.jpg,15,32,21.91,0.0,0.0,0
0000086_01954_d_0000005.jpg,16,34,23.32,0.3771,0.2275,0
0000086_01954_d_0000005.jpg,10,28,16.73,0.4916,0.5443,0
0000086_01954_d_0000005.jpg,10,35,18.71,0.7089,0.3348,1
0000086_01954_d_0000005.jpg,23,50,33.91,0.7112,0.571,1
0000086_01954_d_0000005.jpg,13,44,23.92,0.0821,0.4397,0
0000086_01954_d_0000005.jpg,20,25,22.36,0.4701,0.1861,0
0000086_01954_d_0000005.jpg,12,26,17.66,0.6542,0.2968,1
0000086_01954_d_0000005.jpg,18,32,24.0,0.0412,0.2111,0
0000086_01954_d_0000005.jpg,16,17,16.49,0.8544,0.1894,1
0000086_01954_d_0000005.jpg,15,21,17.75,0.0,0.0,0
0000086_01954_d_0000005.jpg,19,20,19.49,0.0,0.0,0
0000086_01954_d_0000005.jpg,15,19,16.88,0.0,0.0,0
0000086_01954_d_0000005.jpg,12,38,21.35,0.5944,0.5299,1
0000086_01954_d_0000005.jpg,9,34,17.49,0.4755,0.5288,0
0000086_01954_d_0000005.jpg,8,31,15.75,0.7191,0.4757,1
0000086_01954_d_0000005.jpg,7,13,9.54,0.0,0.0,0
0000086_01954_d_0000005.jpg,11,15,12.85,0.0,0.0,0
0000086_01954_d_0000005.jpg,7,17,10.91,0.0,0.0,0
0000086_01954_d_0000005.jpg,8,19,12.33,0.0,0.0,0
0000086_01954_d_0000005.jpg,8,21,12.96,0.0,0.0,0
0000086_01954_d_0000005.jpg,9,17,12.37,0.0,0.0,0
0000086_01954_d_0000005.jpg,6,18,10.39,0.0,0.0,0
0000086_01954_d_0000005.jpg,7,12,9.17,0.0,0.0,0
0000086_01954_d_0000005.jpg,5,8,6.32,0.0,0.0,0
0000086_01954_d_0000005.jpg,8,8,8.0,0.0,0.0,0
0000086_01954_d_0000005.jpg,11,25,16.58,0.0,0.0,0
0000086_01954_d_0000005.jpg,5,9,6.71,0.0,0.0,0
0000086_01954_d_0000005.jpg,7,29,14.25,0.0,0.0,0
0000086_01954_d_0000005.jpg,10,25,15.81,0.0,0.0,0
0000086_01954_d_0000005.jpg,10,26,16.12,0.0,0.0,0
0000086_01954_d_0000005.jpg,15,32,21.91,0.0,0.0,0
0000086_01954_d_0000005.jpg,11,35,19.62,0.0,0.0,0
0000086_01954_d_0000005.jpg,11,30,18.17,0.8915,0.279,1
0000086_01954_d_0000005.jpg,15,32,21.91,0.7541,0.4605,1
0000086_01954_d_0000005.jpg,6,19,10.68,0.0,0.0,0
0000086_01954_d_0000005.jpg,8,20,12.65,0.0,0.0,0
0000086_01954_d_0000005.jpg,7,15,10.25,0.5871,0.1524,1
0000086_01954_d_0000005.jpg,7,10,8.37,0.0,0.0,0
0000086_01954_d_0000005.jpg,6,19,10.68,0.6591,0.1969,1
0000086_01954_d_0000005.jpg,12,19,15.1,0.5101,0.1599,1
0000086_01954_d_0000005.jpg,7,18,11.22,0.0,0.0,0
0000086_01954_d_0000005.jpg,7,18,11.22,0.0,0.0,0
0000086_01954_d_0000005.jpg,5,13,8.06,0.0,0.0,0
0000086_01954_d_0000005.jpg,6,15,9.49,0.0,0.0,0
0000086_01954_d_0000005.jpg,6,16,9.8,0.0,0.0,0
0000086_01954_d_0000005.jpg,7,16,10.58,0.0,0.0,0
0000086_01954_d_0000005.jpg,6,18,10.39,0.0,0.0,0
0000086_01954_d_0000005.jpg,6,18,10.39,0.0,0.0,0
0000086_01954_d_0000005.jpg,4,15,7.75,0.0,0.0,0
0000086_01954_d_0000005.jpg,6,19,10.68,0.0,0.0,0
0000086_01954_d_0000005.jpg,6,15,9.49,0.0,0.0,0
0000086_01954_d_0000005.jpg,5,18,9.49,0.0,0.0,0
0000086_01954_d_0000005.jpg,9,16,12.0,0.0,0.0,0
0000086_01954_d_0000005.jpg,5,13,8.06,0.0,0.0,0
0000086_01954_d_0000005.jpg,8,17,11.66,0.0,0.0,0
0000086_01954_d_0000005.jpg,8,16,11.31,0.0,0.0,0
0000086_01954_d_0000005.jpg,9,16,12.0,0.0,0.0,0
0000086_01954_d_0000005.jpg,7,15,10.25,0.0,0.0,0
0000086_01954_d_0000005.jpg,6,14,9.17,0.0,0.0,0
0000086_01954_d_0000005.jpg,6,13,8.83,0.0,0.0,0
0000086_01954_d_0000005.jpg,6,14,9.17,0.0,0.0,0
0000086_01954_d_0000005.jpg,5,14,8.37,0.0,0.0,0
0000086_01954_d_0000005.jpg,4,11,6.63,0.0,0.0,0
0000086_01954_d_0000005.jpg,5,11,7.42,0.0,0.0,0
0000086_01954_d_0000005.jpg,5,11,7.42,0.0,0.0,0
0000086_01954_d_0000005.jpg,5,11,7.42,0.0,0.0,0
0000086_01954_d_0000005.jpg,5,10,7.07,0.0,0.0,0
0000086_01954_d_0000005.jpg,5,13,8.06,0.0,0.0,0
0000086_01954_d_0000005.jpg,5,11,7.42,0.0,0.0,0
0000086_01954_d_0000005.jpg,8,19,12.33,0.0,0.0,0
0000086_01954_d_0000005.jpg,6,14,9.17,0.0,0.0,0
0000086_01954_d_0000005.jpg,5,10,7.07,0.0,0.0,0
0000086_01954_d_0000005.jpg,4,13,7.21,0.0,0.0,0
0000086_01954_d_0000005.jpg,4,12,6.93,0.0,0.0,0
0000086_01954_d_0000005.jpg,4,7,5.29,0.0,0.0,0
0000086_01954_d_0000005.jpg,4,6,4.9,0.0,0.0,0
0000086_01954_d_0000005.jpg,8,17,11.66,0.4377,0.2595,0
0000086_01954_d_0000005.jpg,8,16,11.31,0.5419,0.3793,1
0000086_01954_d_0000005.jpg,7,13,9.54,0.0,0.0,0
0000086_01954_d_0000005.jpg,8,13,10.2,0.0,0.0,0
0000086_01954_d_0000005.jpg,6,20,10.95,0.0,0.0,0
0000086_01954_d_0000005.jpg,4,10,6.32,0.0,0.0,0
0000086_01954_d_0000005.jpg,5,11,7.42,0.0,0.0,0
0000086_01954_d_0000005.jpg,4,11,6.63,0.0,0.0,0
0000086_01954_d_0000005.jpg,4,10,6.32,0.0,0.0,0
0000086_01954_d_0000005.jpg,4,12,6.93,0.0,0.0,0
0000086_01954_d_0000005.jpg,4,12,6.93,0.0,0.0,0
0000086_01954_d_0000005.jpg,4,13,7.21,0.0,0.0,0
0000086_01954_d_0000005.jpg,5,11,7.42,0.0,0.0,0
0000086_01954_d_0000005.jpg,10,19,13.78,0.0,0.0,0
0000086_01954_d_0000005.jpg,10,21,14.49,0.0,0.0,0
0000086_01954_d_0000005.jpg,5,20,10.0,0.0,0.0,0
0000086_01954_d_0000005.jpg,5,19,9.75,0.0,0.0,0
0000086_01954_d_0000005.jpg,7,22,12.41,0.661,0.3635,1
0000086_01954_d_0000005.jpg,6,20,10.95,0.5289,0.2215,1
0000086_01954_d_0000005.jpg,5,16,8.94,0.0,0.0,0
0000086_01954_d_0000005.jpg,6,17,10.1,0.4497,0.1674,0
0000086_01954_d_0000005.jpg,6,16,9.8,0.2217,0.2589,0
0000086_01954_d_0000005.jpg,25,30,27.39,0.0,0.0,0
0000086_01954_d_0000005.jpg,21,36,27.5,0.6291,0.6232,1
0000086_01954_d_0000005.jpg,20,39,27.93,0.8191,0.1703,1
0000086_01954_d_0000005.jpg,19,39,27.22,0.1629,0.1846,0
0000086_01954_d_0000005.jpg,12,30,18.97,0.8581,0.4282,1
0000086_01954_d_0000005.jpg,27,40,32.86,0.5307,0.4499,1
0000086_01954_d_0000005.jpg,10,22,14.83,0.668,0.3613,1
0000086_01954_d_0000005.jpg,31,18,23.62,0.0,0.0,0
0000086_01954_d_0000005.jpg,9,27,15.59,0.0,0.0,0
0000086_01954_d_0000005.jpg,12,38,21.35,0.7308,0.3661,1
0000086_01954_d_0000005.jpg,11,36,19.9,0.4867,0.2294,0
0000086_01954_d_0000005.jpg,17,25,20.62,0.5557,0.3096,1
0000086_01954_d_0000005.jpg,11,35,19.62,0.8376,0.4112,1
0000086_01954_d_0000005.jpg,10,21,14.49,0.0,0.0,0
0000086_01954_d_0000005.jpg,11,33,19.05,0.7945,0.4455,1
0000086_01954_d_0000005.jpg,17,10,13.04,0.0,0.0,0
0000086_01954_d_0000005.jpg,13,27,18.73,0.7738,0.5431,1
0000086_01954_d_0000005.jpg,16,37,24.33,0.6012,0.3735,1
0000086_01954_d_0000005.jpg,19,50,30.82,0.7464,0.1739,1
0000086_01954_d_0000005.jpg,22,31,26.12,0.0,0.0,0
0000086_01954_d_0000005.jpg,12,12,12.0,0.5703,0.1674,1
0000086_01954_d_0000005.jpg,6,24,12.0,0.0,0.0,0
0000086_01954_d_0000005.jpg,7,18,11.22,0.3312,0.2123,0
0000086_01954_d_0000005.jpg,8,19,12.33,0.0,0.0,0
0000086_01954_d_0000005.jpg,7,18,11.22,0.0,0.0,0
0000086_01954_d_0000005.jpg,7,23,12.69,0.0,0.0,0
0000086_01954_d_0000005.jpg,5,15,8.66,0.0,0.0,0
0000086_01954_d_0000005.jpg,7,17,10.91,0.0,0.0,0
0000086_01954_d_0000005.jpg,7,16,10.58,0.0,0.0,0
0000086_01954_d_0000005.jpg,10,24,15.49,0.0,0.0,0
0000086_01954_d_0000005.jpg,5,18,9.49,0.0,0.0,0
0000086_01954_d_0000005.jpg,10,21,14.49,0.0,0.0,0
0000086_01954_d_0000005.jpg,6,21,11.22,0.0,0.0,0
0000086_01954_d_0000005.jpg,8,27,14.7,0.0,0.0,0
0000086_01954_d_0000005.jpg,14,28,19.8,0.0,0.0,0
0000086_01954_d_0000005.jpg,13,18,15.3,0.0,0.0,0
0000086_01954_d_0000005.jpg,5,18,9.49,0.0,0.0,0
0000086_01954_d_0000005.jpg,7,21,12.12,0.0,0.0,0
0000086_01954_d_0000005.jpg,12,13,12.49,0.0,0.0,0
0000103_00180_d_0000026.jpg,84,206,131.54,0.6945,0.9073,1
0000103_00502_d_0000027.jpg,57,172,99.02,0.9095,0.8846,1
0000103_00502_d_0000027.jpg,106,129,116.94,0.9325,0.9159,1
0000103_01734_d_0000028.jpg,151,385,241.11,0.4103,0.8998,0
0000103_02544_d_0000029.jpg,95,248,153.49,0.6165,0.8893,1
0000103_02544_d_0000029.jpg,30,40,34.64,0.7404,0.2486,1
0000103_02544_d_0000029.jpg,34,58,44.41,0.9408,0.6362,1
0000103_02544_d_0000029.jpg,35,65,47.7,0.8914,0.6788,1
0000103_02964_d_0000030.jpg,115,175,141.86,0.8763,0.8931,1
0000103_02964_d_0000030.jpg,82,236,139.11,0.6586,0.8911,1
0000103_03349_d_0000031.jpg,79,202,126.32,0.7678,0.8991,1
0000103_03738_d_0000032.jpg,77,207,126.25,0.7475,0.9014,1
0000103_03738_d_0000032.jpg,123,268,181.56,0.5711,0.9014,1
0000103_04122_d_0000033.jpg,47,81,61.7,0.5989,0.7231,1
0000103_04122_d_0000033.jpg,43,84,60.1,0.6295,0.7656,1
0000103_04122_d_0000033.jpg,45,95,65.38,0.8195,0.8174,1
0000103_04122_d_0000033.jpg,44,93,63.97,0.583,0.6965,1
0000103_04513_d_0000034.jpg,29,63,42.74,0.9048,0.1665,1
0000116_00351_d_0000083.jpg,19,40,27.57,0.0,0.0,0
0000116_00351_d_0000083.jpg,15,38,23.87,0.0,0.0,0
0000116_00351_d_0000083.jpg,15,30,21.21,0.0,0.0,0
0000116_00351_d_0000083.jpg,21,42,29.7,0.0,0.0,0
0000116_00351_d_0000083.jpg,13,44,23.92,0.0,0.0,0
0000116_00351_d_0000083.jpg,14,30,20.49,0.0,0.0,0
0000116_00351_d_0000083.jpg,18,37,25.81,0.7536,0.3238,1
0000116_00351_d_0000083.jpg,16,29,21.54,0.6161,0.1527,1
0000116_00351_d_0000083.jpg,17,26,21.02,0.0,0.0,0
0000116_00351_d_0000083.jpg,14,33,21.49,0.4871,0.3535,0
0000116_00351_d_0000083.jpg,15,33,22.25,0.8189,0.4931,1
0000116_00351_d_0000083.jpg,24,30,26.83,0.468,0.4079,0
0000116_00351_d_0000083.jpg,17,26,21.02,0.8161,0.1593,1
0000116_00351_d_0000083.jpg,13,16,14.42,0.0,0.0,0
0000116_00351_d_0000083.jpg,17,27,21.42,0.7897,0.4077,1
0000116_00351_d_0000083.jpg,17,30,22.58,0.4765,0.2843,0
0000116_00351_d_0000083.jpg,16,30,21.91,0.57,0.1704,1
0000116_00351_d_0000083.jpg,15,22,18.17,0.2673,0.5279,0
0000116_00351_d_0000083.jpg,12,17,14.28,0.0,0.0,0
0000116_00351_d_0000083.jpg,12,17,14.28,0.0,0.0,0
0000116_00351_d_0000083.jpg,8,13,10.2,0.0,0.0,0
0000116_00351_d_0000083.jpg,13,22,16.91,0.0,0.0,0
0000116_00351_d_0000083.jpg,8,22,13.27,0.0,0.0,0
0000116_00351_d_0000083.jpg,7,23,12.69,0.0,0.0,0
0000116_00351_d_0000083.jpg,11,17,13.67,0.0,0.0,0
0000116_00351_d_0000083.jpg,7,17,10.91,0.0,0.0,0
0000116_00351_d_0000083.jpg,7,12,9.17,0.0,0.0,0
0000116_00351_d_0000083.jpg,10,13,11.4,0.0,0.0,0
0000116_00351_d_0000083.jpg,7,17,10.91,0.0,0.0,0
0000116_00351_d_0000083.jpg,6,16,9.8,0.0,0.0,0
0000116_00351_d_0000083.jpg,6,15,9.49,0.0,0.0,0
0000116_00351_d_0000083.jpg,5,11,7.42,0.0,0.0,0
0000116_00351_d_0000083.jpg,5,14,8.37,0.0,0.0,0
0000116_00819_d_0000084.jpg,18,39,26.5,0.6983,0.5114,1
0000116_00819_d_0000084.jpg,16,41,25.61,0.7746,0.6182,1
0000116_00819_d_0000084.jpg,10,17,13.04,0.0,0.0,0
0000116_00819_d_0000084.jpg,11,17,13.67,0.0,0.0,0
0000116_00819_d_0000084.jpg,9,21,13.75,0.0,0.0,0
0000116_00819_d_0000084.jpg,9,23,14.39,0.0,0.0,0
0000116_00819_d_0000084.jpg,7,15,10.25,0.0,0.0,0
0000116_00819_d_0000084.jpg,7,14,9.9,0.0,0.0,0
0000116_00819_d_0000084.jpg,6,10,7.75,0.0,0.0,0
0000116_00819_d_0000084.jpg,11,14,12.41,0.1648,0.1731,0
0000116_00819_d_0000084.jpg,11,21,15.2,0.0,0.0,0
0000116_00819_d_0000084.jpg,22,25,23.45,0.0,0.0,0
0000116_01059_d_0000085.jpg,15,29,20.86,0.0,0.0,0
0000116_01059_d_0000085.jpg,15,30,21.21,0.0,0.0,0
0000116_01059_d_0000085.jpg,13,42,23.37,0.818,0.7408,1
0000116_01059_d_0000085.jpg,11,30,18.17,0.0985,0.2985,0
0000116_01059_d_0000085.jpg,9,25,15.0,0.3163,0.3125,0
0000116_01059_d_0000085.jpg,10,37,19.24,0.6552,0.162,1
0000116_01059_d_0000085.jpg,9,26,15.3,0.3987,0.1555,0
0000116_01059_d_0000085.jpg,12,32,19.6,0.7631,0.1624,1
0000116_01059_d_0000085.jpg,11,25,16.58,0.6723,0.2853,1
0000116_01059_d_0000085.jpg,14,25,18.71,0.0,0.0,0
0000116_01059_d_0000085.jpg,6,19,10.68,0.0,0.0,0
0000116_01059_d_0000085.jpg,8,20,12.65,0.0,0.0,0
0000116_01059_d_0000085.jpg,12,23,16.61,0.0,0.0,0
0000116_01059_d_0000085.jpg,13,23,17.29,0.0,0.0,0
0000116_01059_d_0000085.jpg,8,21,12.96,0.0,0.0,0
0000116_01059_d_0000085.jpg,9,18,12.73,0.0,0.0,0
0000116_01059_d_0000085.jpg,8,20,12.65,0.0,0.0,0
0000116_01059_d_0000085.jpg,11,16,13.27,0.0,0.0,0
0000116_01059_d_0000085.jpg,9,20,13.42,0.0,0.0,0
0000116_01059_d_0000085.jpg,9,21,13.75,0.0,0.0,0
0000116_01059_d_0000085.jpg,10,21,14.49,0.0,0.0,0
0000116_01059_d_0000085.jpg,7,20,11.83,0.0,0.0,0
0000116_01059_d_0000085.jpg,7,19,11.53,0.0,0.0,0
0000116_01059_d_0000085.jpg,6,16,9.8,0.0,0.0,0
0000116_01059_d_0000085.jpg,5,14,8.37,0.0,0.0,0
0000116_01059_d_0000085.jpg,4,12,6.93,0.0,0.0,0
0000116_01059_d_0000085.jpg,4,9,6.0,0.0,0.0,0
0000116_01059_d_0000085.jpg,4,10,6.32,0.0,0.0,0
0000116_01059_d_0000085.jpg,3,11,5.74,0.0,0.0,0
0000116_01059_d_0000085.jpg,3,11,5.74,0.0,0.0,0
0000116_01059_d_0000085.jpg,4,10,6.32,0.0,0.0,0
0000116_01059_d_0000085.jpg,4,11,6.63,0.0,0.0,0
0000116_01059_d_0000085.jpg,4,11,6.63,0.0,0.0,0
0000116_01059_d_0000085.jpg,5,11,7.42,0.0,0.0,0
0000129_02411_d_0000138.jpg,10,14,11.83,0.0,0.0,0
0000129_02411_d_0000138.jpg,7,16,10.58,0.0,0.0,0
0000129_02411_d_0000138.jpg,8,17,11.66,0.0,0.0,0
0000129_02411_d_0000138.jpg,7,16,10.58,0.0,0.0,0
0000129_02411_d_0000138.jpg,5,19,9.75,0.0,0.0,0
0000129_02411_d_0000138.jpg,7,18,11.22,0.0,0.0,0
0000129_02411_d_0000138.jpg,7,21,12.12,0.0,0.0,0
0000129_02411_d_0000138.jpg,10,19,13.78,0.0,0.0,0
0000129_02411_d_0000138.jpg,8,13,10.2,0.0,0.0,0
0000129_02411_d_0000138.jpg,8,14,10.58,0.0,0.0,0
0000129_02411_d_0000138.jpg,12,10,10.95,0.0,0.0,0
0000129_02411_d_0000138.jpg,10,12,10.95,0.0,0.0,0
0000129_02411_d_0000138.jpg,9,12,10.39,0.0,0.0,0
0000129_02411_d_0000138.jpg,10,17,13.04,0.0,0.0,0
0000129_02411_d_0000138.jpg,10,16,12.65,0.0,0.0,0
0000129_02411_d_0000138.jpg,11,14,12.41,0.0,0.0,0
0000129_02411_d_0000138.jpg,12,13,12.49,0.0,0.0,0
0000129_02411_d_0000138.jpg,11,10,10.49,0.0,0.0,0
0000129_02411_d_0000138.jpg,7,11,8.77,0.0,0.0,0
0000129_02411_d_0000138.jpg,7,8,7.48,0.0,0.0,0
0000129_02411_d_0000138.jpg,8,12,9.8,0.0,0.0,0
0000129_02411_d_0000138.jpg,7,10,8.37,0.0,0.0,0
0000129_02411_d_0000138.jpg,8,11,9.38,0.0,0.0,0
0000129_02411_d_0000138.jpg,12,15,13.42,0.0,0.0,0
0000129_02411_d_0000138.jpg,7,8,7.48,0.0,0.0,0
0000129_02411_d_0000138.jpg,10,11,10.49,0.0,0.0,0
0000129_02411_d_0000138.jpg,9,14,11.22,0.0,0.0,0
0000129_02411_d_0000138.jpg,7,10,8.37,0.0,0.0,0
0000129_02411_d_0000138.jpg,7,10,8.37,0.0,0.0,0
0000129_02411_d_0000138.jpg,10,9,9.49,0.0,0.0,0
0000129_02411_d_0000138.jpg,9,10,9.49,0.0,0.0,0
0000129_02411_d_0000138.jpg,8,12,9.8,0.0,0.0,0
0000129_02411_d_0000138.jpg,7,13,9.54,0.0,0.0,0
0000129_02411_d_0000138.jpg,8,16,11.31,0.0,0.0,0
0000129_02411_d_0000138.jpg,7,12,9.17,0.0,0.0,0
0000129_02411_d_0000138.jpg,11,16,13.27,0.0,0.0,0
0000129_02411_d_0000138.jpg,7,13,9.54,0.0,0.0,0
0000129_02411_d_0000138.jpg,7,11,8.77,0.0,0.0,0
0000129_02411_d_0000138.jpg,7,12,9.17,0.0,0.0,0
0000129_02411_d_0000138.jpg,7,13,9.54,0.0,0.0,0
0000129_02411_d_0000138.jpg,9,15,11.62,0.0,0.0,0
0000129_02411_d_0000138.jpg,9,15,11.62,0.0,0.0,0
0000129_02411_d_0000138.jpg,10,12,10.95,0.0,0.0,0
0000129_02411_d_0000138.jpg,11,14,12.41,0.0,0.0,0
0000129_02411_d_0000138.jpg,10,13,11.4,0.0,0.0,0
0000129_02411_d_0000138.jpg,13,12,12.49,0.0,0.0,0
0000153_00001_d_0000001.jpg,19,49,30.51,0.6969,0.6599,1
0000153_00001_d_0000001.jpg,24,36,29.39,0.7078,0.4802,1
0000153_00001_d_0000001.jpg,12,26,17.66,0.246,0.5367,0
0000153_00001_d_0000001.jpg,13,33,20.71,0.3129,0.4897,0
0000153_00001_d_0000001.jpg,15,26,19.75,0.6738,0.6793,1
0000153_00001_d_0000001.jpg,13,26,18.38,0.6175,0.3549,1
0000153_00001_d_0000001.jpg,13,22,16.91,0.4937,0.3964,0
0000153_00001_d_0000001.jpg,16,31,22.27,0.831,0.3198,1
0000153_00001_d_0000001.jpg,8,13,10.2,0.0822,0.3244,0
0000153_00001_d_0000001.jpg,7,14,9.9,0.0,0.0,0
0000153_00001_d_0000001.jpg,9,16,12.0,0.5496,0.2837,1
0000153_00001_d_0000001.jpg,8,14,10.58,0.3413,0.1606,0
0000153_00001_d_0000001.jpg,6,12,8.49,0.1808,0.2495,0
0000153_00001_d_0000001.jpg,6,9,7.35,0.0,0.0,0
0000153_00001_d_0000001.jpg,6,9,7.35,0.0,0.0,0
0000153_00001_d_0000001.jpg,5,10,7.07,0.0,0.0,0
0000153_00001_d_0000001.jpg,16,29,21.54,0.5802,0.6328,1
0000153_00001_d_0000001.jpg,13,31,20.07,0.1046,0.4765,0
0000153_00401_d_0000001.jpg,11,26,16.91,0.459,0.2565,0
0000153_00401_d_0000001.jpg,9,23,14.39,0.6548,0.3279,1
0000153_00401_d_0000001.jpg,10,22,14.83,0.5511,0.2899,1
0000153_00401_d_0000001.jpg,15,28,20.49,0.5268,0.5669,1
0000153_00401_d_0000001.jpg,3,8,4.9,0.0,0.0,0
0000153_00401_d_0000001.jpg,7,17,10.91,0.5168,0.7185,1
0000153_00401_d_0000001.jpg,8,16,11.31,0.0,0.0,0
0000153_00401_d_0000001.jpg,6,13,8.83,0.0,0.0,0
0000153_00401_d_0000001.jpg,5,11,7.42,0.0,0.0,0
0000153_00401_d_0000001.jpg,4,12,6.93,0.0,0.0,0
0000153_00401_d_0000001.jpg,4,10,6.32,0.0,0.0,0
0000153_00401_d_0000001.jpg,21,24,22.45,0.0,0.0,0
0000153_00401_d_0000001.jpg,15,41,24.8,0.0,0.0,0
0000153_00401_d_0000001.jpg,25,35,29.58,0.0,0.0,0
0000153_00401_d_0000001.jpg,23,42,31.08,0.0,0.0,0
0000153_00401_d_0000001.jpg,19,38,26.87,0.682,0.5133,1
0000153_00401_d_0000001.jpg,9,34,17.49,0.3527,0.2683,0
0000153_00401_d_0000001.jpg,19,42,28.25,0.7982,0.4843,1
0000153_00801_d_0000001.jpg,9,24,14.7,0.0,0.0,0
0000153_00801_d_0000001.jpg,7,12,9.17,0.0,0.0,0
0000153_00801_d_0000001.jpg,6,11,8.12,0.0,0.0,0
0000153_00801_d_0000001.jpg,6,15,9.49,0.0,0.0,0
0000153_00801_d_0000001.jpg,4,8,5.66,0.0,0.0,0
0000153_00801_d_0000001.jpg,4,9,6.0,0.0,0.0,0
0000153_00801_d_0000001.jpg,4,15,7.75,0.3617,0.1693,0
0000153_00801_d_0000001.jpg,5,11,7.42,0.0038,0.2156,0
0000153_00801_d_0000001.jpg,4,10,6.32,0.0,0.0,0
0000153_00801_d_0000001.jpg,5,11,7.42,0.3558,0.1527,0
0000153_00801_d_0000001.jpg,5,7,5.92,0.0,0.0,0
0000153_00801_d_0000001.jpg,3,6,4.24,0.0,0.0,0
0000153_00801_d_0000001.jpg,3,6,4.24,0.0,0.0,0
0000153_00801_d_0000001.jpg,26,40,32.25,0.6741,0.6929,1
0000153_01201_d_0000001.jpg,4,8,5.66,0.0,0.0,0
0000153_01201_d_0000001.jpg,4,6,4.9,0.0,0.0,0
0000153_01201_d_0000001.jpg,5,9,6.71,0.0,0.0,0
0000153_01201_d_0000001.jpg,4,8,5.66,0.0,0.0,0
0000153_01201_d_0000001.jpg,5,6,5.48,0.0,0.0,0
0000153_01201_d_0000001.jpg,4,7,5.29,0.0,0.0,0
0000153_01201_d_0000001.jpg,4,7,5.29,0.0,0.0,0
0000153_01201_d_0000001.jpg,5,9,6.71,0.0,0.0,0
0000153_01201_d_0000001.jpg,8,12,9.8,0.0,0.0,0
0000153_01201_d_0000001.jpg,8,13,10.2,0.0,0.0,0
0000153_01201_d_0000001.jpg,4,12,6.93,0.0,0.0,0
0000153_01201_d_0000001.jpg,8,10,8.94,0.0,0.0,0
0000153_01201_d_0000001.jpg,10,18,13.42,0.0,0.0,0
0000153_01201_d_0000001.jpg,9,11,9.95,0.0,0.0,0
0000153_01201_d_0000001.jpg,11,22,15.56,0.0,0.0,0
0000153_01201_d_0000001.jpg,6,10,7.75,0.0,0.0,0
0000153_01201_d_0000001.jpg,6,9,7.35,0.0,0.0,0
0000153_01201_d_0000001.jpg,5,13,8.06,0.0,0.0,0
0000153_01201_d_0000001.jpg,10,14,11.83,0.5283,0.2922,1
0000153_01201_d_0000001.jpg,11,15,12.85,0.0,0.0,0
0000153_01201_d_0000001.jpg,7,18,11.22,0.0,0.0,0
0000153_01201_d_0000001.jpg,15,25,19.36,0.2201,0.2594,0
0000153_01201_d_0000001.jpg,12,22,16.25,0.0,0.0,0
0000153_01201_d_0000001.jpg,15,34,22.58,0.0,0.0,0
0000153_01201_d_0000001.jpg,21,47,31.42,0.8121,0.3202,1
0000153_01201_d_0000001.jpg,14,18,15.87,0.0,0.0,0
0000153_01201_d_0000001.jpg,11,19,14.46,0.0,0.0,0
0000153_01201_d_0000001.jpg,5,12,7.75,0.0,0.0,0
0000153_01201_d_0000001.jpg,3,7,4.58,0.0,0.0,0
0000153_01201_d_0000001.jpg,5,7,5.92,0.0,0.0,0
0000153_01201_d_0000001.jpg,2,6,3.46,0.0,0.0,0
0000153_01201_d_0000001.jpg,3,7,4.58,0.0,0.0,0
0000153_01601_d_0000001.jpg,14,32,21.17,0.9377,0.6839,1
0000153_01601_d_0000001.jpg,12,14,12.96,0.0,0.0,0
0000153_01601_d_0000001.jpg,17,25,20.62,0.5977,0.6531,1
0000153_01601_d_0000001.jpg,10,17,13.04,0.3914,0.1693,0
0000153_01601_d_0000001.jpg,9,18,12.73,0.3164,0.5869,0
0000153_01601_d_0000001.jpg,11,21,15.2,0.0,0.0,0
0000153_01601_d_0000001.jpg,21,34,26.72,0.5769,0.417,1
0000153_01601_d_0000001.jpg,5,8,6.32,0.0,0.0,0
0000153_01601_d_0000001.jpg,6,10,7.75,0.3041,0.228,0
0000153_01601_d_0000001.jpg,8,18,12.0,0.3809,0.6195,0
0000153_01601_d_0000001.jpg,7,15,10.25,0.2345,0.5266,0
0000153_01601_d_0000001.jpg,9,14,11.22,0.0,0.0,0
0000153_01601_d_0000001.jpg,9,14,11.22,0.0,0.0,0
0000153_01601_d_0000001.jpg,7,8,7.48,0.0,0.0,0
0000153_01601_d_0000001.jpg,6,9,7.35,0.3588,0.1812,0
0000153_01601_d_0000001.jpg,8,8,8.0,0.0,0.0,0
0000153_01601_d_0000001.jpg,7,9,7.94,0.0,0.0,0
0000153_01601_d_0000001.jpg,6,9,7.35,0.0,0.0,0
0000153_01601_d_0000001.jpg,5,7,5.92,0.0,0.0,0
0000153_01601_d_0000001.jpg,5,6,5.48,0.0,0.0,0
0000153_01601_d_0000001.jpg,4,5,4.47,0.0,0.0,0
0000153_01601_d_0000001.jpg,4,6,4.9,0.0,0.0,0
0000153_01601_d_0000001.jpg,7,10,8.37,0.1374,0.1753,0
0000153_01601_d_0000001.jpg,7,10,8.37,0.3471,0.1512,0
0000153_01601_d_0000001.jpg,7,8,7.48,0.0,0.0,0
0000153_01601_d_0000001.jpg,5,6,5.48,0.0,0.0,0
0000153_01601_d_0000001.jpg,7,8,7.48,0.0,0.0,0
0000153_01601_d_0000001.jpg,10,26,16.12,0.0,0.0,0
0000153_01801_d_0000001.jpg,10,25,15.81,0.0,0.0,0
0000153_01801_d_0000001.jpg,10,13,11.4,0.4176,0.1849,0
0000153_01801_d_0000001.jpg,12,24,16.97,0.5679,0.3717,1
0000153_01801_d_0000001.jpg,7,16,10.58,0.0,0.0,0
0000153_01801_d_0000001.jpg,5,11,7.42,0.0,0.0,0
0000153_01801_d_0000001.jpg,4,9,6.0,0.0,0.0,0
0000153_01801_d_0000001.jpg,2,7,3.74,0.0,0.0,0
0000153_01801_d_0000001.jpg,3,7,4.58,0.0,0.0,0
0000153_01801_d_0000001.jpg,8,18,12.0,0.507,0.3199,1
0000153_01801_d_0000001.jpg,14,20,16.73,0.0,0.0,0
0000153_01801_d_0000001.jpg,10,18,13.42,0.0,0.0,0
0000153_01801_d_0000001.jpg,9,20,13.42,0.3763,0.1604,0
0000153_01801_d_0000001.jpg,6,12,8.49,0.0,0.0,0
0000153_01801_d_0000001.jpg,7,14,9.9,0.0,0.0,0
0000153_01801_d_0000001.jpg,8,10,8.94,0.0,0.0,0
0000153_01801_d_0000001.jpg,4,8,5.66,0.0,0.0,0
0000153_01801_d_0000001.jpg,4,6,4.9,0.0,0.0,0
0000153_01801_d_0000001.jpg,4,5,4.47,0.0,0.0,0
0000153_01801_d_0000001.jpg,5,7,5.92,0.0,0.0,0
0000153_01801_d_0000001.jpg,4,5,4.47,0.0,0.0,0
0000153_01801_d_0000001.jpg,7,20,11.83,0.0,0.0,0
0000153_01801_d_0000001.jpg,7,19,11.53,0.0,0.0,0
0000154_00001_d_0000001.jpg,11,24,16.25,0.6213,0.2099,1
0000154_00001_d_0000001.jpg,9,27,15.59,0.0,0.0,0
0000154_00001_d_0000001.jpg,16,21,18.33,0.0,0.0,0
0000154_00001_d_0000001.jpg,15,28,20.49,0.0,0.0,0
0000154_00001_d_0000001.jpg,10,21,14.49,0.1954,0.2041,0
0000154_00001_d_0000001.jpg,10,19,13.78,0.5623,0.4954,1
0000154_00001_d_0000001.jpg,22,30,25.69,0.8026,0.5503,1
0000154_00001_d_0000001.jpg,7,11,8.77,0.3888,0.151,0
0000154_00001_d_0000001.jpg,5,10,7.07,0.0,0.0,0
0000154_00001_d_0000001.jpg,7,9,7.94,0.0,0.0,0
0000154_00001_d_0000001.jpg,5,9,6.71,0.0,0.0,0
0000154_00001_d_0000001.jpg,4,8,5.66,0.0,0.0,0
0000154_00001_d_0000001.jpg,7,11,8.77,0.0,0.0,0
0000154_00001_d_0000001.jpg,7,14,9.9,0.0,0.0,0
0000154_00001_d_0000001.jpg,8,11,9.38,0.0,0.0,0
0000154_00001_d_0000001.jpg,4,8,5.66,0.0,0.0,0
0000154_00001_d_0000001.jpg,5,6,5.48,0.0,0.0,0
0000154_00001_d_0000001.jpg,4,7,5.29,0.0,0.0,0
0000154_00001_d_0000001.jpg,4,6,4.9,0.0,0.0,0
0000154_00001_d_0000001.jpg,5,7,5.92,0.0,0.0,0
0000154_00401_d_0000001.jpg,16,34,23.32,0.6614,0.4889,1
0000154_00401_d_0000001.jpg,13,18,15.3,0.0,0.0,0
0000154_00401_d_0000001.jpg,8,15,10.95,0.5703,0.1906,1
0000154_00401_d_0000001.jpg,8,13,10.2,0.4935,0.1916,0
0000154_00401_d_0000001.jpg,7,12,9.17,0.0,0.0,0
0000154_00401_d_0000001.jpg,7,9,7.94,0.1916,0.1883,0
0000154_00401_d_0000001.jpg,7,9,7.94,0.0,0.0,0
0000154_00401_d_0000001.jpg,8,12,9.8,0.0,0.0,0
0000154_00401_d_0000001.jpg,11,18,14.07,0.0,0.0,0
0000154_00401_d_0000001.jpg,7,12,9.17,0.0,0.0,0
0000154_00401_d_0000001.jpg,5,8,6.32,0.0,0.0,0
0000154_00401_d_0000001.jpg,17,19,17.97,0.0,0.0,0
0000154_00401_d_0000001.jpg,24,46,33.23,0.5873,0.1551,1
0000154_00401_d_0000001.jpg,24,28,25.92,0.0,0.0,0
0000154_00401_d_0000001.jpg,11,22,15.56,0.0,0.0,0
0000154_00401_d_0000001.jpg,4,7,5.29,0.0,0.0,0
0000154_00401_d_0000001.jpg,4,9,6.0,0.0,0.0,0
0000154_00401_d_0000001.jpg,4,6,4.9,0.0,0.0,0
0000154_00401_d_0000001.jpg,4,7,5.29,0.0,0.0,0
0000154_00401_d_0000001.jpg,4,6,4.9,0.0,0.0,0
0000154_00801_d_0000001.jpg,3,7,4.58,0.0,0.0,0
0000154_00801_d_0000001.jpg,3,8,4.9,0.0,0.0,0
0000154_00801_d_0000001.jpg,4,8,5.66,0.0,0.0,0
0000154_00801_d_0000001.jpg,4,11,6.63,0.0,0.0,0
0000154_00801_d_0000001.jpg,8,10,8.94,0.0,0.0,0
0000154_00801_d_0000001.jpg,7,12,9.17,0.0,0.0,0
0000154_00801_d_0000001.jpg,6,13,8.83,0.0,0.0,0
0000154_00801_d_0000001.jpg,7,19,11.53,0.0,0.0,0
0000154_00801_d_0000001.jpg,7,11,8.77,0.0,0.0,0
0000154_00801_d_0000001.jpg,5,9,6.71,0.0,0.0,0
0000154_00801_d_0000001.jpg,4,8,5.66,0.0,0.0,0
0000154_00801_d_0000001.jpg,5,14,8.37,0.0,0.0,0
0000154_00801_d_0000001.jpg,5,8,6.32,0.0,0.0,0
0000154_00801_d_0000001.jpg,7,8,7.48,0.0,0.0,0
0000154_00801_d_0000001.jpg,5,10,7.07,0.0709,0.2967,0
0000154_00801_d_0000001.jpg,9,16,12.0,0.4916,0.2997,0
0000154_00801_d_0000001.jpg,7,10,8.37,0.0,0.0,0
0000154_00801_d_0000001.jpg,4,8,5.66,0.0,0.0,0
0000154_00801_d_0000001.jpg,6,10,7.75,0.0,0.0,0
0000154_00801_d_0000001.jpg,7,16,10.58,0.0,0.0,0
0000154_00801_d_0000001.jpg,12,25,17.32,0.6827,0.3684,1
0000154_00801_d_0000001.jpg,16,27,20.78,0.6146,0.5158,1
0000154_00801_d_0000001.jpg,17,24,20.2,0.0,0.0,0
0000154_00801_d_0000001.jpg,17,21,18.89,0.0,0.0,0
0000154_00801_d_0000001.jpg,21,31,25.51,0.7103,0.1916,1
0000154_00801_d_0000001.jpg,24,31,27.28,0.8325,0.5995,1
0000154_00801_d_0000001.jpg,19,26,22.23,0.3237,0.6411,0
0000154_00801_d_0000001.jpg,4,12,6.93,0.0,0.0,0
0000154_00801_d_0000001.jpg,5,8,6.32,0.0,0.0,0
0000154_01201_d_0000001.jpg,15,41,24.8,0.8437,0.6391,1
0000154_01201_d_0000001.jpg,11,38,20.45,0.774,0.557,1
0000154_01201_d_0000001.jpg,14,36,22.45,0.7163,0.3746,1
0000154_01201_d_0000001.jpg,10,31,17.61,0.7319,0.1777,1
0000154_01201_d_0000001.jpg,10,17,13.04,0.0,0.0,0
0000154_01201_d_0000001.jpg,7,17,10.91,0.0,0.0,0
0000154_01201_d_0000001.jpg,8,19,12.33,0.0,0.0,0
0000154_01201_d_0000001.jpg,6,15,9.49,0.0493,0.1513,0
0000154_01201_d_0000001.jpg,5,10,7.07,0.0,0.0,0
0000154_01201_d_0000001.jpg,5,7,5.92,0.0,0.0,0
0000154_01201_d_0000001.jpg,5,5,5.0,0.0,0.0,0
0000154_01201_d_0000001.jpg,7,11,8.77,0.0,0.0,0
0000154_01201_d_0000001.jpg,4,9,6.0,0.0,0.0,0
0000154_01201_d_0000001.jpg,4,9,6.0,0.0,0.0,0
0000154_01201_d_0000001.jpg,5,8,6.32,0.0,0.0,0
0000154_01201_d_0000001.jpg,3,8,4.9,0.0,0.0,0
0000154_01201_d_0000001.jpg,6,20,10.95,0.0,0.0,0
0000154_01201_d_0000001.jpg,12,24,16.97,0.0,0.0,0
0000154_01201_d_0000001.jpg,16,34,23.32,0.5339,0.3954,1
0000154_01201_d_0000001.jpg,12,30,18.97,0.8052,0.1863,1
0000154_01201_d_0000001.jpg,16,33,22.98,0.7784,0.546,1
0000154_01201_d_0000001.jpg,4,10,6.32,0.0,0.0,0
0000154_01201_d_0000001.jpg,5,14,8.37,0.0,0.0,0
0000154_01201_d_0000001.jpg,9,15,11.62,0.0,0.0,0
0000154_01201_d_0000001.jpg,7,13,9.54,0.0,0.0,0
0000154_01201_d_0000001.jpg,6,15,9.49,0.0,0.0,0
0000154_01201_d_0000001.jpg,6,10,7.75,0.0,0.0,0
0000154_01201_d_0000001.jpg,5,9,6.71,0.0,0.0,0
0000154_01201_d_0000001.jpg,5,9,6.71,0.0,0.0,0
0000154_01201_d_0000001.jpg,4,8,5.66,0.0,0.0,0
0000154_01201_d_0000001.jpg,18,28,22.45,0.0,0.0,0
0000154_01201_d_0000001.jpg,24,34,28.57,0.0,0.0,0
0000154_01201_d_0000001.jpg,9,24,14.7,0.0,0.0,0
0000154_01601_d_0000001.jpg,6,12,8.49,0.0,0.0,0
0000154_01601_d_0000001.jpg,4,8,5.66,0.0,0.0,0
0000154_01601_d_0000001.jpg,6,9,7.35,0.0,0.0,0
0000154_01601_d_0000001.jpg,6,12,8.49,0.0,0.0,0
0000154_01601_d_0000001.jpg,8,12,9.8,0.0,0.0,0
0000154_01601_d_0000001.jpg,8,17,11.66,0.0,0.0,0
0000154_01601_d_0000001.jpg,10,18,13.42,0.0,0.0,0
0000154_01601_d_0000001.jpg,7,11,8.77,0.4815,0.2126,0
0000154_01601_d_0000001.jpg,6,11,8.12,0.0,0.0,0
0000154_01601_d_0000001.jpg,9,16,12.0,0.0,0.0,0
0000154_01601_d_0000001.jpg,9,12,10.39,0.0,0.0,0
0000154_01601_d_0000001.jpg,8,15,10.95,0.0,0.0,0
0000154_01601_d_0000001.jpg,10,20,14.14,0.6725,0.2188,1
0000154_01601_d_0000001.jpg,8,12,9.8,0.0,0.0,0
0000154_01601_d_0000001.jpg,15,29,20.86,0.7522,0.2319,1
0000154_01601_d_0000001.jpg,25,39,31.22,0.0,0.0,0
0000154_01601_d_0000001.jpg,6,15,9.49,0.0,0.0,0
0000154_01601_d_0000001.jpg,4,12,6.93,0.0,0.0,0
0000154_01601_d_0000001.jpg,7,8,7.48,0.0,0.0,0
0000154_01601_d_0000001.jpg,6,8,6.93,0.0,0.0,0
0000154_01601_d_0000001.jpg,8,14,10.58,0.0,0.0,0
0000154_01601_d_0000001.jpg,9,22,14.07,0.0,0.0,0
0000154_01601_d_0000001.jpg,9,24,14.7,0.0,0.0,0
0000154_01601_d_0000001.jpg,7,19,11.53,0.0,0.0,0
0000154_01601_d_0000001.jpg,11,27,17.23,0.6917,0.5768,1
0000154_01601_d_0000001.jpg,10,20,14.14,0.0,0.0,0
0000154_01601_d_0000001.jpg,9,22,14.07,0.0,0.0,0
0000154_01601_d_0000001.jpg,23,18,20.35,0.0,0.0,0
0000154_01601_d_0000001.jpg,22,26,23.92,0.7793,0.7349,1
0000154_01601_d_0000001.jpg,4,15,7.75,0.0,0.0,0
0000154_01601_d_0000001.jpg,4,7,5.29,0.0,0.0,0
0000154_01601_d_0000001.jpg,3,11,5.74,0.0,0.0,0
0000154_01601_d_0000001.jpg,8,12,9.8,0.0,0.0,0
0000154_02001_d_0000001.jpg,16,48,27.71,0.5011,0.3034,1
0000154_02001_d_0000001.jpg,14,41,23.96,0.7417,0.5255,1
0000154_02001_d_0000001.jpg,16,36,24.0,0.6821,0.1649,1
0000154_02001_d_0000001.jpg,20,31,24.9,0.2135,0.3396,0
0000154_02001_d_0000001.jpg,14,40,23.66,0.0,0.0,0
0000154_02001_d_0000001.jpg,17,36,24.74,0.3498,0.2972,0
0000154_02001_d_0000001.jpg,18,29,22.85,0.6534,0.4355,1
0000154_02001_d_0000001.jpg,14,28,19.8,0.0,0.0,0
0000154_02001_d_0000001.jpg,14,21,17.15,0.0,0.0,0
0000154_02001_d_0000001.jpg,12,18,14.7,0.0,0.0,0
0000154_02001_d_0000001.jpg,13,25,18.03,0.6951,0.2743,1
0000154_02001_d_0000001.jpg,11,23,15.91,0.0,0.0,0
0000154_02001_d_0000001.jpg,13,20,16.12,0.6657,0.6323,1
0000154_02001_d_0000001.jpg,15,23,18.57,0.0,0.0,0
0000154_02001_d_0000001.jpg,13,30,19.75,0.6608,0.6099,1
0000154_02001_d_0000001.jpg,11,21,15.2,0.7428,0.4129,1
0000154_02001_d_0000001.jpg,9,20,13.42,0.4225,0.3495,0
0000154_02001_d_0000001.jpg,8,12,9.8,0.0,0.0,0
0000154_02001_d_0000001.jpg,10,14,11.83,0.0,0.0,0
0000154_02001_d_0000001.jpg,9,12,10.39,0.0,0.0,0
0000154_02001_d_0000001.jpg,7,12,9.17,0.0,0.0,0
0000154_02001_d_0000001.jpg,9,14,11.22,0.6243,0.1564,1
0000154_02001_d_0000001.jpg,8,11,9.38,0.2124,0.1791,0
0000154_02001_d_0000001.jpg,7,14,9.9,0.0,0.0,0
0000154_02001_d_0000001.jpg,6,9,7.35,0.0,0.0,0
0000154_02001_d_0000001.jpg,8,10,8.94,0.0,0.0,0
0000154_02001_d_0000001.jpg,15,31,21.56,0.7842,0.4797,1
0000154_02001_d_0000001.jpg,11,13,11.96,0.0,0.0,0
0000154_02001_d_0000001.jpg,9,13,10.82,0.0,0.0,0
0000154_02001_d_0000001.jpg,9,11,9.95,0.0,0.0,0
0000154_02001_d_0000001.jpg,5,8,6.32,0.0,0.0,0
0000154_02001_d_0000001.jpg,8,11,9.38,0.0,0.0,0
0000154_02001_d_0000001.jpg,11,15,12.85,0.0,0.0,0
0000154_02001_d_0000001.jpg,8,12,9.8,0.0,0.0,0
0000154_02001_d_0000001.jpg,15,26,19.75,0.4025,0.2336,0
0000155_00001_d_0000001.jpg,6,12,8.49,0.0,0.0,0
0000155_00001_d_0000001.jpg,7,17,10.91,0.0,0.0,0
0000155_00001_d_0000001.jpg,7,22,12.41,0.0,0.0,0
0000155_00001_d_0000001.jpg,8,17,11.66,0.0,0.0,0
0000155_00001_d_0000001.jpg,8,12,9.8,0.0,0.0,0
0000155_00001_d_0000001.jpg,9,14,11.22,0.0,0.0,0
0000155_00001_d_0000001.jpg,8,14,10.58,0.0,0.0,0
0000155_00001_d_0000001.jpg,7,14,9.9,0.0,0.0,0
0000155_00001_d_0000001.jpg,8,12,9.8,0.0,0.0,0
0000155_00001_d_0000001.jpg,10,17,13.04,0.0,0.0,0
0000155_00001_d_0000001.jpg,10,24,15.49,0.8063,0.2742,1
0000155_00001_d_0000001.jpg,10,21,14.49,0.0,0.0,0
0000155_00001_d_0000001.jpg,11,22,15.56,0.6087,0.2523,1
0000155_00001_d_0000001.jpg,10,17,13.04,0.3989,0.3977,0
0000155_00001_d_0000001.jpg,15,34,22.58,0.6066,0.2171,1
0000155_00001_d_0000001.jpg,13,27,18.73,0.6989,0.6965,1
0000155_00001_d_0000001.jpg,11,21,15.2,0.631,0.2466,1
0000155_00001_d_0000001.jpg,14,25,18.71,0.0,0.0,0
0000155_00001_d_0000001.jpg,17,28,21.82,0.7319,0.4355,1
0000155_00001_d_0000001.jpg,19,30,23.87,0.7306,0.3836,1
0000155_00001_d_0000001.jpg,25,55,37.08,0.7878,0.2411,1
0000155_00001_d_0000001.jpg,22,32,26.53,0.0,0.0,0
0000155_00001_d_0000001.jpg,31,23,26.7,0.9649,0.6895,1
0000155_00001_d_0000001.jpg,27,60,40.25,0.8199,0.4591,1
0000155_00001_d_0000001.jpg,22,62,36.93,0.7818,0.4591,1
0000155_00001_d_0000001.jpg,15,22,18.17,0.7252,0.3022,1
0000155_00001_d_0000001.jpg,22,51,33.5,0.7369,0.4428,1
0000155_00001_d_0000001.jpg,34,64,46.65,0.8789,0.8012,1
0000155_00001_d_0000001.jpg,27,48,36.0,0.624,0.5893,1
0000155_00001_d_0000001.jpg,26,45,34.21,0.8439,0.4932,1
0000155_00001_d_0000001.jpg,4,6,4.9,0.0,0.0,0
0000155_00001_d_0000001.jpg,4,6,4.9,0.0,0.0,0
0000155_00001_d_0000001.jpg,8,8,8.0,0.0,0.0,0
0000155_00001_d_0000001.jpg,7,6,6.48,0.0,0.0,0
0000155_00001_d_0000001.jpg,6,5,5.48,0.0,0.0,0
0000155_00001_d_0000001.jpg,6,6,6.0,0.0,0.0,0
0000155_00001_d_0000001.jpg,6,6,6.0,0.0,0.0,0
0000155_00001_d_0000001.jpg,4,11,6.63,0.0,0.0,0
0000155_00401_d_0000001.jpg,13,28,19.08,0.0,0.0,0
0000155_00401_d_0000001.jpg,11,29,17.86,0.0,0.0,0
0000155_00401_d_0000001.jpg,7,17,10.91,0.0,0.0,0
0000155_00401_d_0000001.jpg,5,14,8.37,0.0,0.0,0
0000155_00401_d_0000001.jpg,4,13,7.21,0.0,0.0,0
0000155_00401_d_0000001.jpg,25,57,37.75,0.7339,0.6767,1
0000155_00401_d_0000001.jpg,21,41,29.34,0.793,0.4768,1
0000155_00401_d_0000001.jpg,22,46,31.81,0.8941,0.5303,1
0000155_00401_d_0000001.jpg,18,37,25.81,0.5328,0.2514,1
0000155_00401_d_0000001.jpg,12,24,16.97,0.6804,0.6742,1
0000155_00401_d_0000001.jpg,8,13,10.2,0.3829,0.164,0
0000155_00401_d_0000001.jpg,5,7,5.92,0.0,0.0,0
0000155_00401_d_0000001.jpg,4,8,5.66,0.0,0.0,0
0000155_00401_d_0000001.jpg,3,7,4.58,0.0,0.0,0
0000155_00401_d_0000001.jpg,3,7,4.58,0.0,0.0,0
0000155_00401_d_0000001.jpg,4,6,4.9,0.0,0.0,0
0000155_00401_d_0000001.jpg,4,6,4.9,0.0,0.0,0
0000155_00401_d_0000001.jpg,4,11,6.63,0.0,0.0,0
0000155_00401_d_0000001.jpg,7,8,7.48,0.0,0.0,0
0000155_00401_d_0000001.jpg,7,8,7.48,0.0,0.0,0
0000155_00401_d_0000001.jpg,6,7,6.48,0.0,0.0,0
0000155_00401_d_0000001.jpg,5,6,5.48,0.0,0.0,0
0000155_00401_d_0000001.jpg,11,10,10.49,0.0,0.0,0
0000155_00401_d_0000001.jpg,9,10,9.49,0.0,0.0,0
0000155_00401_d_0000001.jpg,6,10,7.75,0.0,0.0,0
0000155_00401_d_0000001.jpg,9,18,12.73,0.0,0.0,0
0000155_00401_d_0000001.jpg,17,36,24.74,0.7275,0.3296,1
0000155_00401_d_0000001.jpg,17,31,22.96,0.7519,0.2897,1
0000155_00401_d_0000001.jpg,16,31,22.27,0.6778,0.1795,1
0000155_00401_d_0000001.jpg,9,21,13.75,0.2942,0.3666,0
0000155_00401_d_0000001.jpg,16,32,22.63,0.6149,0.4386,1
0000155_00401_d_0000001.jpg,10,24,15.49,0.601,0.4477,1
0000155_00401_d_0000001.jpg,8,10,8.94,0.2282,0.2725,0
0000155_00401_d_0000001.jpg,10,14,11.83,0.3439,0.2158,0
0000155_00401_d_0000001.jpg,7,23,12.69,0.0,0.0,0
0000155_00401_d_0000001.jpg,7,21,12.12,0.0,0.0,0
0000155_00401_d_0000001.jpg,18,24,20.78,0.0,0.0,0
0000155_00401_d_0000001.jpg,7,25,13.23,0.0,0.0,0
0000155_00401_d_0000001.jpg,10,27,16.43,0.0,0.0,0
0000155_00401_d_0000001.jpg,6,11,8.12,0.0,0.0,0
0000155_00401_d_0000001.jpg,24,40,30.98,0.7513,0.4911,1
0000155_00401_d_0000001.jpg,29,39,33.63,0.6571,0.1647,1
0000155_00401_d_0000001.jpg,10,15,12.25,0.0,0.0,0
0000155_00401_d_0000001.jpg,10,15,12.25,0.0,0.0,0
0000155_00401_d_0000001.jpg,11,13,11.96,0.0063,0.207,0
0000155_00401_d_0000001.jpg,8,15,10.95,0.0,0.0,0
0000155_00401_d_0000001.jpg,16,24,19.6,0.0,0.0,0
0000155_00401_d_0000001.jpg,9,14,11.22,0.0,0.0,0
0000155_00401_d_0000001.jpg,6,12,8.49,0.0,0.0,0
0000155_00401_d_0000001.jpg,6,10,7.75,0.0,0.0,0
0000155_00801_d_0000001.jpg,22,52,33.82,0.6468,0.2091,1
0000155_00801_d_0000001.jpg,15,29,20.86,0.4728,0.2531,0
0000155_00801_d_0000001.jpg,19,51,31.13,0.8102,0.3899,1
0000155_00801_d_0000001.jpg,13,26,18.38,0.7209,0.3472,1
0000155_00801_d_0000001.jpg,11,22,15.56,0.5747,0.2591,1
0000155_00801_d_0000001.jpg,14,23,17.94,0.0,0.0,0
0000155_00801_d_0000001.jpg,8,19,12.33,0.0,0.0,0
0000155_00801_d_0000001.jpg,9,21,13.75,0.6675,0.3194,1
0000155_00801_d_0000001.jpg,7,16,10.58,0.7171,0.1638,1
0000155_00801_d_0000001.jpg,6,18,10.39,0.0,0.0,0
0000155_00801_d_0000001.jpg,7,17,10.91,0.3896,0.2138,0
0000155_00801_d_0000001.jpg,6,13,8.83,0.2078,0.1527,0
0000155_00801_d_0000001.jpg,5,10,7.07,0.0,0.0,0
0000155_00801_d_0000001.jpg,7,12,9.17,0.2891,0.2503,0
0000155_00801_d_0000001.jpg,11,19,14.46,0.5604,0.2748,1
0000155_00801_d_0000001.jpg,10,19,13.78,0.2592,0.202,0
0000155_00801_d_0000001.jpg,9,20,13.42,0.6455,0.2225,1
0000155_00801_d_0000001.jpg,9,18,12.73,0.0,0.0,0
0000155_00801_d_0000001.jpg,9,16,12.0,0.0,0.0,0
0000155_00801_d_0000001.jpg,7,17,10.91,0.0497,0.212,0
0000155_00801_d_0000001.jpg,9,18,12.73,0.0,0.0,0
0000155_00801_d_0000001.jpg,7,13,9.54,0.0,0.0,0
0000155_00801_d_0000001.jpg,7,15,10.25,0.598,0.2099,1
0000155_00801_d_0000001.jpg,4,13,7.21,0.0,0.0,0
0000155_00801_d_0000001.jpg,6,10,7.75,0.0,0.0,0
0000155_00801_d_0000001.jpg,4,9,6.0,0.0,0.0,0
0000155_00801_d_0000001.jpg,3,7,4.58,0.0,0.0,0
0000155_00801_d_0000001.jpg,3,7,4.58,0.0,0.0,0
0000155_00801_d_0000001.jpg,9,26,15.3,0.5767,0.1838,1
0000155_00801_d_0000001.jpg,9,26,15.3,0.1732,0.2045,0
0000155_00801_d_0000001.jpg,8,21,12.96,0.6694,0.1887,1
0000155_00801_d_0000001.jpg,10,23,15.17,0.7582,0.2167,1
0000155_00801_d_0000001.jpg,7,18,11.22,0.0,0.0,0
0000155_00801_d_0000001.jpg,4,12,6.93,0.0,0.0,0
0000155_00801_d_0000001.jpg,4,8,5.66,0.0,0.0,0
0000155_00801_d_0000001.jpg,3,9,5.2,0.0,0.0,0
0000155_00801_d_0000001.jpg,3,8,4.9,0.0,0.0,0
0000155_00801_d_0000001.jpg,10,26,16.12,0.0,0.0,0
0000155_00801_d_0000001.jpg,16,35,23.66,0.0,0.0,0
0000155_00801_d_0000001.jpg,15,43,25.4,0.0,0.0,0
0000155_01201_d_0000001.jpg,4,10,6.32,0.0,0.0,0
0000155_01201_d_0000001.jpg,6,12,8.49,0.0,0.0,0
0000155_01201_d_0000001.jpg,6,13,8.83,0.0,0.0,0
0000155_01201_d_0000001.jpg,6,15,9.49,0.0,0.0,0
0000155_01201_d_0000001.jpg,8,12,9.8,0.0,0.0,0
0000155_01201_d_0000001.jpg,6,11,8.12,0.0,0.0,0
0000155_01201_d_0000001.jpg,7,17,10.91,0.0,0.0,0
0000155_01201_d_0000001.jpg,7,13,9.54,0.0,0.0,0
0000155_01201_d_0000001.jpg,8,11,9.38,0.0,0.0,0
0000155_01201_d_0000001.jpg,9,14,11.22,0.0,0.0,0
0000155_01201_d_0000001.jpg,10,20,14.14,0.0,0.0,0
0000155_01201_d_0000001.jpg,10,18,13.42,0.0,0.0,0
0000155_01201_d_0000001.jpg,10,17,13.04,0.6345,0.2204,1
0000155_01201_d_0000001.jpg,13,18,15.3,0.3044,0.3233,0
0000155_01201_d_0000001.jpg,13,21,16.52,0.0,0.0,0
0000155_01201_d_0000001.jpg,15,20,17.32,0.2712,0.2434,0
0000155_01201_d_0000001.jpg,14,22,17.55,0.6358,0.2292,1
0000155_01201_d_0000001.jpg,12,20,15.49,0.0,0.0,0
0000155_01201_d_0000001.jpg,18,26,21.63,0.8887,0.3144,1
0000155_01201_d_0000001.jpg,12,19,15.1,0.2656,0.443,0
0000155_01201_d_0000001.jpg,13,28,19.08,0.0,0.0,0
0000155_01201_d_0000001.jpg,8,13,10.2,0.362,0.1888,0
0000155_01201_d_0000001.jpg,10,21,14.49,0.0,0.0,0
0000155_01201_d_0000001.jpg,17,36,24.74,0.0,0.0,0
0000155_01201_d_0000001.jpg,13,20,16.12,0.0,0.0,0
0000155_01201_d_0000001.jpg,16,36,24.0,0.0,0.0,0
0000155_01201_d_0000001.jpg,23,45,32.17,0.7285,0.6293,1
0000155_01201_d_0000001.jpg,12,43,22.72,0.0,0.0,0
0000155_01201_d_0000001.jpg,5,10,7.07,0.0,0.0,0
0000155_01201_d_0000001.jpg,9,15,11.62,0.0,0.0,0
0000155_01201_d_0000001.jpg,6,10,7.75,0.0,0.0,0
0000155_01201_d_0000001.jpg,6,14,9.17,0.0,0.0,0
0000155_01201_d_0000001.jpg,5,8,6.32,0.0,0.0,0
0000155_01201_d_0000001.jpg,3,9,5.2,0.0,0.0,0
0000155_01601_d_0000001.jpg,10,26,16.12,0.5894,0.2988,1
0000155_01601_d_0000001.jpg,17,33,23.69,0.0,0.0,0
0000155_01601_d_0000001.jpg,18,34,24.74,0.8047,0.218,1
0000155_01601_d_0000001.jpg,20,35,26.46,0.6489,0.4105,1
0000155_01601_d_0000001.jpg,14,27,19.44,0.3227,0.4638,0
0000155_01601_d_0000001.jpg,21,36,27.5,0.6099,0.333,1
0000155_01601_d_0000001.jpg,25,39,31.22,0.5473,0.4545,1
0000155_01601_d_0000001.jpg,23,42,31.08,0.1647,0.2378,0
0000155_01601_d_0000001.jpg,16,26,20.4,0.5888,0.1511,1
0000155_01601_d_0000001.jpg,16,26,20.4,0.6732,0.2914,1
0000155_01601_d_0000001.jpg,14,24,18.33,0.0424,0.2057,0
0000155_01601_d_0000001.jpg,27,35,30.74,0.2853,0.1875,0
0000155_01601_d_0000001.jpg,16,39,24.98,0.0232,0.2716,0
0000155_01601_d_0000001.jpg,18,33,24.37,0.7982,0.3356,1
0000155_01601_d_0000001.jpg,7,13,9.54,0.0,0.0,0
0000155_01601_d_0000001.jpg,8,10,8.94,0.0,0.0,0
0000155_01601_d_0000001.jpg,6,12,8.49,0.0,0.0,0
0000155_01601_d_0000001.jpg,6,8,6.93,0.0,0.0,0
0000155_01601_d_0000001.jpg,6,9,7.35,0.0,0.0,0
0000155_01601_d_0000001.jpg,6,10,7.75,0.0,0.0,0
0000155_01601_d_0000001.jpg,5,6,5.48,0.0,0.0,0
0000155_01601_d_0000001.jpg,6,10,7.75,0.0,0.0,0
0000155_01601_d_0000001.jpg,5,8,6.32,0.0,0.0,0
0000155_01601_d_0000001.jpg,6,11,8.12,0.0,0.0,0
0000155_01601_d_0000001.jpg,8,10,8.94,0.0,0.0,0
0000155_01871_d_0000001.jpg,10,22,14.83,0.0,0.0,0
0000155_01871_d_0000001.jpg,5,13,8.06,0.0,0.0,0
0000155_01871_d_0000001.jpg,14,20,16.73,0.6544,0.1746,1
0000155_01871_d_0000001.jpg,20,40,28.28,0.7021,0.4401,1
0000155_01871_d_0000001.jpg,21,33,26.32,0.8691,0.2114,1
0000155_01871_d_0000001.jpg,15,24,18.97,0.7571,0.3807,1
0000155_01871_d_0000001.jpg,13,26,18.38,0.6474,0.6669,1
0000155_01871_d_0000001.jpg,9,17,12.37,0.5316,0.3104,1
0000155_01871_d_0000001.jpg,8,15,10.95,0.0,0.0,0
0000155_01871_d_0000001.jpg,6,11,8.12,0.0,0.0,0
0000155_01871_d_0000001.jpg,5,10,7.07,0.4207,0.1506,0
0000155_01871_d_0000001.jpg,4,10,6.32,0.0,0.0,0
0000155_01871_d_0000001.jpg,4,9,6.0,0.0,0.0,0
0000155_01871_d_0000001.jpg,4,8,5.66,0.0,0.0,0
0000155_01871_d_0000001.jpg,4,8,5.66,0.0,0.0,0
0000155_01871_d_0000001.jpg,4,7,5.29,0.0,0.0,0
0000155_01871_d_0000001.jpg,6,18,10.39,0.0,0.0,0
0000155_01871_d_0000001.jpg,28,36,31.75,0.0,0.0,0
0000155_01871_d_0000001.jpg,28,40,33.47,0.7273,0.2712,1
0000162_00001_d_0000001.jpg,8,11,9.38,0.7494,0.3909,1
0000162_00001_d_0000001.jpg,21,35,27.11,0.7405,0.4234,1
0000162_00001_d_0000001.jpg,20,44,29.66,0.7233,0.2666,1
0000162_00001_d_0000001.jpg,4,10,6.32,0.0,0.0,0
0000162_00001_d_0000001.jpg,5,9,6.71,0.0,0.0,0
0000162_00001_d_0000001.jpg,4,11,6.63,0.0,0.0,0
0000162_00001_d_0000001.jpg,7,17,10.91,0.5193,0.2241,1
0000162_00001_d_0000001.jpg,21,34,26.72,0.6813,0.3173,1
0000162_00001_d_0000001.jpg,8,15,10.95,0.6096,0.1717,1
0000162_00401_d_0000001.jpg,24,43,32.12,0.5779,0.7113,1
0000162_00401_d_0000001.jpg,18,30,23.24,0.6376,0.6311,1
0000162_00401_d_0000001.jpg,17,23,19.77,0.5965,0.1946,1
0000162_00401_d_0000001.jpg,18,28,22.45,0.0,0.0,0
0000162_00401_d_0000001.jpg,12,18,14.7,0.5058,0.2291,1
0000162_00401_d_0000001.jpg,14,19,16.31,0.5923,0.4953,1
0000162_00401_d_0000001.jpg,9,17,12.37,0.5827,0.3024,1
0000162_00401_d_0000001.jpg,8,15,10.95,0.0,0.0,0
0000162_00401_d_0000001.jpg,14,12,12.96,0.0,0.0,0
0000162_00401_d_0000001.jpg,9,16,12.0,0.6542,0.1597,1
0000162_00401_d_0000001.jpg,9,18,12.73,0.0,0.0,0
0000162_00401_d_0000001.jpg,5,9,6.71,0.0,0.0,0
0000162_00401_d_0000001.jpg,4,10,6.32,0.0,0.0,0
0000162_00401_d_0000001.jpg,5,11,7.42,0.0,0.0,0
0000162_00401_d_0000001.jpg,5,11,7.42,0.0,0.0,0
0000162_00401_d_0000001.jpg,11,18,14.07,0.0,0.0,0
0000162_00401_d_0000001.jpg,6,17,10.1,0.0,0.0,0
0000162_00801_d_0000001.jpg,4,7,5.29,0.0,0.0,0
0000162_00801_d_0000001.jpg,7,10,8.37,0.0,0.0,0
0000162_00801_d_0000001.jpg,6,9,7.35,0.0,0.0,0
0000162_00801_d_0000001.jpg,7,8,7.48,0.0,0.0,0
0000162_00801_d_0000001.jpg,17,33,23.69,0.6211,0.6357,1
0000162_00801_d_0000001.jpg,10,16,12.65,0.0,0.0,0
0000162_01058_d_0000001.jpg,6,13,8.83,0.0,0.0,0
0000162_01058_d_0000001.jpg,5,17,9.22,0.0,0.0,0
0000162_01058_d_0000001.jpg,8,19,12.33,0.0,0.0,0
0000162_01058_d_0000001.jpg,12,15,13.42,0.0,0.0,0
0000162_01058_d_0000001.jpg,12,17,14.28,0.0,0.0,0
0000162_01058_d_0000001.jpg,12,17,14.28,0.6442,0.2122,1
0000162_01058_d_0000001.jpg,12,24,16.97,0.7084,0.6159,1
0000162_01058_d_0000001.jpg,9,17,12.37,0.7266,0.297,1
0000162_01058_d_0000001.jpg,7,14,9.9,0.5451,0.1632,1
0000162_01058_d_0000001.jpg,9,15,11.62,0.0,0.0,0
0000162_01058_d_0000001.jpg,6,11,8.12,0.0,0.0,0
0000162_01058_d_0000001.jpg,25,53,36.4,0.8056,0.5637,1
0000162_01058_d_0000001.jpg,7,11,8.77,0.4443,0.3509,0
0000162_01058_d_0000001.jpg,5,9,6.71,0.0,0.0,0
0000162_01058_d_0000001.jpg,4,10,6.32,0.0,0.0,0
0000162_01058_d_0000001.jpg,4,9,6.0,0.0,0.0,0
0000162_01058_d_0000001.jpg,4,8,5.66,0.0,0.0,0
0000162_01058_d_0000001.jpg,4,8,5.66,0.0,0.0,0
0000162_01058_d_0000001.jpg,4,7,5.29,0.0,0.0,0
0000162_01058_d_0000001.jpg,3,7,4.58,0.0,0.0,0
0000162_01058_d_0000001.jpg,4,7,5.29,0.0,0.0,0
0000163_00001_d_0000001.jpg,9,28,15.87,0.7371,0.2027,1
0000163_00001_d_0000001.jpg,8,25,14.14,0.04,0.258,0
0000163_00001_d_0000001.jpg,10,25,15.81,0.174,0.1664,0
0000163_00001_d_0000001.jpg,6,14,9.17,0.0,0.0,0
0000163_00001_d_0000001.jpg,10,17,13.04,0.0,0.0,0
0000163_00001_d_0000001.jpg,14,24,18.33,0.0,0.0,0
0000163_00001_d_0000001.jpg,12,19,15.1,0.6643,0.242,1
0000163_00001_d_0000001.jpg,9,18,12.73,0.0,0.0,0
0000163_00001_d_0000001.jpg,8,14,10.58,0.0,0.0,0
0000163_00001_d_0000001.jpg,9,15,11.62,0.0,0.0,0
0000163_00001_d_0000001.jpg,7,15,10.25,0.0,0.0,0
0000163_00001_d_0000001.jpg,6,11,8.12,0.0,0.0,0
0000163_00001_d_0000001.jpg,7,13,9.54,0.0,0.0,0
0000163_00001_d_0000001.jpg,10,17,13.04,0.0,0.0,0
0000163_00001_d_0000001.jpg,10,21,14.49,0.0,0.0,0
0000163_00001_d_0000001.jpg,13,19,15.72,0.0,0.0,0
0000163_00001_d_0000001.jpg,9,18,12.73,0.5798,0.1893,1
0000163_00001_d_0000001.jpg,14,27,19.44,0.0,0.0,0
0000163_00001_d_0000001.jpg,16,21,18.33,0.0,0.0,0
0000163_00001_d_0000001.jpg,11,19,14.46,0.0,0.0,0
0000163_00001_d_0000001.jpg,15,19,16.88,0.0,0.0,0
0000163_00001_d_0000001.jpg,18,25,21.21,0.0,0.0,0
0000163_00001_d_0000001.jpg,23,34,27.96,0.0,0.0,0
0000163_00001_d_0000001.jpg,16,24,19.6,0.4406,0.2512,0
0000163_00001_d_0000001.jpg,20,46,30.33,0.0289,0.2002,0
0000163_00001_d_0000001.jpg,19,44,28.91,0.1902,0.1868,0
0000163_00001_d_0000001.jpg,19,45,29.24,0.7266,0.2081,1
0000163_00001_d_0000001.jpg,26,39,31.84,0.1277,0.3448,0
0000163_00001_d_0000001.jpg,19,44,28.91,0.0,0.0,0
0000163_00001_d_0000001.jpg,4,9,6.0,0.0,0.0,0
0000163_00001_d_0000001.jpg,5,8,6.32,0.0,0.0,0
0000163_00359_d_0000001.jpg,7,11,8.77,0.0,0.0,0
0000163_00359_d_0000001.jpg,7,11,8.77,0.0,0.0,0
0000163_00359_d_0000001.jpg,6,13,8.83,0.0,0.0,0
0000163_00359_d_0000001.jpg,7,10,8.37,0.0,0.0,0
0000163_00359_d_0000001.jpg,7,8,7.48,0.0,0.0,0
0000163_00359_d_0000001.jpg,8,20,12.65,0.0,0.0,0
0000163_00359_d_0000001.jpg,8,17,11.66,0.0,0.0,0
0000163_00359_d_0000001.jpg,5,13,8.06,0.0,0.0,0
0000163_00359_d_0000001.jpg,6,12,8.49,0.0,0.0,0
0000163_00359_d_0000001.jpg,8,21,12.96,0.0,0.0,0
0000163_00359_d_0000001.jpg,7,17,10.91,0.0,0.0,0
0000163_00359_d_0000001.jpg,8,21,12.96,0.0,0.0,0
0000163_00359_d_0000001.jpg,9,21,13.75,0.0,0.0,0
0000163_00359_d_0000001.jpg,8,15,10.95,0.0,0.0,0
0000163_00359_d_0000001.jpg,12,19,15.1,0.6639,0.2963,1
0000163_00359_d_0000001.jpg,14,24,18.33,0.7585,0.638,1
0000163_00359_d_0000001.jpg,6,10,7.75,0.0,0.0,0
0000163_00359_d_0000001.jpg,6,8,6.93,0.0,0.0,0
0000163_00359_d_0000001.jpg,8,24,13.86,0.0,0.0,0
0000163_00359_d_0000001.jpg,6,11,8.12,0.0,0.0,0
0000163_00359_d_0000001.jpg,4,11,6.63,0.0,0.0,0
0000163_00359_d_0000001.jpg,4,9,6.0,0.0,0.0,0
0000163_00359_d_0000001.jpg,4,7,5.29,0.0,0.0,0
0000163_00359_d_0000001.jpg,4,7,5.29,0.0,0.0,0
0000165_04325_d_0000105.jpg,23,50,33.91,0.0,0.0,0
0000165_04325_d_0000105.jpg,21,42,29.7,0.8324,0.7381,1
0000165_04325_d_0000105.jpg,12,26,17.66,0.0,0.0,0
0000165_04325_d_0000105.jpg,8,18,12.0,0.0,0.0,0
0000165_04325_d_0000105.jpg,15,28,20.49,0.0,0.0,0
0000165_04325_d_0000105.jpg,40,82,57.27,0.7673,0.7671,1
0000166_00558_d_0000118.jpg,57,176,100.16,0.8435,0.8816,1
0000166_00558_d_0000118.jpg,48,117,74.94,0.9003,0.9053,1
0000166_00558_d_0000118.jpg,42,98,64.16,0.9054,0.8006,1
0000166_00558_d_0000118.jpg,25,62,39.37,0.0,0.0,0
0000166_00558_d_0000118.jpg,31,56,41.67,0.3165,0.5796,0
0000166_00558_d_0000118.jpg,20,56,33.47,0.2783,0.6687,0
0000166_00558_d_0000118.jpg,27,55,38.54,0.544,0.4466,1
0000166_00558_d_0000118.jpg,27,54,38.18,0.8429,0.7466,1
0000166_00558_d_0000118.jpg,29,55,39.94,0.7314,0.6653,1
0000166_00558_d_0000118.jpg,34,82,52.8,0.8903,0.6531,1
0000166_00558_d_0000118.jpg,14,59,28.74,0.4785,0.5229,0
0000166_00558_d_0000118.jpg,18,57,32.03,0.5305,0.5945,1
0000166_00558_d_0000118.jpg,46,93,65.41,0.849,0.6303,1
0000166_00558_d_0000118.jpg,46,87,63.26,0.9299,0.6853,1
0000166_00558_d_0000118.jpg,15,37,23.56,0.7795,0.2763,1
0000166_00558_d_0000118.jpg,11,26,16.91,0.4725,0.2085,0
0000166_00558_d_0000118.jpg,11,20,14.83,0.6344,0.4982,1
0000166_00558_d_0000118.jpg,27,51,37.11,0.6737,0.4156,1
0000166_00558_d_0000118.jpg,31,65,44.89,0.8129,0.1591,1
0000166_00558_d_0000118.jpg,32,62,44.54,0.6769,0.1588,1
0000166_00558_d_0000118.jpg,23,53,34.91,0.9279,0.4097,1
0000166_00558_d_0000118.jpg,25,47,34.28,0.2804,0.4282,0
0000166_00558_d_0000118.jpg,29,53,39.2,0.0969,0.674,0
0000166_00558_d_0000118.jpg,26,52,36.77,0.8642,0.576,1
0000166_00558_d_0000118.jpg,13,20,16.12,0.0,0.0,0
0000166_00558_d_0000118.jpg,18,34,24.74,0.0,0.0,0
0000166_00558_d_0000118.jpg,27,54,38.18,0.0,0.0,0
0000193_00000_d_0000103.jpg,19,34,25.42,0.656,0.4587,1
0000193_00000_d_0000103.jpg,14,21,17.15,0.6306,0.3983,1
0000193_00000_d_0000103.jpg,18,24,20.78,0.5818,0.4381,1
0000193_00000_d_0000103.jpg,15,29,20.86,0.5957,0.5512,1
0000193_00000_d_0000103.jpg,20,32,25.3,0.7831,0.3415,1
0000193_00000_d_0000103.jpg,15,35,22.91,0.6441,0.3676,1
0000193_00000_d_0000103.jpg,12,16,13.86,0.0,0.0,0
0000193_00000_d_0000103.jpg,15,22,18.17,0.0,0.0,0
0000193_00000_d_0000103.jpg,11,17,13.67,0.0,0.0,0
0000193_00000_d_0000103.jpg,9,14,11.22,0.0,0.0,0
0000193_00000_d_0000103.jpg,8,16,11.31,0.0,0.0,0
0000193_00000_d_0000103.jpg,10,16,12.65,0.0,0.0,0
0000193_00000_d_0000103.jpg,9,17,12.37,0.0,0.0,0
0000193_00000_d_0000103.jpg,10,16,12.65,0.0,0.0,0
0000193_00000_d_0000103.jpg,14,22,17.55,0.4771,0.1856,0
0000193_00000_d_0000103.jpg,17,22,19.34,0.556,0.2564,1
0000193_00000_d_0000103.jpg,10,16,12.65,0.6657,0.184,1
0000193_00000_d_0000103.jpg,9,11,9.95,0.0,0.0,0
0000193_00000_d_0000103.jpg,8,20,12.65,0.0,0.0,0
0000193_00000_d_0000103.jpg,15,40,24.49,0.7894,0.6214,1
0000193_00000_d_0000103.jpg,8,13,10.2,0.0,0.0,0
0000193_00000_d_0000103.jpg,9,12,10.39,0.0,0.0,0
0000193_00000_d_0000103.jpg,7,10,8.37,0.0,0.0,0
0000193_00000_d_0000103.jpg,8,11,9.38,0.0,0.0,0
0000193_00000_d_0000103.jpg,8,12,9.8,0.0,0.0,0
0000193_00000_d_0000103.jpg,7,11,8.77,0.0,0.0,0
0000193_00000_d_0000103.jpg,6,17,10.1,0.0,0.0,0
0000193_00000_d_0000103.jpg,7,16,10.58,0.0,0.0,0
0000193_00000_d_0000103.jpg,7,13,9.54,0.0,0.0,0
0000193_00000_d_0000103.jpg,7,12,9.17,0.0,0.0,0
0000193_01497_d_0000111.jpg,30,49,38.34,0.0,0.0,0
0000193_01497_d_0000111.jpg,15,45,25.98,0.9037,0.3257,1
0000193_01497_d_0000111.jpg,29,46,36.52,0.8091,0.6769,1
0000193_01497_d_0000111.jpg,18,30,23.24,0.8164,0.2381,1
0000193_01497_d_0000111.jpg,17,26,21.02,0.0,0.0,0
0000193_01497_d_0000111.jpg,9,21,13.75,0.4483,0.1824,0
0000193_01497_d_0000111.jpg,17,33,23.69,0.6145,0.2162,1
0000193_01497_d_0000111.jpg,18,31,23.62,0.0,0.0,0
0000193_01497_d_0000111.jpg,19,31,24.27,0.5141,0.2091,1
0000193_01497_d_0000111.jpg,22,31,26.12,0.7175,0.2721,1
0000193_01497_d_0000111.jpg,14,20,16.73,0.0,0.0,0
0000193_01497_d_0000111.jpg,10,22,14.83,0.0457,0.4645,0
0000193_01497_d_0000111.jpg,12,20,15.49,0.0,0.0,0
0000193_01497_d_0000111.jpg,11,23,15.91,0.0,0.0,0
0000193_01497_d_0000111.jpg,16,28,21.17,0.6822,0.3017,1
0000193_01497_d_0000111.jpg,12,23,16.61,0.5624,0.3172,1
0000193_01497_d_0000111.jpg,12,18,14.7,0.6126,0.152,1
0000193_01497_d_0000111.jpg,19,28,23.07,0.715,0.1528,1
0000193_01497_d_0000111.jpg,15,22,18.17,0.5925,0.155,1
0000193_01497_d_0000111.jpg,18,29,22.85,0.3641,0.1867,0
0000193_01497_d_0000111.jpg,15,26,19.75,0.3622,0.1735,0
0000193_01497_d_0000111.jpg,22,27,24.37,0.235,0.2041,0
0000193_01497_d_0000111.jpg,10,17,13.04,0.085,0.2509,0
0000193_01497_d_0000111.jpg,12,19,15.1,0.5118,0.2921,1
0000193_01497_d_0000111.jpg,12,19,15.1,0.4313,0.4142,0
0000193_01497_d_0000111.jpg,9,17,12.37,0.5941,0.2782,1
0000193_01497_d_0000111.jpg,10,17,13.04,0.0,0.0,0
0000193_01497_d_0000111.jpg,9,18,12.73,0.3368,0.1555,0
0000193_01497_d_0000111.jpg,7,17,10.91,0.2156,0.1979,0
0000193_01497_d_0000111.jpg,7,18,11.22,0.0,0.0,0
0000193_01497_d_0000111.jpg,11,15,12.85,0.7231,0.177,1
0000193_01497_d_0000111.jpg,12,15,13.42,0.0,0.0,0
0000193_01497_d_0000111.jpg,7,12,9.17,0.0,0.0,0
0000193_01497_d_0000111.jpg,14,30,20.49,0.7422,0.2737,1
0000193_01497_d_0000111.jpg,14,24,18.33,0.0,0.0,0
0000193_01497_d_0000111.jpg,12,17,14.28,0.1459,0.1555,0
0000193_01497_d_0000111.jpg,9,22,14.07,0.7123,0.6023,1
0000193_01497_d_0000111.jpg,14,26,19.08,0.747,0.6214,1
0000193_01705_d_0000112.jpg,11,14,12.41,0.0,0.0,0
0000193_01705_d_0000112.jpg,6,18,10.39,0.0,0.0,0
0000193_01705_d_0000112.jpg,10,14,11.83,0.0,0.0,0
0000193_01705_d_0000112.jpg,10,14,11.83,0.0,0.0,0
0000193_01705_d_0000112.jpg,6,16,9.8,0.0,0.0,0
0000193_01705_d_0000112.jpg,8,17,11.66,0.0,0.0,0
0000193_01705_d_0000112.jpg,17,25,20.62,0.0,0.0,0
0000193_01705_d_0000112.jpg,14,27,19.44,0.0,0.0,0
0000193_01705_d_0000112.jpg,19,23,20.9,0.0,0.0,0
0000193_01705_d_0000112.jpg,21,36,27.5,0.0,0.0,0
0000193_01705_d_0000112.jpg,18,29,22.85,0.0,0.0,0
0000193_01705_d_0000112.jpg,15,37,23.56,0.5899,0.3249,1
0000193_01705_d_0000112.jpg,8,16,11.31,0.5195,0.4212,1
0000193_01705_d_0000112.jpg,11,17,13.67,0.1915,0.6029,0
0000193_01705_d_0000112.jpg,13,22,16.91,0.4022,0.4799,0
0000193_01705_d_0000112.jpg,9,25,15.0,0.4005,0.1553,0
0000193_01705_d_0000112.jpg,17,25,20.62,0.3624,0.2093,0
0000193_01705_d_0000112.jpg,12,21,15.87,0.2464,0.1963,0
0000193_01705_d_0000112.jpg,8,21,12.96,0.0,0.0,0
0000193_01705_d_0000112.jpg,11,26,16.91,0.0,0.0,0
0000193_01705_d_0000112.jpg,6,11,8.12,0.0,0.0,0
0000193_01705_d_0000112.jpg,10,19,13.78,0.4749,0.3392,0
0000193_01705_d_0000112.jpg,11,22,15.56,0.6382,0.2517,1
0000193_01705_d_0000112.jpg,7,19,11.53,0.4745,0.2055,0
0000193_01705_d_0000112.jpg,16,27,20.78,0.5553,0.4698,1
0000193_01705_d_0000112.jpg,7,15,10.25,0.494,0.3824,0
0000193_01705_d_0000112.jpg,6,17,10.1,0.0,0.0,0
0000193_01705_d_0000112.jpg,8,13,10.2,0.3392,0.3273,0
0000193_01705_d_0000112.jpg,7,17,10.91,0.3948,0.2683,0
0000193_01705_d_0000112.jpg,11,15,12.85,0.0,0.0,0
0000193_01705_d_0000112.jpg,17,30,22.58,0.8768,0.3064,1
0000193_01705_d_0000112.jpg,13,26,18.38,0.7546,0.5811,1
0000193_01705_d_0000112.jpg,18,42,27.5,0.562,0.3905,1
0000193_01705_d_0000112.jpg,8,18,12.0,0.0,0.0,0
0000193_01705_d_0000112.jpg,10,21,14.49,0.0,0.0,0
0000193_01705_d_0000112.jpg,11,22,15.56,0.0,0.0,0
0000193_01705_d_0000112.jpg,10,20,14.14,0.5247,0.1662,1
0000193_01705_d_0000112.jpg,11,23,15.91,0.0,0.0,0
0000193_01705_d_0000112.jpg,8,13,10.2,0.0,0.0,0
0000193_01705_d_0000112.jpg,5,14,8.37,0.0,0.0,0
0000193_01705_d_0000112.jpg,5,18,9.49,0.0,0.0,0
0000193_01705_d_0000112.jpg,7,16,10.58,0.0,0.0,0
0000193_01705_d_0000112.jpg,11,18,14.07,0.0,0.0,0
0000193_01705_d_0000112.jpg,4,15,7.75,0.0,0.0,0
0000193_01705_d_0000112.jpg,6,13,8.83,0.0,0.0,0
0000193_01705_d_0000112.jpg,6,11,8.12,0.0,0.0,0
0000193_01705_d_0000112.jpg,5,14,8.37,0.0,0.0,0
0000193_01705_d_0000112.jpg,6,10,7.75,0.0,0.0,0
0000193_01705_d_0000112.jpg,8,22,13.27,0.0,0.0,0
0000193_01705_d_0000112.jpg,9,21,13.75,0.0,0.0,0
0000193_01705_d_0000112.jpg,11,17,13.67,0.0,0.0,0
0000193_01705_d_0000112.jpg,11,18,14.07,0.0,0.0,0
0000193_01705_d_0000112.jpg,6,20,10.95,0.0,0.0,0
0000193_01705_d_0000112.jpg,6,11,8.12,0.0,0.0,0
0000193_01705_d_0000112.jpg,8,15,10.95,0.0,0.0,0
0000193_01705_d_0000112.jpg,12,18,14.7,0.0,0.0,0
0000193_01705_d_0000112.jpg,8,17,11.66,0.0,0.0,0
0000193_01705_d_0000112.jpg,14,20,16.73,0.4942,0.193,0
0000193_01705_d_0000112.jpg,12,23,16.61,0.0421,0.2094,0
0000193_01876_d_0000113.jpg,20,41,28.64,0.5319,0.3367,1
0000193_01876_d_0000113.jpg,23,40,30.33,0.8125,0.6083,1
0000193_01876_d_0000113.jpg,10,25,15.81,0.5574,0.217,1
0000193_01876_d_0000113.jpg,10,25,15.81,0.4161,0.1611,0
0000193_01876_d_0000113.jpg,12,23,16.61,0.0,0.0,0
0000193_01876_d_0000113.jpg,11,17,13.67,0.0,0.0,0
0000193_01876_d_0000113.jpg,14,19,16.31,0.6351,0.2639,1
0000193_01876_d_0000113.jpg,11,23,15.91,0.0,0.0,0
0000193_01876_d_0000113.jpg,6,15,9.49,0.0,0.0,0
0000193_01876_d_0000113.jpg,8,20,12.65,0.0,0.0,0
0000193_01876_d_0000113.jpg,14,17,15.43,0.0,0.0,0
0000193_01876_d_0000113.jpg,12,25,17.32,0.2832,0.3441,0
0000193_01876_d_0000113.jpg,14,22,17.55,0.6862,0.1769,1
0000193_01876_d_0000113.jpg,14,27,19.44,0.0,0.0,0
0000193_01876_d_0000113.jpg,11,22,15.56,0.0,0.0,0
0000193_01876_d_0000113.jpg,9,18,12.73,0.0,0.0,0
0000193_01876_d_0000113.jpg,14,23,17.94,0.7447,0.392,1
0000193_01876_d_0000113.jpg,6,16,9.8,0.2263,0.4586,0
0000193_01876_d_0000113.jpg,11,21,15.2,0.5289,0.4251,1
0000193_01876_d_0000113.jpg,10,21,14.49,0.3605,0.161,0
0000193_01876_d_0000113.jpg,12,22,16.25,0.6246,0.5024,1
0000193_01876_d_0000113.jpg,11,23,15.91,0.3549,0.2533,0
0000193_01876_d_0000113.jpg,9,16,12.0,0.2159,0.2144,0
0000193_01876_d_0000113.jpg,10,19,13.78,0.0,0.0,0
0000193_01876_d_0000113.jpg,9,19,13.08,0.0,0.0,0
0000193_01876_d_0000113.jpg,8,17,11.66,0.0,0.0,0
0000193_01876_d_0000113.jpg,8,18,12.0,0.6112,0.2924,1
0000193_01876_d_0000113.jpg,10,15,12.25,0.0,0.0,0
0000193_01876_d_0000113.jpg,9,19,13.08,0.0,0.0,0
0000193_01876_d_0000113.jpg,10,16,12.65,0.0,0.0,0
0000193_01876_d_0000113.jpg,8,12,9.8,0.0,0.0,0
0000193_01876_d_0000113.jpg,7,16,10.58,0.0,0.0,0
0000193_01876_d_0000113.jpg,7,12,9.17,0.0,0.0,0
0000193_01876_d_0000113.jpg,8,16,11.31,0.0,0.0,0
0000193_01876_d_0000113.jpg,7,16,10.58,0.0,0.0,0
0000193_01876_d_0000113.jpg,7,16,10.58,0.0,0.0,0
0000193_01876_d_0000113.jpg,9,24,14.7,0.8484,0.5799,1
0000193_01876_d_0000113.jpg,8,12,9.8,0.0,0.0,0
0000193_01876_d_0000113.jpg,6,14,9.17,0.0,0.0,0
0000193_01876_d_0000113.jpg,6,10,7.75,0.0,0.0,0
0000193_01876_d_0000113.jpg,6,13,8.83,0.0,0.0,0
0000193_01876_d_0000113.jpg,6,18,10.39,0.0,0.0,0
0000193_01876_d_0000113.jpg,7,12,9.17,0.0,0.0,0
0000193_01876_d_0000113.jpg,11,14,12.41,0.0,0.0,0
0000193_01876_d_0000113.jpg,10,13,11.4,0.0,0.0,0
0000193_01876_d_0000113.jpg,6,12,8.49,0.0,0.0,0
0000193_01876_d_0000113.jpg,8,16,11.31,0.0,0.0,0
0000193_01876_d_0000113.jpg,6,16,9.8,0.0,0.0,0
0000193_01876_d_0000113.jpg,29,18,22.85,0.0,0.0,0
0000193_02029_d_0000114.jpg,13,27,18.73,0.7629,0.5825,1
0000193_02029_d_0000114.jpg,10,22,14.83,0.0,0.0,0
0000193_02029_d_0000114.jpg,20,26,22.8,0.4858,0.1871,0
0000193_02029_d_0000114.jpg,12,16,13.86,0.015,0.1503,0
0000193_02029_d_0000114.jpg,10,19,13.78,0.3609,0.2882,0
0000193_02029_d_0000114.jpg,9,17,12.37,0.4207,0.2157,0
0000193_02029_d_0000114.jpg,9,17,12.37,0.2607,0.3437,0
0000193_02029_d_0000114.jpg,11,18,14.07,0.0741,0.2094,0
0000193_02029_d_0000114.jpg,11,17,13.67,0.0,0.0,0
0000193_02029_d_0000114.jpg,7,17,10.91,0.0,0.0,0
0000193_02029_d_0000114.jpg,8,14,10.58,0.0,0.0,0
0000193_02029_d_0000114.jpg,10,16,12.65,0.0,0.0,0
0000193_02029_d_0000114.jpg,9,18,12.73,0.0,0.0,0
0000193_02029_d_0000114.jpg,12,16,13.86,0.0,0.0,0
0000193_02029_d_0000114.jpg,12,20,15.49,0.0,0.0,0
0000193_02029_d_0000114.jpg,8,20,12.65,0.0,0.0,0
0000193_02029_d_0000114.jpg,11,32,18.76,0.8189,0.6689,1
0000193_02029_d_0000114.jpg,7,23,12.69,0.3082,0.2796,0
0000193_02029_d_0000114.jpg,12,22,16.25,0.5209,0.3055,1
0000193_02029_d_0000114.jpg,11,24,16.25,0.0,0.0,0
0000193_02029_d_0000114.jpg,12,18,14.7,0.0,0.0,0
0000193_02029_d_0000114.jpg,24,30,26.83,0.4062,0.2739,0
0000193_02029_d_0000114.jpg,21,31,25.51,0.6977,0.2323,1
0000193_02029_d_0000114.jpg,25,28,26.46,0.5862,0.2221,1
0000193_02029_d_0000114.jpg,24,42,31.75,0.5703,0.2349,1
0000193_02029_d_0000114.jpg,12,29,18.65,0.3504,0.1573,0
0000193_02029_d_0000114.jpg,20,38,27.57,0.6703,0.1731,1
0000193_02029_d_0000114.jpg,9,20,13.42,0.0,0.0,0
0000193_02029_d_0000114.jpg,11,18,14.07,0.0,0.0,0
0000193_02029_d_0000114.jpg,9,17,12.37,0.0,0.0,0
0000193_02029_d_0000114.jpg,7,23,12.69,0.0,0.0,0
0000193_02029_d_0000114.jpg,8,20,12.65,0.0,0.0,0
0000193_02029_d_0000114.jpg,10,15,12.25,0.0,0.0,0
0000193_02029_d_0000114.jpg,6,10,7.75,0.0,0.0,0
0000193_02029_d_0000114.jpg,7,12,9.17,0.0,0.0,0
0000193_02029_d_0000114.jpg,6,13,8.83,0.0,0.0,0
0000193_02029_d_0000114.jpg,8,19,12.33,0.0,0.0,0
0000193_02029_d_0000114.jpg,8,17,11.66,0.0,0.0,0
0000193_02029_d_0000114.jpg,7,17,10.91,0.0,0.0,0
0000193_02029_d_0000114.jpg,8,9,8.49,0.0,0.0,0
0000193_02029_d_0000114.jpg,6,11,8.12,0.0,0.0,0
0000193_02212_d_0000115.jpg,5,10,7.07,0.0,0.0,0
0000193_02212_d_0000115.jpg,5,12,7.75,0.0,0.0,0
0000193_02212_d_0000115.jpg,6,11,8.12,0.0,0.0,0
0000193_02212_d_0000115.jpg,5,10,7.07,0.0,0.0,0
0000193_02212_d_0000115.jpg,5,9,6.71,0.0,0.0,0
0000193_02212_d_0000115.jpg,5,10,7.07,0.0,0.0,0
0000193_02212_d_0000115.jpg,4,13,7.21,0.0,0.0,0
0000193_02212_d_0000115.jpg,6,13,8.83,0.0,0.0,0
0000193_02212_d_0000115.jpg,7,18,11.22,0.0,0.0,0
0000193_02212_d_0000115.jpg,9,23,14.39,0.6753,0.3616,1
0000193_02212_d_0000115.jpg,8,16,11.31,0.0,0.0,0
0000193_02212_d_0000115.jpg,9,23,14.39,0.0,0.0,0
0000193_02212_d_0000115.jpg,14,34,21.82,0.8085,0.2806,1
0000193_02212_d_0000115.jpg,7,22,12.41,0.0,0.0,0
0000193_02212_d_0000115.jpg,10,22,14.83,0.0,0.0,0
0000193_02212_d_0000115.jpg,14,30,20.49,0.4232,0.4882,0
0000193_02212_d_0000115.jpg,13,35,21.33,0.35,0.3254,0
0000193_02212_d_0000115.jpg,8,24,13.86,0.4257,0.4257,0
0000193_02212_d_0000115.jpg,12,24,16.97,0.0,0.0,0
0000193_02212_d_0000115.jpg,13,24,17.66,0.0,0.0,0
0000193_02212_d_0000115.jpg,7,19,11.53,0.0,0.0,0
0000193_02212_d_0000115.jpg,13,33,20.71,0.6303,0.425,1
0000193_02212_d_0000115.jpg,10,28,16.73,0.0,0.0,0
0000193_02212_d_0000115.jpg,11,25,16.58,0.0,0.0,0
0000193_02212_d_0000115.jpg,10,28,16.73,0.0,0.0,0
0000193_02212_d_0000115.jpg,19,45,29.24,0.6974,0.7247,1
0000193_02212_d_0000115.jpg,5,9,6.71,0.0,0.0,0
0000193_02212_d_0000115.jpg,3,8,4.9,0.0,0.0,0
0000193_02212_d_0000115.jpg,23,35,28.37,0.6364,0.1589,1
0000193_02212_d_0000115.jpg,19,37,26.51,0.0,0.0,0
0000193_02212_d_0000115.jpg,11,20,14.83,0.0,0.0,0
0000193_02212_d_0000115.jpg,13,18,15.3,0.0,0.0,0
0000193_02212_d_0000115.jpg,17,23,19.77,0.0,0.0,0
0000193_02212_d_0000115.jpg,9,26,15.3,0.0,0.0,0
0000193_02212_d_0000115.jpg,35,27,30.74,0.8526,0.3954,1
0000193_02416_d_0000116.jpg,5,9,6.71,0.0,0.0,0
0000193_02416_d_0000116.jpg,6,10,7.75,0.0,0.0,0
0000193_02416_d_0000116.jpg,5,8,6.32,0.0,0.0,0
0000193_02416_d_0000116.jpg,6,7,6.48,0.0,0.0,0
0000193_02416_d_0000116.jpg,7,10,8.37,0.0,0.0,0
0000193_02416_d_0000116.jpg,7,12,9.17,0.0,0.0,0
0000193_02416_d_0000116.jpg,8,10,8.94,0.0,0.0,0
0000193_02416_d_0000116.jpg,7,17,10.91,0.0,0.0,0
0000193_02416_d_0000116.jpg,9,14,11.22,0.0,0.0,0
0000193_02416_d_0000116.jpg,10,18,13.42,0.0,0.0,0
0000193_02416_d_0000116.jpg,10,19,13.78,0.0,0.0,0
0000193_02416_d_0000116.jpg,13,19,15.72,0.0,0.0,0
0000193_02416_d_0000116.jpg,12,26,17.66,0.0,0.0,0
0000193_02416_d_0000116.jpg,16,25,20.0,0.0,0.0,0
0000193_02416_d_0000116.jpg,9,22,14.07,0.0,0.0,0
0000193_02416_d_0000116.jpg,16,25,20.0,0.0,0.0,0
0000193_02416_d_0000116.jpg,14,29,20.15,0.0,0.0,0
0000193_02416_d_0000116.jpg,13,26,18.38,0.0,0.0,0
0000193_02416_d_0000116.jpg,15,29,20.86,0.0,0.0,0
0000193_02416_d_0000116.jpg,13,30,19.75,0.0,0.0,0
0000193_02416_d_0000116.jpg,12,29,18.65,0.0,0.0,0
0000193_02606_d_0000117.jpg,17,28,21.82,0.8964,0.3275,1
0000193_02606_d_0000117.jpg,14,30,20.49,0.7135,0.4569,1
0000193_02606_d_0000117.jpg,19,31,24.27,0.1718,0.1853,0
0000193_02606_d_0000117.jpg,15,30,21.21,0.3193,0.2346,0
0000193_02606_d_0000117.jpg,15,31,21.56,0.0,0.0,0
0000193_02606_d_0000117.jpg,7,17,10.91,0.0,0.0,0
0000193_02606_d_0000117.jpg,18,27,22.05,0.0,0.0,0
0000193_02606_d_0000117.jpg,13,17,14.87,0.0,0.0,0
0000193_02606_d_0000117.jpg,9,16,12.0,0.0,0.0,0
0000193_02606_d_0000117.jpg,10,18,13.42,0.0,0.0,0
0000193_02606_d_0000117.jpg,8,13,10.2,0.0,0.0,0
0000193_02606_d_0000117.jpg,7,11,8.77,0.0,0.0,0
0000193_02606_d_0000117.jpg,8,12,9.8,0.0,0.0,0
0000193_02606_d_0000117.jpg,7,13,9.54,0.0,0.0,0
0000193_02606_d_0000117.jpg,6,12,8.49,0.0,0.0,0
0000193_02606_d_0000117.jpg,6,10,7.75,0.0,0.0,0
0000193_02606_d_0000117.jpg,6,8,6.93,0.0,0.0,0
0000193_02606_d_0000117.jpg,4,7,5.29,0.0,0.0,0
0000193_02606_d_0000117.jpg,4,8,5.66,0.0,0.0,0
0000193_02606_d_0000117.jpg,4,7,5.29,0.0,0.0,0
0000193_02606_d_0000117.jpg,5,11,7.42,0.0,0.0,0
0000193_02606_d_0000117.jpg,13,27,18.73,0.6456,0.1809,1
0000193_02606_d_0000117.jpg,17,32,23.32,0.0,0.0,0
0000193_02606_d_0000117.jpg,13,30,19.75,0.0,0.0,0
0000193_02606_d_0000117.jpg,6,9,7.35,0.0,0.0,0
0000193_02725_d_0000118.jpg,20,30,24.49,0.7653,0.3409,1
0000193_02725_d_0000118.jpg,16,30,21.91,0.0,0.0,0
0000193_02725_d_0000118.jpg,15,28,20.49,0.0,0.0,0
0000193_02725_d_0000118.jpg,9,17,12.37,0.376,0.2349,0
0000193_02725_d_0000118.jpg,14,22,17.55,0.5645,0.165,1
0000193_02725_d_0000118.jpg,12,19,15.1,0.0,0.0,0
0000193_02725_d_0000118.jpg,7,15,10.25,0.0,0.0,0
0000193_02725_d_0000118.jpg,7,15,10.25,0.0,0.0,0
0000193_02725_d_0000118.jpg,8,14,10.58,0.0,0.0,0
0000193_02725_d_0000118.jpg,8,16,11.31,0.0,0.0,0
0000193_02725_d_0000118.jpg,6,12,8.49,0.0,0.0,0
0000193_02725_d_0000118.jpg,7,11,8.77,0.0,0.0,0
0000193_02725_d_0000118.jpg,5,11,7.42,0.0,0.0,0
0000193_02725_d_0000118.jpg,5,10,7.07,0.0,0.0,0
0000193_02725_d_0000118.jpg,5,8,6.32,0.0,0.0,0
0000193_02725_d_0000118.jpg,11,33,19.05,0.7477,0.2474,1
0000193_02725_d_0000118.jpg,17,22,19.34,0.6116,0.2147,1
0000193_02725_d_0000118.jpg,18,23,20.35,0.0,0.0,0
0000194_00000_d_0000119.jpg,16,35,23.66,0.8319,0.3031,1
0000194_00000_d_0000119.jpg,17,38,25.42,0.205,0.2115,0
0000194_00000_d_0000119.jpg,15,26,19.75,0.0,0.0,0
0000194_00000_d_0000119.jpg,13,19,15.72,0.0,0.0,0
0000194_00000_d_0000119.jpg,12,31,19.29,0.0,0.0,0
0000194_00000_d_0000119.jpg,18,29,22.85,0.0,0.0,0
0000194_00000_d_0000119.jpg,17,29,22.2,0.656,0.4413,1
0000194_00000_d_0000119.jpg,13,17,14.87,0.0,0.0,0
0000194_00000_d_0000119.jpg,9,15,11.62,0.0,0.0,0
0000194_00000_d_0000119.jpg,11,15,12.85,0.0,0.0,0
0000194_00000_d_0000119.jpg,9,12,10.39,0.0,0.0,0
0000194_00000_d_0000119.jpg,7,10,8.37,0.0,0.0,0
0000194_00000_d_0000119.jpg,7,15,10.25,0.4951,0.1947,0
0000194_00000_d_0000119.jpg,6,8,6.93,0.0,0.0,0
0000194_00000_d_0000119.jpg,7,10,8.37,0.0,0.0,0
0000194_00000_d_0000119.jpg,6,14,9.17,0.0,0.0,0
0000194_00000_d_0000119.jpg,6,9,7.35,0.0,0.0,0
0000194_00000_d_0000119.jpg,9,13,10.82,0.0,0.0,0
0000194_00200_d_0000120.jpg,7,12,9.17,0.0,0.0,0
0000194_00200_d_0000120.jpg,7,11,8.77,0.4176,0.1805,0
0000194_00200_d_0000120.jpg,6,14,9.17,0.3872,0.513,0
0000194_00200_d_0000120.jpg,6,14,9.17,0.4165,0.2029,0
0000194_00200_d_0000120.jpg,4,9,6.0,0.0,0.0,0
0000194_00200_d_0000120.jpg,5,13,8.06,0.0,0.0,0
0000194_00200_d_0000120.jpg,6,11,8.12,0.0,0.0,0
0000194_00200_d_0000120.jpg,8,9,8.49,0.0,0.0,0
0000194_00200_d_0000120.jpg,5,12,7.75,0.247,0.2087,0
0000194_00200_d_0000120.jpg,6,11,8.12,0.0,0.0,0
0000194_00200_d_0000120.jpg,7,13,9.54,0.4838,0.1736,0
0000194_00200_d_0000120.jpg,6,13,8.83,0.0,0.0,0
0000194_00200_d_0000120.jpg,6,10,7.75,0.0,0.0,0
0000194_00200_d_0000120.jpg,8,18,12.0,0.0,0.0,0
0000194_00200_d_0000120.jpg,9,18,12.73,0.5271,0.1841,1
0000194_00200_d_0000120.jpg,9,17,12.37,0.0,0.0,0
0000194_00200_d_0000120.jpg,10,25,15.81,0.3561,0.1523,0
0000194_00200_d_0000120.jpg,9,14,11.22,0.0,0.0,0
0000194_00200_d_0000120.jpg,11,32,18.76,0.0,0.0,0
0000194_00200_d_0000120.jpg,14,32,21.17,0.0,0.0,0
0000194_00200_d_0000120.jpg,10,19,13.78,0.0,0.0,0
0000194_00200_d_0000120.jpg,9,12,10.39,0.0,0.0,0
0000194_00200_d_0000120.jpg,9,19,13.08,0.0,0.0,0
0000194_00200_d_0000120.jpg,7,11,8.77,0.0,0.0,0
0000194_00399_d_0000121.jpg,14,26,19.08,0.5921,0.447,1
0000194_00399_d_0000121.jpg,16,23,19.18,0.4866,0.311,0
0000194_00399_d_0000121.jpg,9,25,15.0,0.4142,0.382,0
0000194_00399_d_0000121.jpg,8,16,11.31,0.265,0.5127,0
0000194_00399_d_0000121.jpg,11,25,16.58,0.5526,0.1727,1
0000194_00399_d_0000121.jpg,11,25,16.58,0.4276,0.4469,0
0000194_00399_d_0000121.jpg,13,20,16.12,0.7202,0.4775,1
0000194_00399_d_0000121.jpg,10,23,15.17,0.0,0.0,0
0000194_00399_d_0000121.jpg,9,15,11.62,0.0,0.0,0
0000194_00399_d_0000121.jpg,8,15,10.95,0.3647,0.4677,0
0000194_00399_d_0000121.jpg,9,21,13.75,0.5945,0.2285,1
0000194_00399_d_0000121.jpg,8,20,12.65,0.4899,0.2772,0
0000194_00399_d_0000121.jpg,5,14,8.37,0.2392,0.2671,0
0000194_00399_d_0000121.jpg,10,22,14.83,0.0,0.0,0
0000194_00399_d_0000121.jpg,12,20,15.49,0.4431,0.3711,0
0000194_00399_d_0000121.jpg,11,24,16.25,0.0,0.0,0
0000194_00399_d_0000121.jpg,11,21,15.2,0.6468,0.2316,1
0000194_00399_d_0000121.jpg,10,18,13.42,0.0,0.0,0
0000194_00399_d_0000121.jpg,6,15,9.49,0.4917,0.2292,0
0000194_00399_d_0000121.jpg,7,20,11.83,0.6486,0.2872,1
0000194_00399_d_0000121.jpg,11,13,11.96,0.0,0.0,0
0000194_00399_d_0000121.jpg,9,21,13.75,0.0,0.0,0
0000194_00399_d_0000121.jpg,5,10,7.07,0.0,0.0,0
0000194_00399_d_0000121.jpg,8,15,10.95,0.4269,0.1844,0
0000194_00399_d_0000121.jpg,8,12,9.8,0.0,0.0,0
0000194_00399_d_0000121.jpg,7,13,9.54,0.0,0.0,0
0000194_00399_d_0000121.jpg,5,12,7.75,0.0,0.0,0
0000194_00399_d_0000121.jpg,7,11,8.77,0.0,0.0,0
0000194_00399_d_0000121.jpg,7,12,9.17,0.0,0.0,0
0000194_00399_d_0000121.jpg,6,11,8.12,0.0,0.0,0
0000194_00399_d_0000121.jpg,6,10,7.75,0.0,0.0,0
0000194_00399_d_0000121.jpg,7,15,10.25,0.3981,0.321,0
0000194_00399_d_0000121.jpg,6,14,9.17,0.3648,0.3282,0
0000194_00399_d_0000121.jpg,14,21,17.15,0.0,0.0,0
0000194_00399_d_0000121.jpg,14,20,16.73,0.0,0.0,0
0000194_00399_d_0000121.jpg,8,16,11.31,0.0,0.0,0
0000194_00399_d_0000121.jpg,12,21,15.87,0.4812,0.1527,0
0000194_00399_d_0000121.jpg,8,17,11.66,0.4726,0.4708,0
0000194_00399_d_0000121.jpg,11,13,11.96,0.4721,0.4478,0
0000194_00399_d_0000121.jpg,15,22,18.17,0.4126,0.3232,0
0000194_00399_d_0000121.jpg,12,21,15.87,0.6359,0.5818,1
0000194_00399_d_0000121.jpg,10,18,13.42,0.7374,0.4577,1
0000194_00399_d_0000121.jpg,9,19,13.08,0.0,0.0,0
0000194_00399_d_0000121.jpg,11,23,15.91,0.0,0.0,0
0000194_00399_d_0000121.jpg,15,24,18.97,0.5897,0.1568,1
0000194_00399_d_0000121.jpg,19,30,23.87,0.7758,0.2888,1
0000194_00399_d_0000121.jpg,18,25,21.21,0.6733,0.2414,1
0000194_00399_d_0000121.jpg,5,12,7.75,0.0,0.0,0
0000194_00399_d_0000121.jpg,5,12,7.75,0.0,0.0,0
0000194_00399_d_0000121.jpg,10,15,12.25,0.0,0.0,0
0000194_00399_d_0000121.jpg,5,18,9.49,0.0,0.0,0
0000194_00399_d_0000121.jpg,11,17,13.67,0.2279,0.2016,0
0000194_00399_d_0000121.jpg,11,18,14.07,0.0,0.0,0
0000194_00399_d_0000121.jpg,5,10,7.07,0.0,0.0,0
0000194_00399_d_0000121.jpg,6,12,8.49,0.0,0.0,0
0000194_00399_d_0000121.jpg,7,16,10.58,0.0,0.0,0
0000194_00399_d_0000121.jpg,6,10,7.75,0.0,0.0,0
0000194_00399_d_0000121.jpg,4,5,4.47,0.0,0.0,0
0000194_00399_d_0000121.jpg,4,7,5.29,0.0,0.0,0
0000194_00399_d_0000121.jpg,3,4,3.46,0.0,0.0,0
0000194_00399_d_0000121.jpg,3,6,4.24,0.0,0.0,0
0000194_00399_d_0000121.jpg,8,16,11.31,0.0,0.0,0
0000194_00625_d_0000122.jpg,17,22,19.34,0.0,0.0,0
0000194_00625_d_0000122.jpg,21,30,25.1,0.3776,0.239,0
0000194_00625_d_0000122.jpg,19,21,19.97,0.0,0.0,0
0000194_00625_d_0000122.jpg,14,21,17.15,0.0,0.0,0
0000194_00625_d_0000122.jpg,8,19,12.33,0.0,0.0,0
0000194_00625_d_0000122.jpg,7,18,11.22,0.0,0.0,0
0000194_00625_d_0000122.jpg,10,22,14.83,0.5691,0.2372,1
0000194_00625_d_0000122.jpg,9,21,13.75,0.5592,0.4298,1
0000194_00625_d_0000122.jpg,7,15,10.25,0.0,0.0,0
0000194_00625_d_0000122.jpg,8,14,10.58,0.0,0.0,0
0000194_00625_d_0000122.jpg,7,16,10.58,0.0,0.0,0
0000194_00625_d_0000122.jpg,14,22,17.55,0.0,0.0,0
0000194_00625_d_0000122.jpg,17,26,21.02,0.6581,0.4015,1
0000194_00625_d_0000122.jpg,16,21,18.33,0.5763,0.3288,1
0000194_00625_d_0000122.jpg,3,8,4.9,0.0,0.0,0
0000194_00625_d_0000122.jpg,10,13,11.4,0.0,0.0,0
0000194_00625_d_0000122.jpg,10,12,10.95,0.0,0.0,0
0000194_00625_d_0000122.jpg,9,14,11.22,0.5564,0.2448,1
0000194_00625_d_0000122.jpg,8,12,9.8,0.0,0.0,0
0000194_00625_d_0000122.jpg,9,20,13.42,0.0,0.0,0
0000194_00625_d_0000122.jpg,11,24,16.25,0.584,0.3705,1
0000194_00625_d_0000122.jpg,15,26,19.75,0.4809,0.2314,0
0000194_00625_d_0000122.jpg,10,18,13.42,0.0,0.0,0
0000194_00625_d_0000122.jpg,17,26,21.02,0.5128,0.1986,1
0000194_00625_d_0000122.jpg,17,26,21.02,0.7153,0.3496,1
0000194_00625_d_0000122.jpg,10,18,13.42,0.0,0.0,0
0000194_00625_d_0000122.jpg,17,23,19.77,0.0,0.0,0
0000194_00625_d_0000122.jpg,10,16,12.65,0.0,0.0,0
0000194_00625_d_0000122.jpg,15,19,16.88,0.0,0.0,0
0000194_00625_d_0000122.jpg,16,26,20.4,0.0,0.0,0
0000194_00625_d_0000122.jpg,13,24,17.66,0.5029,0.4593,1
0000194_00625_d_0000122.jpg,13,24,17.66,0.4102,0.5715,0
0000194_00800_d_0000123.jpg,24,36,29.39,0.593,0.6336,1
0000194_00800_d_0000123.jpg,13,29,19.42,0.9046,0.3849,1
0000194_00800_d_0000123.jpg,16,18,16.97,0.3666,0.2174,0
0000194_00800_d_0000123.jpg,13,31,20.07,0.6261,0.2322,1
0000194_00800_d_0000123.jpg,11,27,17.23,0.6155,0.1874,1
0000194_00800_d_0000123.jpg,13,20,16.12,0.0,0.0,0
0000194_00800_d_0000123.jpg,12,19,15.1,0.0,0.0,0
0000194_00800_d_0000123.jpg,11,18,14.07,0.0,0.0,0
0000194_00800_d_0000123.jpg,8,12,9.8,0.0,0.0,0
0000194_00800_d_0000123.jpg,8,17,11.66,0.0,0.0,0
0000194_00800_d_0000123.jpg,7,12,9.17,0.0,0.0,0
0000194_00800_d_0000123.jpg,7,9,7.94,0.0,0.0,0
0000194_00800_d_0000123.jpg,7,11,8.77,0.0,0.0,0
0000194_00800_d_0000123.jpg,6,13,8.83,0.0,0.0,0
0000194_00800_d_0000123.jpg,8,13,10.2,0.0,0.0,0
0000194_00800_d_0000123.jpg,10,20,14.14,0.0,0.0,0
0000194_00800_d_0000123.jpg,15,21,17.75,0.0,0.0,0
0000194_00800_d_0000123.jpg,19,25,21.79,0.8546,0.4688,1
0000194_00800_d_0000123.jpg,3,8,4.9,0.0,0.0,0
0000194_00800_d_0000123.jpg,3,7,4.58,0.0,0.0,0
0000194_00800_d_0000123.jpg,3,6,4.24,0.0,0.0,0
0000194_00800_d_0000123.jpg,5,8,6.32,0.0,0.0,0
0000194_00800_d_0000123.jpg,13,26,18.38,0.7094,0.4149,1
0000194_00800_d_0000123.jpg,7,13,9.54,0.0,0.0,0
0000194_00998_d_0000124.jpg,16,18,16.97,0.3425,0.2516,0
0000194_00998_d_0000124.jpg,12,16,13.86,0.2864,0.3861,0
0000194_00998_d_0000124.jpg,12,22,16.25,0.3376,0.2574,0
0000194_00998_d_0000124.jpg,9,17,12.37,0.0,0.0,0
0000194_00998_d_0000124.jpg,13,18,15.3,0.0,0.0,0
0000194_00998_d_0000124.jpg,12,17,14.28,0.0,0.0,0
0000194_00998_d_0000124.jpg,5,16,8.94,0.0,0.0,0
0000194_00998_d_0000124.jpg,6,17,10.1,0.0,0.0,0
0000194_00998_d_0000124.jpg,7,17,10.91,0.0,0.0,0
0000194_00998_d_0000124.jpg,7,11,8.77,0.0,0.0,0
0000194_00998_d_0000124.jpg,6,8,6.93,0.0,0.0,0
0000194_00998_d_0000124.jpg,9,17,12.37,0.0,0.0,0
0000194_00998_d_0000124.jpg,9,15,11.62,0.0,0.0,0
0000194_00998_d_0000124.jpg,11,16,13.27,0.0,0.0,0
0000194_00998_d_0000124.jpg,7,9,7.94,0.0,0.0,0
0000194_00998_d_0000124.jpg,5,7,5.92,0.0,0.0,0
0000194_01192_d_0000125.jpg,15,22,18.17,0.0,0.0,0
0000194_01192_d_0000125.jpg,12,18,14.7,0.0,0.0,0
0000194_01192_d_0000125.jpg,12,18,14.7,0.0,0.0,0
0000194_01192_d_0000125.jpg,12,17,14.28,0.4871,0.4948,0
0000194_01192_d_0000125.jpg,12,17,14.28,0.0,0.0,0
0000194_01192_d_0000125.jpg,11,14,12.41,0.0,0.0,0
0000194_01192_d_0000125.jpg,11,17,13.67,0.0,0.0,0
0000194_01192_d_0000125.jpg,10,16,12.65,0.0,0.0,0
0000194_01192_d_0000125.jpg,8,20,12.65,0.0,0.0,0
0000194_01192_d_0000125.jpg,8,20,12.65,0.0,0.0,0
0000196_04512_d_0000144.jpg,7,17,10.91,0.0,0.0,0
0000196_04512_d_0000144.jpg,11,20,14.83,0.0,0.0,0
0000196_04512_d_0000144.jpg,13,28,19.08,0.0,0.0,0
0000196_04512_d_0000144.jpg,14,36,22.45,0.6146,0.5543,1
0000196_04512_d_0000144.jpg,17,33,23.69,0.7376,0.5131,1
0000196_04512_d_0000144.jpg,16,36,24.0,0.8294,0.1973,1
0000196_04512_d_0000144.jpg,15,26,19.75,0.0163,0.4348,0
0000196_04512_d_0000144.jpg,15,28,20.49,0.4754,0.7015,0
0000196_04512_d_0000144.jpg,18,34,24.74,0.7826,0.5251,1
0000196_04512_d_0000144.jpg,16,40,25.3,0.4725,0.155,0
0000196_04512_d_0000144.jpg,20,54,32.86,0.5312,0.3079,1
0000196_04512_d_0000144.jpg,16,45,26.83,0.3627,0.5875,0
0000196_04512_d_0000144.jpg,25,49,35.0,0.8655,0.6808,1
0000196_04512_d_0000144.jpg,20,47,30.66,0.751,0.4956,1
0000196_04512_d_0000144.jpg,20,33,25.69,0.6033,0.4934,1
0000196_04512_d_0000144.jpg,23,40,30.33,0.8198,0.6316,1
0000196_04512_d_0000144.jpg,15,39,24.19,0.8279,0.4338,1
0000196_04512_d_0000144.jpg,14,26,19.08,0.6925,0.3565,1
0000196_04512_d_0000144.jpg,14,27,19.44,0.065,0.3198,0
0000196_04512_d_0000144.jpg,9,20,13.42,0.0,0.0,0
0000196_04512_d_0000144.jpg,11,18,14.07,0.0,0.0,0
0000196_04512_d_0000144.jpg,10,18,13.42,0.0,0.0,0
0000196_04512_d_0000144.jpg,9,20,13.42,0.0,0.0,0
0000196_04512_d_0000144.jpg,11,19,14.46,0.6773,0.3008,1
0000196_04512_d_0000144.jpg,11,31,18.47,0.4961,0.1549,0
0000196_04512_d_0000144.jpg,10,30,17.32,0.8422,0.2088,1
0000196_04512_d_0000144.jpg,9,31,16.7,0.0308,0.1571,0
0000196_04512_d_0000144.jpg,10,29,17.03,0.8306,0.1583,1
0000196_04512_d_0000144.jpg,9,26,15.3,0.3009,0.2132,0
0000196_04512_d_0000144.jpg,11,34,19.34,0.7444,0.1808,1
0000196_04512_d_0000144.jpg,12,35,20.49,0.4171,0.17,0
0000196_04512_d_0000144.jpg,9,24,14.7,0.0,0.0,0
0000196_04512_d_0000144.jpg,15,19,16.88,0.0542,0.3034,0
0000196_04512_d_0000144.jpg,14,26,19.08,0.0,0.0,0
0000196_04512_d_0000144.jpg,12,31,19.29,0.0,0.0,0
0000199_01269_d_0000166.jpg,9,14,11.22,0.0,0.0,0
0000213_02500_d_0000240.jpg,17,47,28.27,0.7366,0.5233,1
0000213_02500_d_0000240.jpg,12,28,18.33,0.8249,0.3757,1
0000213_02500_d_0000240.jpg,23,22,22.49,0.0,0.0,0
0000213_02500_d_0000240.jpg,11,33,19.05,0.0,0.0,0
0000213_02500_d_0000240.jpg,8,16,11.31,0.0,0.0,0
0000213_02500_d_0000240.jpg,13,28,19.08,0.0,0.0,0
0000213_02500_d_0000240.jpg,12,16,13.86,0.0,0.0,0
0000213_02500_d_0000240.jpg,7,14,9.9,0.0,0.0,0
0000213_02500_d_0000240.jpg,3,9,5.2,0.0,0.0,0
0000213_02500_d_0000240.jpg,4,8,5.66,0.0,0.0,0
0000213_02500_d_0000240.jpg,5,11,7.42,0.0,0.0,0
0000213_02500_d_0000240.jpg,4,13,7.21,0.0,0.0,0
0000213_02500_d_0000240.jpg,4,13,7.21,0.0,0.0,0
0000213_02500_d_0000240.jpg,5,14,8.37,0.0,0.0,0
0000213_02500_d_0000240.jpg,5,17,9.22,0.0,0.0,0
0000213_02500_d_0000240.jpg,6,17,10.1,0.0,0.0,0
0000213_02500_d_0000240.jpg,22,19,20.45,0.0,0.0,0
0000213_02500_d_0000240.jpg,6,12,8.49,0.0,0.0,0
0000213_02500_d_0000240.jpg,6,14,9.17,0.0,0.0,0
0000213_02500_d_0000240.jpg,7,13,9.54,0.0,0.0,0
0000213_02500_d_0000240.jpg,9,23,14.39,0.0,0.0,0
0000213_02500_d_0000240.jpg,23,34,27.96,0.6459,0.5589,1
0000213_02965_d_0000241.jpg,53,40,46.04,0.0,0.0,0
0000213_02965_d_0000241.jpg,30,31,30.5,0.0,0.0,0
0000213_02965_d_0000241.jpg,5,17,9.22,0.0,0.0,0
0000213_02965_d_0000241.jpg,5,11,7.42,0.0,0.0,0
0000213_02965_d_0000241.jpg,5,11,7.42,0.0,0.0,0
0000213_02965_d_0000241.jpg,5,13,8.06,0.249,0.2667,0
0000213_02965_d_0000241.jpg,11,22,15.56,0.0,0.0,0
0000213_02965_d_0000241.jpg,6,22,11.49,0.0,0.0,0
0000213_02965_d_0000241.jpg,9,28,15.87,0.9013,0.2731,1
0000213_02965_d_0000241.jpg,7,29,14.25,0.696,0.5211,1
0000213_02965_d_0000241.jpg,8,20,12.65,0.0,0.0,0
0000213_02965_d_0000241.jpg,12,33,19.9,0.8036,0.5215,1
0000213_02965_d_0000241.jpg,11,28,17.55,0.7595,0.2463,1
0000213_02965_d_0000241.jpg,13,31,20.07,0.7679,0.5012,1
0000213_02965_d_0000241.jpg,10,20,14.14,0.0,0.0,0
0000213_02965_d_0000241.jpg,8,19,12.33,0.0,0.0,0
0000213_02965_d_0000241.jpg,14,24,18.33,0.2365,0.4499,0
0000213_03478_d_0000242.jpg,35,52,42.66,0.703,0.1558,1
0000213_03478_d_0000242.jpg,10,34,18.44,0.6771,0.4152,1
0000213_03478_d_0000242.jpg,10,29,17.03,0.6948,0.5327,1
0000213_03478_d_0000242.jpg,9,31,16.7,0.5704,0.4508,1
0000213_03478_d_0000242.jpg,20,35,26.46,0.8555,0.517,1
0000213_03478_d_0000242.jpg,14,41,23.96,0.7553,0.4712,1
0000213_03478_d_0000242.jpg,9,41,19.21,0.3794,0.3038,0
0000213_03478_d_0000242.jpg,12,43,22.72,0.8231,0.5309,1
0000213_03478_d_0000242.jpg,16,29,21.54,0.5905,0.4926,1
0000213_03478_d_0000242.jpg,13,25,18.03,0.0,0.0,0
0000213_03478_d_0000242.jpg,14,25,18.71,0.0,0.0,0
0000213_03478_d_0000242.jpg,15,40,24.49,0.7822,0.5111,1
0000213_03478_d_0000242.jpg,13,34,21.02,0.0413,0.3829,0
0000213_03478_d_0000242.jpg,19,37,26.51,0.8462,0.7485,1
0000213_03478_d_0000242.jpg,9,26,15.3,0.0,0.0,0
0000213_03478_d_0000242.jpg,8,24,13.86,0.0,0.0,0
0000213_03478_d_0000242.jpg,10,30,17.32,0.0,0.0,0
0000213_03478_d_0000242.jpg,7,27,13.75,0.0,0.0,0
0000213_03478_d_0000242.jpg,10,15,12.25,0.2326,0.182,0
0000213_03478_d_0000242.jpg,9,24,14.7,0.0,0.0,0
0000213_03478_d_0000242.jpg,8,21,12.96,0.0,0.0,0
0000213_03478_d_0000242.jpg,9,23,14.39,0.0,0.0,0
0000213_03478_d_0000242.jpg,6,22,11.49,0.0086,0.2926,0
0000213_03478_d_0000242.jpg,5,21,10.25,0.0,0.0,0
0000213_03478_d_0000242.jpg,8,20,12.65,0.0,0.0,0
0000213_03478_d_0000242.jpg,7,16,10.58,0.0,0.0,0
0000213_03478_d_0000242.jpg,7,17,10.91,0.0,0.0,0
0000213_03478_d_0000242.jpg,9,16,12.0,0.0,0.0,0
0000213_03478_d_0000242.jpg,9,15,11.62,0.0,0.0,0
0000213_03478_d_0000242.jpg,9,19,13.08,0.0,0.0,0
0000213_03478_d_0000242.jpg,8,17,11.66,0.0,0.0,0
0000213_03478_d_0000242.jpg,6,16,9.8,0.0,0.0,0
0000213_03478_d_0000242.jpg,12,23,16.61,0.0,0.0,0
0000213_03478_d_0000242.jpg,9,24,14.7,0.0,0.0,0
0000213_03478_d_0000242.jpg,9,21,13.75,0.0,0.0,0
0000213_03478_d_0000242.jpg,18,33,24.37,0.0,0.0,0
0000213_03920_d_0000243.jpg,34,77,51.17,0.8702,0.7068,1
0000213_03920_d_0000243.jpg,24,60,37.95,0.7289,0.6906,1
0000213_03920_d_0000243.jpg,31,41,35.65,0.5721,0.6682,1
0000213_03920_d_0000243.jpg,29,58,41.01,0.8694,0.597,1
0000213_03920_d_0000243.jpg,23,58,36.52,0.8699,0.7009,1
0000213_03920_d_0000243.jpg,25,50,35.36,0.6983,0.3086,1
0000213_03920_d_0000243.jpg,24,52,35.33,0.8483,0.1613,1
0000213_03920_d_0000243.jpg,21,31,25.51,0.0,0.0,0
0000213_03920_d_0000243.jpg,26,50,36.06,0.8772,0.3419,1
0000213_03920_d_0000243.jpg,20,41,28.64,0.4716,0.1543,0
0000213_03920_d_0000243.jpg,24,53,35.67,0.5621,0.239,1
0000213_03920_d_0000243.jpg,23,49,33.57,0.5221,0.2332,1
0000213_03920_d_0000243.jpg,22,53,34.15,0.8133,0.3268,1
0000213_03920_d_0000243.jpg,21,52,33.05,0.8891,0.6295,1
0000213_03920_d_0000243.jpg,27,42,33.67,0.241,0.2025,0
0000213_03920_d_0000243.jpg,18,26,21.63,0.2222,0.4965,0
0000213_03920_d_0000243.jpg,25,46,33.91,0.0,0.0,0
0000213_03920_d_0000243.jpg,21,38,28.25,0.0,0.0,0
0000213_03920_d_0000243.jpg,18,38,26.15,0.6018,0.2543,1
0000213_03920_d_0000243.jpg,19,40,27.57,0.8942,0.5201,1
0000213_03920_d_0000243.jpg,21,42,29.7,0.6875,0.157,1
0000213_03920_d_0000243.jpg,13,31,20.07,0.389,0.2408,0
0000213_03920_d_0000243.jpg,13,32,20.4,0.0,0.0,0
0000213_03920_d_0000243.jpg,20,45,30.0,0.6488,0.451,1
0000213_03920_d_0000243.jpg,17,29,22.2,0.0,0.0,0
0000213_03920_d_0000243.jpg,20,23,21.45,0.0,0.0,0
0000213_03920_d_0000243.jpg,19,31,24.27,0.0,0.0,0
0000213_03920_d_0000243.jpg,17,26,21.02,0.8688,0.1704,1
0000213_03920_d_0000243.jpg,13,35,21.33,0.6187,0.1584,1
0000213_03920_d_0000243.jpg,12,41,22.18,0.0,0.0,0
0000213_03920_d_0000243.jpg,17,39,25.75,0.9566,0.5763,1
0000213_03920_d_0000243.jpg,15,41,24.8,0.853,0.4259,1
0000213_03920_d_0000243.jpg,19,41,27.91,0.7389,0.459,1
0000213_03920_d_0000243.jpg,18,36,25.46,0.7595,0.2569,1
0000213_03920_d_0000243.jpg,14,33,21.49,0.073,0.5585,0
0000213_03920_d_0000243.jpg,11,35,19.62,0.0379,0.5658,0
0000213_03920_d_0000243.jpg,11,35,19.62,0.0,0.0,0
0000213_03920_d_0000243.jpg,11,26,16.91,0.5868,0.1694,1
0000213_03920_d_0000243.jpg,15,36,23.24,0.0,0.0,0
0000213_03920_d_0000243.jpg,14,32,21.17,0.6939,0.2378,1
0000213_03920_d_0000243.jpg,13,40,22.8,0.8225,0.3642,1
0000213_03920_d_0000243.jpg,11,39,20.71,0.511,0.4474,1
0000213_03920_d_0000243.jpg,18,36,25.46,0.8006,0.2401,1
0000213_03920_d_0000243.jpg,20,33,25.69,0.5486,0.2391,1
0000213_03920_d_0000243.jpg,12,31,19.29,0.0,0.0,0
0000213_03920_d_0000243.jpg,11,27,17.23,0.0,0.0,0
0000213_03920_d_0000243.jpg,8,22,13.27,0.0,0.0,0
0000213_03920_d_0000243.jpg,18,53,30.89,0.7041,0.679,1
0000213_03920_d_0000243.jpg,16,55,29.66,0.6775,0.2092,1
0000213_03920_d_0000243.jpg,13,54,26.5,0.8372,0.5942,1
0000213_03920_d_0000243.jpg,9,24,14.7,0.0,0.0,0
0000213_03920_d_0000243.jpg,11,21,15.2,0.0,0.0,0
0000213_03920_d_0000243.jpg,12,23,16.61,0.0,0.0,0
0000213_03920_d_0000243.jpg,8,19,12.33,0.1816,0.6168,0
0000213_03920_d_0000243.jpg,9,21,13.75,0.0,0.0,0
0000213_03920_d_0000243.jpg,9,20,13.42,0.0,0.0,0
0000213_03920_d_0000243.jpg,7,16,10.58,0.0,0.0,0
0000213_03920_d_0000243.jpg,7,22,12.41,0.0,0.0,0
0000213_03920_d_0000243.jpg,6,10,7.75,0.0,0.0,0
0000213_03920_d_0000243.jpg,7,14,9.9,0.0,0.0,0
0000213_03920_d_0000243.jpg,10,24,15.49,0.0,0.0,0
0000213_03920_d_0000243.jpg,12,20,15.49,0.84,0.1812,1
0000213_03920_d_0000243.jpg,8,21,12.96,0.1548,0.1627,0
0000213_03920_d_0000243.jpg,10,18,13.42,0.0388,0.1627,0
0000213_03920_d_0000243.jpg,8,16,11.31,0.6738,0.2805,1
0000213_03920_d_0000243.jpg,7,21,12.12,0.0,0.0,0
0000213_03920_d_0000243.jpg,12,21,15.87,0.0,0.0,0
0000213_03920_d_0000243.jpg,5,16,8.94,0.0,0.0,0
0000213_03920_d_0000243.jpg,7,19,11.53,0.0,0.0,0
0000213_03920_d_0000243.jpg,10,18,13.42,0.0,0.0,0
0000213_03920_d_0000243.jpg,6,12,8.49,0.0,0.0,0
0000213_03920_d_0000243.jpg,7,20,11.83,0.0,0.0,0
0000213_03920_d_0000243.jpg,8,19,12.33,0.0,0.0,0
0000213_03920_d_0000243.jpg,8,18,12.0,0.0,0.0,0
0000213_03920_d_0000243.jpg,8,21,12.96,0.0,0.0,0
0000213_03920_d_0000243.jpg,8,23,13.56,0.0,0.0,0
0000213_03920_d_0000243.jpg,39,18,26.5,0.0,0.0,0
0000213_03920_d_0000243.jpg,8,16,11.31,0.0,0.0,0
0000213_03920_d_0000243.jpg,7,17,10.91,0.0,0.0,0
0000213_03920_d_0000243.jpg,8,20,12.65,0.0,0.0,0
0000213_03920_d_0000243.jpg,7,16,10.58,0.0,0.0,0
0000213_04405_d_0000244.jpg,10,28,16.73,0.0,0.0,0
0000213_04405_d_0000244.jpg,9,38,18.49,0.7053,0.4208,1
0000213_04405_d_0000244.jpg,12,38,21.35,0.7738,0.3937,1
0000213_04405_d_0000244.jpg,9,37,18.25,0.8002,0.4546,1
0000213_04405_d_0000244.jpg,25,57,37.75,0.8364,0.7443,1
0000213_04405_d_0000244.jpg,19,51,31.13,0.958,0.7902,1
0000213_04405_d_0000244.jpg,9,27,15.59,0.0,0.0,0
0000213_04405_d_0000244.jpg,7,18,11.22,0.0,0.0,0
0000213_04405_d_0000244.jpg,16,14,14.97,0.0,0.0,0
0000213_04405_d_0000244.jpg,9,15,11.62,0.0,0.0,0
0000213_04405_d_0000244.jpg,22,24,22.98,0.0,0.0,0
0000213_04405_d_0000244.jpg,10,23,15.17,0.0,0.0,0
0000213_04405_d_0000244.jpg,8,29,15.23,0.0,0.0,0
0000213_04405_d_0000244.jpg,9,23,14.39,0.0,0.0,0
0000213_04405_d_0000244.jpg,13,26,18.38,0.0,0.0,0
0000213_04405_d_0000244.jpg,13,26,18.38,0.0,0.0,0
0000213_04405_d_0000244.jpg,14,34,21.82,0.8953,0.7143,1
0000213_04405_d_0000244.jpg,11,26,16.91,0.8437,0.4583,1
0000213_04405_d_0000244.jpg,12,24,16.97,0.0,0.0,0
0000213_04405_d_0000244.jpg,10,24,15.49,0.7952,0.187,1
0000213_04405_d_0000244.jpg,31,59,42.77,0.8841,0.2392,1
0000213_04405_d_0000244.jpg,13,19,15.72,0.0,0.0,0
0000213_04405_d_0000244.jpg,14,32,21.17,0.0135,0.2731,0
0000213_04405_d_0000244.jpg,12,25,17.32,0.0,0.0,0
0000213_04405_d_0000244.jpg,11,17,13.67,0.0,0.0,0
0000213_04405_d_0000244.jpg,8,23,13.56,0.0,0.0,0
0000213_04405_d_0000244.jpg,7,21,12.12,0.0,0.0,0
0000213_04405_d_0000244.jpg,10,15,12.25,0.0,0.0,0
0000213_04405_d_0000244.jpg,11,16,13.27,0.0,0.0,0
0000213_04405_d_0000244.jpg,6,17,10.1,0.0,0.0,0
0000213_04405_d_0000244.jpg,7,7,7.0,0.0,0.0,0
0000213_04405_d_0000244.jpg,9,21,13.75,0.0,0.0,0
0000213_04405_d_0000244.jpg,8,28,14.97,0.5035,0.1684,1
0000213_04405_d_0000244.jpg,9,24,14.7,0.0,0.0,0
0000213_04405_d_0000244.jpg,9,21,13.75,0.0,0.0,0
0000213_04405_d_0000244.jpg,17,24,20.2,0.5476,0.2185,1
0000213_04405_d_0000244.jpg,14,35,22.14,0.0651,0.2107,0
0000213_04405_d_0000244.jpg,9,21,13.75,0.0,0.0,0
0000213_04405_d_0000244.jpg,10,31,17.61,0.0,0.0,0
0000213_04405_d_0000244.jpg,9,21,13.75,0.0,0.0,0
0000213_04405_d_0000244.jpg,12,16,13.86,0.0,0.0,0
0000213_04405_d_0000244.jpg,5,20,10.0,0.1979,0.1976,0
0000213_04405_d_0000244.jpg,8,22,13.27,0.0258,0.2264,0
0000213_04998_d_0000245.jpg,14,30,20.49,0.4932,0.2523,0
0000213_04998_d_0000245.jpg,10,31,17.61,0.6972,0.2736,1
0000213_04998_d_0000245.jpg,12,30,18.97,0.6454,0.1871,1
0000213_04998_d_0000245.jpg,13,29,19.42,0.746,0.3226,1
0000213_04998_d_0000245.jpg,13,27,18.73,0.47,0.445,0
0000213_04998_d_0000245.jpg,6,26,12.49,0.0,0.0,0
0000213_04998_d_0000245.jpg,8,21,12.96,0.5746,0.2527,1
0000213_04998_d_0000245.jpg,11,17,13.67,0.6115,0.1909,1
0000213_04998_d_0000245.jpg,11,20,14.83,0.619,0.1546,1
0000213_04998_d_0000245.jpg,12,18,14.7,0.3227,0.2413,0
0000213_04998_d_0000245.jpg,13,16,14.42,0.0,0.0,0
0000213_04998_d_0000245.jpg,10,22,14.83,0.0,0.0,0
0000213_04998_d_0000245.jpg,12,34,20.2,0.6648,0.5218,1
0000213_04998_d_0000245.jpg,10,28,16.73,0.4707,0.2706,0
0000213_04998_d_0000245.jpg,10,29,17.03,0.0434,0.2676,0
0000213_04998_d_0000245.jpg,12,31,19.29,0.3219,0.2458,0
0000213_04998_d_0000245.jpg,12,30,18.97,0.6426,0.21,1
0000213_04998_d_0000245.jpg,13,31,20.07,0.0,0.0,0
0000213_04998_d_0000245.jpg,12,27,18.0,0.0,0.0,0
0000213_04998_d_0000245.jpg,10,25,15.81,0.0,0.0,0
0000213_04998_d_0000245.jpg,17,37,25.08,0.0,0.0,0
0000213_04998_d_0000245.jpg,8,20,12.65,0.0,0.0,0
0000213_04998_d_0000245.jpg,16,34,23.32,0.7461,0.1585,1
0000213_04998_d_0000245.jpg,22,38,28.91,0.7706,0.2156,1
0000213_04998_d_0000245.jpg,20,32,25.3,0.0,0.0,0
0000213_04998_d_0000245.jpg,20,32,25.3,0.0,0.0,0
0000213_04998_d_0000245.jpg,15,27,20.12,0.0137,0.1912,0
0000213_04998_d_0000245.jpg,26,33,29.29,0.0,0.0,0
0000213_04998_d_0000245.jpg,26,29,27.46,0.8143,0.2413,1
0000213_04998_d_0000245.jpg,21,23,21.98,0.6099,0.2395,1
0000213_04998_d_0000245.jpg,31,31,31.0,0.5258,0.212,1
0000213_04998_d_0000245.jpg,32,31,31.5,0.8761,0.6923,1
0000213_04998_d_0000245.jpg,34,34,34.0,0.3089,0.314,0
0000213_04998_d_0000245.jpg,26,32,28.84,0.6228,0.2123,1
0000213_04998_d_0000245.jpg,14,29,20.15,0.727,0.1635,1
0000213_04998_d_0000245.jpg,13,32,20.4,0.4087,0.1557,0
0000213_04998_d_0000245.jpg,11,24,16.25,0.8643,0.4281,1
0000213_04998_d_0000245.jpg,9,23,14.39,0.3927,0.1586,0
0000213_04998_d_0000245.jpg,8,19,12.33,0.0,0.0,0
0000213_04998_d_0000245.jpg,7,19,11.53,0.0,0.0,0
0000213_04998_d_0000245.jpg,9,25,15.0,0.0,0.0,0
0000213_04998_d_0000245.jpg,10,20,14.14,0.6422,0.2545,1
0000213_04998_d_0000245.jpg,6,22,11.49,0.0,0.0,0
0000213_04998_d_0000245.jpg,6,19,10.68,0.0,0.0,0
0000213_04998_d_0000245.jpg,6,22,11.49,0.4846,0.2545,0
0000213_04998_d_0000245.jpg,8,21,12.96,0.1097,0.1785,0
0000213_04998_d_0000245.jpg,17,42,26.72,0.6786,0.6521,1
0000213_04998_d_0000245.jpg,15,37,23.56,0.6631,0.446,1
0000213_04998_d_0000245.jpg,10,23,15.17,0.6737,0.2425,1
0000213_04998_d_0000245.jpg,15,30,21.21,0.0,0.0,0
0000213_04998_d_0000245.jpg,17,20,18.44,0.0,0.0,0
0000213_04998_d_0000245.jpg,15,31,21.56,0.0,0.0,0
0000213_04998_d_0000245.jpg,20,49,31.3,0.5407,0.1855,1
0000213_04998_d_0000245.jpg,20,49,31.3,0.0,0.0,0
0000213_04998_d_0000245.jpg,13,28,19.08,0.0,0.0,0
0000213_04998_d_0000245.jpg,18,21,19.44,0.0,0.0,0
0000213_04998_d_0000245.jpg,17,19,17.97,0.0,0.0,0
0000213_04998_d_0000245.jpg,14,17,15.43,0.0,0.0,0
0000213_04998_d_0000245.jpg,18,36,25.46,0.6196,0.2516,1
0000213_04998_d_0000245.jpg,28,38,32.62,0.8865,0.2617,1
0000213_04998_d_0000245.jpg,16,37,24.33,0.1737,0.2102,0
0000213_04998_d_0000245.jpg,13,28,19.08,0.0,0.0,0
0000213_04998_d_0000245.jpg,6,14,9.17,0.0,0.0,0
0000213_04998_d_0000245.jpg,6,21,11.22,0.0,0.0,0
0000213_04998_d_0000245.jpg,10,29,17.03,0.0,0.0,0
0000213_04998_d_0000245.jpg,10,27,16.43,0.489,0.6053,0
0000213_05340_d_0000246.jpg,12,16,13.86,0.0,0.0,0
0000213_05340_d_0000246.jpg,10,15,12.25,0.0,0.0,0
0000213_05340_d_0000246.jpg,12,13,12.49,0.0,0.0,0
0000213_05340_d_0000246.jpg,11,27,17.23,0.8208,0.3062,1
0000213_05340_d_0000246.jpg,10,25,15.81,0.0,0.0,0
0000213_05340_d_0000246.jpg,10,26,16.12,0.0,0.0,0
0000213_05340_d_0000246.jpg,11,24,16.25,0.5514,0.1929,1
0000213_05340_d_0000246.jpg,8,25,14.14,0.6046,0.3183,1
0000213_05340_d_0000246.jpg,11,28,17.55,0.5569,0.3452,1
0000213_05340_d_0000246.jpg,11,30,18.17,0.814,0.5453,1
0000213_05340_d_0000246.jpg,10,29,17.03,0.8822,0.3112,1
0000213_05340_d_0000246.jpg,11,26,16.91,0.445,0.3865,0
0000213_05340_d_0000246.jpg,12,28,18.33,0.6483,0.2943,1
0000213_05340_d_0000246.jpg,9,25,15.0,0.4996,0.4015,0
0000213_05340_d_0000246.jpg,9,14,11.22,0.0,0.0,0
0000213_05340_d_0000246.jpg,8,20,12.65,0.0,0.0,0
0000213_05340_d_0000246.jpg,8,20,12.65,0.0,0.0,0
0000213_05340_d_0000246.jpg,11,25,16.58,0.1025,0.3614,0
0000213_05340_d_0000246.jpg,11,26,16.91,0.0,0.0,0
0000213_05340_d_0000246.jpg,14,25,18.71,0.0,0.0,0
0000213_05340_d_0000246.jpg,13,31,20.07,0.0,0.0,0
0000213_05340_d_0000246.jpg,12,27,18.0,0.0,0.0,0
0000213_05340_d_0000246.jpg,11,25,16.58,0.0,0.0,0
0000213_05340_d_0000246.jpg,12,31,19.29,0.0,0.0,0
0000213_05340_d_0000246.jpg,12,31,19.29,0.7433,0.5103,1
0000213_05340_d_0000246.jpg,14,34,21.82,0.7606,0.2219,1
0000213_05340_d_0000246.jpg,10,34,18.44,0.3731,0.5491,0
0000213_05340_d_0000246.jpg,15,29,20.86,0.8248,0.6525,1
0000213_05340_d_0000246.jpg,12,31,19.29,0.5464,0.3222,1
0000213_05340_d_0000246.jpg,15,33,22.25,0.8076,0.7317,1
0000213_05340_d_0000246.jpg,12,31,19.29,0.7511,0.4243,1
0000213_05340_d_0000246.jpg,20,30,24.49,0.0,0.0,0
0000213_05340_d_0000246.jpg,11,31,18.47,0.7315,0.1746,1
0000213_05340_d_0000246.jpg,9,29,16.16,0.0,0.0,0
0000213_05340_d_0000246.jpg,11,33,19.05,0.6746,0.1774,1
0000213_05340_d_0000246.jpg,15,28,20.49,0.69,0.1869,1
0000213_05340_d_0000246.jpg,9,30,16.43,0.4368,0.1674,0
0000213_05340_d_0000246.jpg,13,23,17.29,0.4019,0.3394,0
0000213_05340_d_0000246.jpg,13,22,16.91,0.5268,0.374,1
0000213_05340_d_0000246.jpg,11,34,19.34,0.4292,0.3963,0
0000213_05340_d_0000246.jpg,21,31,25.51,0.0,0.0,0
0000213_05340_d_0000246.jpg,15,18,16.43,0.0,0.0,0
0000213_05340_d_0000246.jpg,22,25,23.45,0.0,0.0,0
0000213_05340_d_0000246.jpg,33,20,25.69,0.0,0.0,0
0000213_05340_d_0000246.jpg,15,23,18.57,0.0,0.0,0
0000213_05340_d_0000246.jpg,17,21,18.89,0.0,0.0,0
0000213_05340_d_0000246.jpg,17,21,18.89,0.0,0.0,0
0000213_05340_d_0000246.jpg,14,21,17.15,0.0,0.0,0
0000213_05340_d_0000246.jpg,14,41,23.96,0.0,0.0,0
0000213_05340_d_0000246.jpg,16,39,24.98,0.7677,0.4168,1
0000213_05340_d_0000246.jpg,16,33,22.98,0.8363,0.2904,1
0000213_05340_d_0000246.jpg,15,36,23.24,0.6603,0.388,1
0000213_05340_d_0000246.jpg,24,32,27.71,0.7404,0.1897,1
0000213_05340_d_0000246.jpg,8,23,13.56,0.2759,0.5747,0
0000213_05340_d_0000246.jpg,17,33,23.69,0.8377,0.164,1
0000213_05340_d_0000246.jpg,18,27,22.05,0.0,0.0,0
0000213_05340_d_0000246.jpg,23,22,22.49,0.0,0.0,0
0000213_05340_d_0000246.jpg,17,25,20.62,0.0,0.0,0
0000213_05340_d_0000246.jpg,15,19,16.88,0.0,0.0,0
0000213_05340_d_0000246.jpg,20,37,27.2,0.6694,0.4382,1
0000213_05340_d_0000246.jpg,12,26,17.66,0.8063,0.5816,1
0000213_05340_d_0000246.jpg,12,26,17.66,0.8064,0.5252,1
0000213_05340_d_0000246.jpg,12,29,18.65,0.7124,0.4631,1
0000213_05340_d_0000246.jpg,12,26,17.66,0.8244,0.363,1
0000213_05340_d_0000246.jpg,13,23,17.29,0.7895,0.624,1
0000213_05340_d_0000246.jpg,10,23,15.17,0.6816,0.2991,1
0000213_05340_d_0000246.jpg,9,24,14.7,0.5363,0.4793,1
0000213_05340_d_0000246.jpg,11,23,15.91,0.6557,0.2193,1
0000213_05340_d_0000246.jpg,11,24,16.25,0.4404,0.4454,0
0000213_05340_d_0000246.jpg,10,26,16.12,0.0621,0.1691,0
0000213_05340_d_0000246.jpg,28,33,30.4,0.4037,0.768,0
0000213_05340_d_0000246.jpg,26,27,26.5,0.3032,0.725,0
0000213_05340_d_0000246.jpg,16,24,19.6,0.0,0.0,0
0000213_05340_d_0000246.jpg,17,36,24.74,0.0,0.0,0
0000213_05340_d_0000246.jpg,18,41,27.17,0.0,0.0,0
0000213_05340_d_0000246.jpg,17,35,24.39,0.0,0.0,0
0000213_05340_d_0000246.jpg,18,21,19.44,0.0,0.0,0
0000213_05340_d_0000246.jpg,9,29,16.16,0.0,0.0,0
0000213_05340_d_0000246.jpg,7,29,14.25,0.0,0.0,0
0000213_05340_d_0000246.jpg,12,29,18.65,0.0,0.0,0
0000213_05745_d_0000247.jpg,19,30,23.87,0.0,0.0,0
0000213_05745_d_0000247.jpg,16,30,21.91,0.6328,0.2161,1
0000213_05745_d_0000247.jpg,13,30,19.75,0.0,0.0,0
0000213_05745_d_0000247.jpg,17,33,23.69,0.8388,0.2505,1
0000213_05745_d_0000247.jpg,14,26,19.08,0.0,0.0,0
0000213_05745_d_0000247.jpg,18,28,22.45,0.5188,0.2266,1
0000213_05745_d_0000247.jpg,19,34,25.42,0.7349,0.369,1
0000213_05745_d_0000247.jpg,27,32,29.39,0.0,0.0,0
0000213_05745_d_0000247.jpg,22,36,28.14,0.0,0.0,0
0000213_05745_d_0000247.jpg,12,17,14.28,0.0,0.0,0
0000213_05745_d_0000247.jpg,15,22,18.17,0.7407,0.2642,1
0000213_05745_d_0000247.jpg,18,19,18.49,0.4758,0.327,0
0000213_05745_d_0000247.jpg,14,27,19.44,0.7584,0.1557,1
0000213_05745_d_0000247.jpg,10,20,14.14,0.6387,0.3203,1
0000213_05745_d_0000247.jpg,10,21,14.49,0.6916,0.3203,1
0000213_05745_d_0000247.jpg,10,29,17.03,0.7337,0.6275,1
0000213_05745_d_0000247.jpg,8,27,14.7,0.4691,0.2018,0
0000213_05745_d_0000247.jpg,9,28,15.87,0.0,0.0,0
0000213_05745_d_0000247.jpg,15,24,18.97,0.0,0.0,0
0000213_05745_d_0000247.jpg,11,24,16.25,0.077,0.2956,0
0000213_05745_d_0000247.jpg,12,14,12.96,0.2642,0.1564,0
0000213_05745_d_0000247.jpg,9,15,11.62,0.0,0.0,0
0000213_05745_d_0000247.jpg,12,16,13.86,0.8413,0.1936,1
0000213_05745_d_0000247.jpg,14,35,22.14,0.8446,0.6444,1
0000213_05745_d_0000247.jpg,12,32,19.6,0.7615,0.4662,1
0000213_05745_d_0000247.jpg,13,33,20.71,0.7303,0.4231,1
0000213_05745_d_0000247.jpg,11,35,19.62,0.6791,0.3392,1
0000213_05745_d_0000247.jpg,16,31,22.27,0.7114,0.2863,1
0000213_05745_d_0000247.jpg,16,37,24.33,0.0433,0.1851,0
0000213_05745_d_0000247.jpg,18,31,23.62,0.5954,0.5081,1
0000213_05745_d_0000247.jpg,13,34,21.02,0.5218,0.3067,1
0000213_05745_d_0000247.jpg,14,28,19.8,0.5877,0.377,1
0000213_05745_d_0000247.jpg,17,32,23.32,0.5914,0.1892,1
0000213_05745_d_0000247.jpg,13,29,19.42,0.0,0.0,0
0000213_05745_d_0000247.jpg,17,36,24.74,0.5713,0.2573,1
0000213_05745_d_0000247.jpg,15,36,23.24,0.8263,0.3413,1
0000213_05745_d_0000247.jpg,14,35,22.14,0.8483,0.4803,1
0000213_05745_d_0000247.jpg,15,32,21.91,0.7504,0.539,1
0000213_05745_d_0000247.jpg,13,33,20.71,0.5883,0.4126,1
0000213_05745_d_0000247.jpg,16,30,21.91,0.7237,0.1795,1
0000213_05745_d_0000247.jpg,14,28,19.8,0.1433,0.3167,0
0000215_00000_d_0000256.jpg,6,16,9.8,0.0,0.0,0
0000215_00000_d_0000256.jpg,6,15,9.49,0.0,0.0,0
0000215_00000_d_0000256.jpg,5,19,9.75,0.0,0.0,0
0000215_00000_d_0000256.jpg,6,16,9.8,0.0,0.0,0
0000215_00000_d_0000256.jpg,4,18,8.49,0.0,0.0,0
0000215_00000_d_0000256.jpg,7,17,10.91,0.0,0.0,0
0000215_00000_d_0000256.jpg,4,10,6.32,0.0,0.0,0
0000215_00000_d_0000256.jpg,5,12,7.75,0.0,0.0,0
0000215_00000_d_0000256.jpg,3,9,5.2,0.0,0.0,0
0000215_00000_d_0000256.jpg,3,11,5.74,0.0,0.0,0
0000215_00000_d_0000256.jpg,15,13,13.96,0.0,0.0,0
0000215_00000_d_0000256.jpg,22,12,16.25,0.0,0.0,0
0000215_00000_d_0000256.jpg,3,9,5.2,0.0,0.0,0
0000215_00000_d_0000256.jpg,3,9,5.2,0.0,0.0,0
0000215_00000_d_0000256.jpg,4,9,6.0,0.0,0.0,0
0000215_00000_d_0000256.jpg,5,10,7.07,0.0,0.0,0
0000215_00000_d_0000256.jpg,7,16,10.58,0.0,0.0,0
0000215_00000_d_0000256.jpg,7,15,10.25,0.0,0.0,0
0000215_00000_d_0000256.jpg,5,12,7.75,0.0,0.0,0
0000215_00000_d_0000256.jpg,5,17,9.22,0.0,0.0,0
0000215_00000_d_0000256.jpg,6,17,10.1,0.0,0.0,0
0000215_00000_d_0000256.jpg,5,14,8.37,0.0,0.0,0
0000215_00000_d_0000256.jpg,5,13,8.06,0.0,0.0,0
0000215_00000_d_0000256.jpg,6,17,10.1,0.0,0.0,0
0000215_00000_d_0000256.jpg,6,19,10.68,0.0,0.0,0
0000215_00000_d_0000256.jpg,15,24,18.97,0.0,0.0,0
0000215_00000_d_0000256.jpg,15,30,21.21,0.0,0.0,0
0000215_00000_d_0000256.jpg,18,38,26.15,0.0,0.0,0
0000215_00000_d_0000256.jpg,12,30,18.97,0.0,0.0,0
0000215_00000_d_0000256.jpg,8,15,10.95,0.0,0.0,0
0000215_00000_d_0000256.jpg,7,11,8.77,0.0,0.0,0
0000215_00000_d_0000256.jpg,13,28,19.08,0.7184,0.268,1
0000215_00000_d_0000256.jpg,6,17,10.1,0.0,0.0,0
0000215_00000_d_0000256.jpg,7,16,10.58,0.0,0.0,0
0000215_00000_d_0000256.jpg,6,17,10.1,0.0,0.0,0
0000215_00000_d_0000256.jpg,7,18,11.22,0.2703,0.181,0
0000215_00000_d_0000256.jpg,6,18,10.39,0.0,0.0,0
0000215_00000_d_0000256.jpg,7,19,11.53,0.0,0.0,0
0000215_00000_d_0000256.jpg,3,7,4.58,0.0,0.0,0
0000215_00000_d_0000256.jpg,6,18,10.39,0.0,0.0,0
0000215_00000_d_0000256.jpg,7,19,11.53,0.0,0.0,0
0000215_00000_d_0000256.jpg,7,19,11.53,0.0,0.0,0
0000215_00000_d_0000256.jpg,5,17,9.22,0.0,0.0,0
0000215_00000_d_0000256.jpg,8,20,12.65,0.0,0.0,0
0000215_00000_d_0000256.jpg,7,18,11.22,0.0,0.0,0
0000215_00000_d_0000256.jpg,5,19,9.75,0.0,0.0,0
0000215_00000_d_0000256.jpg,7,17,10.91,0.0,0.0,0
0000215_00000_d_0000256.jpg,9,19,13.08,0.0,0.0,0
0000215_00000_d_0000256.jpg,4,10,6.32,0.0,0.0,0
0000215_00000_d_0000256.jpg,7,18,11.22,0.0,0.0,0
0000215_00000_d_0000256.jpg,7,17,10.91,0.0,0.0,0
0000215_00000_d_0000256.jpg,10,19,13.78,0.0,0.0,0
0000215_00000_d_0000256.jpg,6,16,9.8,0.0,0.0,0
0000215_00000_d_0000256.jpg,6,17,10.1,0.0,0.0,0
0000215_00000_d_0000256.jpg,5,13,8.06,0.0,0.0,0
0000215_00000_d_0000256.jpg,5,14,8.37,0.0,0.0,0
0000215_00000_d_0000256.jpg,5,13,8.06,0.0,0.0,0
0000215_00000_d_0000256.jpg,7,13,9.54,0.0,0.0,0
0000215_00000_d_0000256.jpg,5,15,8.66,0.0,0.0,0
0000215_00000_d_0000256.jpg,6,13,8.83,0.0,0.0,0
0000215_00000_d_0000256.jpg,6,14,9.17,0.0,0.0,0
0000215_00000_d_0000256.jpg,7,13,9.54,0.0,0.0,0
0000215_00000_d_0000256.jpg,4,18,8.49,0.0,0.0,0
0000215_00000_d_0000256.jpg,8,18,12.0,0.0,0.0,0
0000215_00000_d_0000256.jpg,5,14,8.37,0.0,0.0,0
0000215_00000_d_0000256.jpg,5,15,8.66,0.0,0.0,0
0000215_00000_d_0000256.jpg,5,14,8.37,0.0,0.0,0
0000215_00000_d_0000256.jpg,5,15,8.66,0.0,0.0,0
0000215_00000_d_0000256.jpg,5,14,8.37,0.0,0.0,0
0000215_00000_d_0000256.jpg,3,12,6.0,0.0,0.0,0
0000215_00000_d_0000256.jpg,4,12,6.93,0.0,0.0,0
0000215_00000_d_0000256.jpg,6,15,9.49,0.0,0.0,0
0000215_00000_d_0000256.jpg,5,15,8.66,0.0,0.0,0
0000215_00000_d_0000256.jpg,4,12,6.93,0.0,0.0,0
0000215_00000_d_0000256.jpg,7,10,8.37,0.0,0.0,0
0000215_00000_d_0000256.jpg,5,10,7.07,0.0,0.0,0
0000215_00000_d_0000256.jpg,4,10,6.32,0.0,0.0,0
0000215_00447_d_0000257.jpg,6,17,10.1,0.0,0.0,0
0000215_00447_d_0000257.jpg,8,20,12.65,0.0,0.0,0
0000215_00447_d_0000257.jpg,7,21,12.12,0.0,0.0,0
0000215_00447_d_0000257.jpg,7,20,11.83,0.0,0.0,0
0000215_00447_d_0000257.jpg,6,23,11.75,0.0,0.0,0
0000215_00447_d_0000257.jpg,6,19,10.68,0.0,0.0,0
0000215_00447_d_0000257.jpg,8,22,13.27,0.0,0.0,0
0000215_00909_d_0000258.jpg,17,37,25.08,0.9345,0.5071,1
0000215_00909_d_0000258.jpg,17,36,24.74,0.8708,0.4827,1
0000215_00909_d_0000258.jpg,15,35,22.91,0.0,0.0,0
0000215_00909_d_0000258.jpg,7,21,12.12,0.0,0.0,0
0000215_00909_d_0000258.jpg,12,22,16.25,0.0,0.0,0
0000215_00909_d_0000258.jpg,8,26,14.42,0.0,0.0,0
0000215_00909_d_0000258.jpg,8,23,13.56,0.0,0.0,0
0000215_00909_d_0000258.jpg,9,25,15.0,0.0183,0.1686,0
0000215_00909_d_0000258.jpg,8,23,13.56,0.0,0.0,0
0000215_00909_d_0000258.jpg,12,25,17.32,0.0,0.0,0
0000215_00909_d_0000258.jpg,8,25,14.14,0.0,0.0,0
0000215_00909_d_0000258.jpg,9,10,9.49,0.0,0.0,0
0000215_00909_d_0000258.jpg,8,18,12.0,0.0,0.0,0
0000215_00909_d_0000258.jpg,8,16,11.31,0.0,0.0,0
0000215_00909_d_0000258.jpg,9,14,11.22,0.0,0.0,0
0000215_00909_d_0000258.jpg,9,14,11.22,0.0,0.0,0
0000215_00909_d_0000258.jpg,9,16,12.0,0.0,0.0,0
0000215_00909_d_0000258.jpg,14,22,17.55,0.0,0.0,0
0000215_00909_d_0000258.jpg,16,29,21.54,0.0,0.0,0
0000215_01395_d_0000259.jpg,24,51,34.99,0.8026,0.1866,1
0000215_01395_d_0000259.jpg,21,41,29.34,0.0,0.0,0
0000215_01395_d_0000259.jpg,18,36,25.46,0.0,0.0,0
0000215_01395_d_0000259.jpg,16,42,25.92,0.0,0.0,0
0000215_01395_d_0000259.jpg,21,38,28.25,0.0,0.0,0
0000215_01395_d_0000259.jpg,19,36,26.15,0.0,0.0,0
0000215_01395_d_0000259.jpg,11,22,15.56,0.7339,0.3082,1
0000215_01869_d_0000260.jpg,11,18,14.07,0.0,0.0,0
0000215_01869_d_0000260.jpg,10,14,11.83,0.0,0.0,0
0000215_01869_d_0000260.jpg,7,14,9.9,0.0,0.0,0
0000215_01869_d_0000260.jpg,10,23,15.17,0.0,0.0,0
0000215_01869_d_0000260.jpg,10,14,11.83,0.0,0.0,0
0000215_01869_d_0000260.jpg,8,23,13.56,0.0,0.0,0
0000215_01869_d_0000260.jpg,9,19,13.08,0.0,0.0,0
0000215_01869_d_0000260.jpg,10,18,13.42,0.0,0.0,0
0000215_01869_d_0000260.jpg,13,23,17.29,0.0,0.0,0
0000215_01869_d_0000260.jpg,17,31,22.96,0.0,0.0,0
0000215_01869_d_0000260.jpg,10,20,14.14,0.0,0.0,0
0000215_01869_d_0000260.jpg,13,22,16.91,0.0,0.0,0
0000215_01869_d_0000260.jpg,16,27,20.78,0.0,0.0,0
0000215_01869_d_0000260.jpg,19,27,22.65,0.0,0.0,0
0000215_01869_d_0000260.jpg,14,29,20.15,0.0,0.0,0
0000215_01869_d_0000260.jpg,12,27,18.0,0.0,0.0,0
0000215_01869_d_0000260.jpg,15,15,15.0,0.0,0.0,0
0000215_01869_d_0000260.jpg,13,28,19.08,0.0,0.0,0
0000215_01869_d_0000260.jpg,13,25,18.03,0.0,0.0,0
0000215_01869_d_0000260.jpg,11,24,16.25,0.0,0.0,0
0000215_01869_d_0000260.jpg,20,20,20.0,0.0,0.0,0
0000215_01869_d_0000260.jpg,10,20,14.14,0.0,0.0,0
0000215_01869_d_0000260.jpg,24,37,29.8,0.6954,0.6381,1
0000215_01869_d_0000260.jpg,19,29,23.47,0.0,0.0,0
0000215_01869_d_0000260.jpg,13,21,16.52,0.0,0.0,0
0000215_01869_d_0000260.jpg,17,37,25.08,0.0,0.0,0
0000215_02319_d_0000261.jpg,9,14,11.22,0.0,0.0,0
0000215_02319_d_0000261.jpg,8,21,12.96,0.0127,0.1749,0
0000215_02319_d_0000261.jpg,9,15,11.62,0.0,0.0,0
0000215_02319_d_0000261.jpg,7,18,11.22,0.0,0.0,0
0000215_02319_d_0000261.jpg,7,14,9.9,0.0,0.0,0
0000215_02319_d_0000261.jpg,7,25,13.23,0.0,0.0,0
0000215_02319_d_0000261.jpg,7,23,12.69,0.0,0.0,0
0000215_02319_d_0000261.jpg,6,20,10.95,0.0,0.0,0
0000215_02319_d_0000261.jpg,7,20,11.83,0.0,0.0,0
0000215_02319_d_0000261.jpg,7,23,12.69,0.0,0.0,0
0000215_02319_d_0000261.jpg,13,23,17.29,0.0,0.0,0
0000215_02319_d_0000261.jpg,12,25,17.32,0.0,0.0,0
0000215_02319_d_0000261.jpg,11,25,16.58,0.0,0.0,0
0000215_02319_d_0000261.jpg,13,22,16.91,0.0,0.0,0
0000215_02319_d_0000261.jpg,11,25,16.58,0.0,0.0,0
0000215_02319_d_0000261.jpg,11,27,17.23,0.0,0.0,0
0000215_02319_d_0000261.jpg,9,27,15.59,0.0,0.0,0
0000215_02319_d_0000261.jpg,15,33,22.25,0.0,0.0,0
0000215_02319_d_0000261.jpg,15,35,22.91,0.0,0.0,0
0000215_02319_d_0000261.jpg,11,17,13.67,0.0,0.0,0
0000215_02319_d_0000261.jpg,11,28,17.55,0.0,0.0,0
0000215_02319_d_0000261.jpg,13,29,19.42,0.0,0.0,0
0000215_02319_d_0000261.jpg,14,29,20.15,0.0,0.0,0
0000215_02319_d_0000261.jpg,21,28,24.25,0.0,0.0,0
0000215_02319_d_0000261.jpg,6,19,10.68,0.0,0.0,0
0000215_02319_d_0000261.jpg,6,17,10.1,0.0,0.0,0
0000215_02319_d_0000261.jpg,9,23,14.39,0.0,0.0,0
0000215_02319_d_0000261.jpg,9,17,12.37,0.0,0.0,0
0000215_02319_d_0000261.jpg,10,24,15.49,0.0,0.0,0
0000215_02319_d_0000261.jpg,7,19,11.53,0.0,0.0,0
0000215_02319_d_0000261.jpg,6,21,11.22,0.0,0.0,0
0000215_02319_d_0000261.jpg,7,24,12.96,0.0,0.0,0
0000215_02319_d_0000261.jpg,6,23,11.75,0.0,0.0,0
0000215_02319_d_0000261.jpg,7,24,12.96,0.0,0.0,0
0000215_02319_d_0000261.jpg,12,16,13.86,0.0,0.0,0
0000215_02319_d_0000261.jpg,98,44,65.67,0.0,0.0,0
0000215_02667_d_0000262.jpg,12,25,17.32,0.931,0.3524,1
0000215_02667_d_0000262.jpg,6,15,9.49,0.0,0.0,0
0000215_02667_d_0000262.jpg,10,25,15.81,0.7248,0.2776,1
0000215_02667_d_0000262.jpg,12,27,18.0,0.6752,0.4356,1
0000215_02667_d_0000262.jpg,10,20,14.14,0.0,0.0,0
0000215_02667_d_0000262.jpg,9,20,13.42,0.0,0.0,0
0000215_02667_d_0000262.jpg,6,19,10.68,0.0,0.0,0
0000215_02667_d_0000262.jpg,8,20,12.65,0.0,0.0,0
0000215_02667_d_0000262.jpg,6,19,10.68,0.0,0.0,0
0000215_02667_d_0000262.jpg,5,22,10.49,0.0,0.0,0
0000215_02667_d_0000262.jpg,5,20,10.0,0.0,0.0,0
0000215_02667_d_0000262.jpg,16,38,24.66,0.8267,0.6138,1
0000215_02667_d_0000262.jpg,15,38,23.87,0.8673,0.3348,1
0000215_02667_d_0000262.jpg,19,31,24.27,0.3282,0.1979,0
0000215_02667_d_0000262.jpg,11,32,18.76,0.7892,0.2066,1
0000215_02667_d_0000262.jpg,13,47,24.72,0.8319,0.5883,1
0000215_02667_d_0000262.jpg,16,46,27.13,0.8051,0.1518,1
0000215_02667_d_0000262.jpg,18,44,28.14,0.4963,0.4242,0
0000215_02667_d_0000262.jpg,12,32,19.6,0.598,0.1966,1
0000215_02667_d_0000262.jpg,13,32,20.4,0.7501,0.6857,1
0000215_02667_d_0000262.jpg,13,28,19.08,0.7527,0.2079,1
0000215_02667_d_0000262.jpg,17,32,23.32,0.0,0.0,0
0000215_02667_d_0000262.jpg,10,20,14.14,0.5767,0.5144,1
0000215_02667_d_0000262.jpg,8,15,10.95,0.3071,0.6251,0
0000215_02667_d_0000262.jpg,9,27,15.59,0.0,0.0,0
0000215_02667_d_0000262.jpg,8,20,12.65,0.0,0.0,0
0000215_02667_d_0000262.jpg,7,18,11.22,0.0,0.0,0
0000215_02932_d_0000263.jpg,16,37,24.33,0.8163,0.3107,1
0000215_02932_d_0000263.jpg,19,33,25.04,0.0,0.0,0
0000215_02932_d_0000263.jpg,17,36,24.74,0.9024,0.7251,1
0000215_02932_d_0000263.jpg,13,30,19.75,0.0,0.0,0
0000215_02932_d_0000263.jpg,13,30,19.75,0.0,0.0,0
0000215_02932_d_0000263.jpg,9,23,14.39,0.0,0.0,0
0000215_02932_d_0000263.jpg,13,22,16.91,0.686,0.3878,1
0000215_02932_d_0000263.jpg,7,21,12.12,0.0,0.0,0
0000215_02932_d_0000263.jpg,10,11,10.49,0.0,0.0,0
0000215_03226_d_0000264.jpg,10,26,16.12,0.0,0.0,0
0000215_03226_d_0000264.jpg,10,28,16.73,0.0,0.0,0
0000215_03226_d_0000264.jpg,10,24,15.49,0.0,0.0,0
0000215_03226_d_0000264.jpg,9,24,14.7,0.0,0.0,0
0000215_03226_d_0000264.jpg,12,34,20.2,0.8546,0.2733,1
0000215_03226_d_0000264.jpg,12,32,19.6,0.0581,0.2077,0
0000215_03226_d_0000264.jpg,10,32,17.89,0.0,0.0,0
0000215_03226_d_0000264.jpg,13,21,16.52,0.0,0.0,0
0000216_00520_d_0000001.jpg,16,8,11.31,0.0,0.0,0
0000216_00520_d_0000001.jpg,6,10,7.75,0.0,0.0,0
0000216_00520_d_0000001.jpg,7,12,9.17,0.0,0.0,0
0000216_00520_d_0000001.jpg,7,11,8.77,0.0,0.0,0
0000216_00520_d_0000001.jpg,13,8,10.2,0.0,0.0,0
0000216_00520_d_0000001.jpg,12,8,9.8,0.0,0.0,0
0000216_00520_d_0000001.jpg,13,7,9.54,0.0,0.0,0
0000216_00520_d_0000001.jpg,10,7,8.37,0.0,0.0,0
0000216_00520_d_0000001.jpg,12,9,10.39,0.0,0.0,0
0000216_00520_d_0000001.jpg,8,7,7.48,0.0,0.0,0
0000216_00520_d_0000001.jpg,7,11,8.77,0.0,0.0,0
0000216_00520_d_0000001.jpg,6,11,8.12,0.0,0.0,0
0000216_00520_d_0000001.jpg,7,9,7.94,0.0,0.0,0
0000216_00520_d_0000001.jpg,6,10,7.75,0.0,0.0,0
0000216_00520_d_0000001.jpg,8,10,8.94,0.0,0.0,0
0000216_00520_d_0000001.jpg,7,11,8.77,0.0,0.0,0
0000216_00520_d_0000001.jpg,6,11,8.12,0.0,0.0,0
0000216_00520_d_0000001.jpg,7,7,7.0,0.0,0.0,0
0000216_00520_d_0000001.jpg,7,10,8.37,0.0,0.0,0
0000216_00520_d_0000001.jpg,14,9,11.22,0.0,0.0,0
0000216_00520_d_0000001.jpg,11,7,8.77,0.0,0.0,0
0000216_00520_d_0000001.jpg,14,11,12.41,0.0,0.0,0
0000216_00520_d_0000001.jpg,9,7,7.94,0.0,0.0,0
0000216_00520_d_0000001.jpg,7,8,7.48,0.0,0.0,0
0000216_00520_d_0000001.jpg,10,9,9.49,0.0,0.0,0
0000216_00520_d_0000001.jpg,5,9,6.71,0.0,0.0,0
0000220_01242_d_0000004.jpg,36,74,51.61,0.9013,0.7078,1
0000220_01242_d_0000004.jpg,17,42,26.72,0.7338,0.4781,1
0000220_01242_d_0000004.jpg,20,34,26.08,0.7684,0.419,1
0000220_01242_d_0000004.jpg,10,29,17.03,0.8023,0.2802,1
0000220_01242_d_0000004.jpg,13,29,19.42,0.7585,0.6047,1
0000223_01802_d_0000005.jpg,9,29,16.16,0.7553,0.1791,1
0000223_01802_d_0000005.jpg,14,30,20.49,0.8915,0.366,1
0000223_01802_d_0000005.jpg,9,21,13.75,0.6314,0.2836,1
0000223_01802_d_0000005.jpg,16,15,15.49,0.0,0.0,0
0000223_01802_d_0000005.jpg,7,21,12.12,0.0,0.0,0
0000223_01802_d_0000005.jpg,8,17,11.66,0.0,0.0,0
0000223_01802_d_0000005.jpg,6,9,7.35,0.0,0.0,0
0000223_01802_d_0000005.jpg,11,18,14.07,0.5164,0.1817,1
0000223_01802_d_0000005.jpg,6,16,9.8,0.0,0.0,0
0000237_00001_d_0000001.jpg,7,14,9.9,0.0,0.0,0
0000242_00001_d_0000001.jpg,2,7,3.74,0.0,0.0,0
0000242_00500_d_0000002.jpg,16,34,23.32,0.8158,0.7659,1
0000242_00500_d_0000002.jpg,10,20,14.14,0.0,0.0,0
0000242_00500_d_0000002.jpg,9,17,12.37,0.0,0.0,0
0000242_00500_d_0000002.jpg,8,15,10.95,0.5216,0.1927,1
0000242_00627_d_0000003.jpg,3,9,5.2,0.0,0.0,0
0000242_00627_d_0000003.jpg,3,7,4.58,0.0,0.0,0
0000242_00627_d_0000003.jpg,15,25,19.36,0.0,0.0,0
0000242_00627_d_0000003.jpg,4,9,6.0,0.0,0.0,0
0000242_00627_d_0000003.jpg,10,23,15.17,0.0,0.0,0
0000242_00627_d_0000003.jpg,8,22,13.27,0.0,0.0,0
0000242_00627_d_0000003.jpg,6,17,10.1,0.0,0.0,0
0000242_00627_d_0000003.jpg,5,18,9.49,0.0,0.0,0
0000242_00627_d_0000003.jpg,6,19,10.68,0.0,0.0,0
0000242_00627_d_0000003.jpg,6,20,10.95,0.0,0.0,0
0000242_00963_d_0000005.jpg,20,50,31.62,0.5816,0.561,1
0000242_01139_d_0000006.jpg,9,24,14.7,0.8556,0.353,1
0000242_01139_d_0000006.jpg,6,21,11.22,0.0,0.0,0
0000242_01139_d_0000006.jpg,3,5,3.87,0.0,0.0,0
0000242_01139_d_0000006.jpg,3,8,4.9,0.0,0.0,0
0000242_01139_d_0000006.jpg,8,11,9.38,0.0,0.0,0
0000242_01139_d_0000006.jpg,7,11,8.77,0.0,0.0,0
0000242_01139_d_0000006.jpg,8,26,14.42,0.0,0.0,0
0000242_01139_d_0000006.jpg,9,22,14.07,0.0,0.0,0
0000242_01139_d_0000006.jpg,6,20,10.95,0.0,0.0,0
0000242_01139_d_0000006.jpg,5,15,8.66,0.0,0.0,0
0000242_01139_d_0000006.jpg,4,7,5.29,0.0,0.0,0
0000242_01139_d_0000006.jpg,3,10,5.48,0.0,0.0,0
0000242_01139_d_0000006.jpg,2,7,3.74,0.0,0.0,0
0000242_01475_d_0000007.jpg,4,8,5.66,0.0,0.0,0
0000242_01475_d_0000007.jpg,6,14,9.17,0.0,0.0,0
0000242_01475_d_0000007.jpg,9,16,12.0,0.0,0.0,0
0000242_01475_d_0000007.jpg,7,12,9.17,0.0,0.0,0
0000242_01475_d_0000007.jpg,36,38,36.99,0.6028,0.6089,1
0000242_01475_d_0000007.jpg,10,29,17.03,0.0,0.0,0
0000242_01475_d_0000007.jpg,7,12,9.17,0.4756,0.2574,0
0000242_01475_d_0000007.jpg,11,24,16.25,0.7952,0.5712,1
0000242_01475_d_0000007.jpg,11,20,14.83,0.8109,0.3086,1
0000242_01475_d_0000007.jpg,10,25,15.81,0.0,0.0,0
0000242_01475_d_0000007.jpg,5,17,9.22,0.0,0.0,0
0000242_01475_d_0000007.jpg,7,16,10.58,0.0,0.0,0
0000242_01475_d_0000007.jpg,5,17,9.22,0.0,0.0,0
0000242_01912_d_0000008.jpg,6,17,10.1,0.6773,0.2256,1
0000242_01912_d_0000008.jpg,8,19,12.33,0.0,0.0,0
0000242_01912_d_0000008.jpg,6,14,9.17,0.0,0.0,0
0000242_01912_d_0000008.jpg,5,12,7.75,0.0,0.0,0
0000242_01912_d_0000008.jpg,5,13,8.06,0.0,0.0,0
0000242_01912_d_0000008.jpg,5,13,8.06,0.0,0.0,0
0000242_01912_d_0000008.jpg,4,8,5.66,0.0,0.0,0
0000242_01912_d_0000008.jpg,3,5,3.87,0.0,0.0,0
0000242_01912_d_0000008.jpg,3,5,3.87,0.0,0.0,0
0000242_01912_d_0000008.jpg,3,9,5.2,0.0,0.0,0
0000242_01912_d_0000008.jpg,2,5,3.16,0.0,0.0,0
0000242_01912_d_0000008.jpg,5,10,7.07,0.0,0.0,0
0000242_01912_d_0000008.jpg,4,9,6.0,0.0,0.0,0
0000242_01912_d_0000008.jpg,3,8,4.9,0.0,0.0,0
0000242_02400_d_0000009.jpg,11,22,15.56,0.718,0.2379,1
0000242_02400_d_0000009.jpg,8,18,12.0,0.5287,0.2216,1
0000242_02400_d_0000009.jpg,5,12,7.75,0.0,0.0,0
0000242_02400_d_0000009.jpg,7,16,10.58,0.41,0.3109,0
0000242_02400_d_0000009.jpg,8,16,11.31,0.4634,0.2134,0
0000242_02400_d_0000009.jpg,8,16,11.31,0.4566,0.3944,0
0000242_02400_d_0000009.jpg,7,15,10.25,0.0,0.0,0
0000242_02400_d_0000009.jpg,8,16,11.31,0.0,0.0,0
0000242_02400_d_0000009.jpg,8,15,10.95,0.0,0.0,0
0000242_02762_d_0000010.jpg,11,17,13.67,0.0,0.0,0
0000242_02762_d_0000010.jpg,12,25,17.32,0.6544,0.23,1
0000242_02762_d_0000010.jpg,17,31,22.96,0.0,0.0,0
0000242_02762_d_0000010.jpg,13,27,18.73,0.0,0.0,0
0000242_02762_d_0000010.jpg,12,22,16.25,0.0,0.0,0
0000242_02762_d_0000010.jpg,9,20,13.42,0.0,0.0,0
0000242_03668_d_0000012.jpg,10,19,13.78,0.0,0.0,0
0000242_03668_d_0000012.jpg,9,17,12.37,0.0,0.0,0
0000242_03668_d_0000012.jpg,15,20,17.32,0.0,0.0,0
0000242_03668_d_0000012.jpg,14,12,12.96,0.0,0.0,0
0000242_03668_d_0000012.jpg,16,17,16.49,0.0,0.0,0
0000242_03668_d_0000012.jpg,13,22,16.91,0.0,0.0,0
0000242_03668_d_0000012.jpg,10,16,12.65,0.0,0.0,0
0000242_03668_d_0000012.jpg,14,19,16.31,0.0,0.0,0
0000242_03668_d_0000012.jpg,16,15,15.49,0.0,0.0,0
0000242_03668_d_0000012.jpg,15,19,16.88,0.0,0.0,0
0000242_03668_d_0000012.jpg,9,19,13.08,0.0,0.0,0
0000242_03668_d_0000012.jpg,6,17,10.1,0.0,0.0,0
0000242_03668_d_0000012.jpg,7,10,8.37,0.0,0.0,0
0000242_04116_d_0000013.jpg,6,15,9.49,0.0,0.0,0
0000242_04116_d_0000013.jpg,7,18,11.22,0.0,0.0,0
0000242_04116_d_0000013.jpg,8,13,10.2,0.0,0.0,0
0000242_04600_d_0000014.jpg,12,18,14.7,0.3753,0.1999,0
0000242_04600_d_0000014.jpg,13,23,17.29,0.0,0.0,0
0000242_04600_d_0000014.jpg,10,17,13.04,0.4729,0.2021,0
0000242_04600_d_0000014.jpg,10,12,10.95,0.0,0.0,0
0000242_05059_d_0000015.jpg,15,21,17.75,0.0,0.0,0
0000242_05059_d_0000015.jpg,12,19,15.1,0.0,0.0,0
0000242_05059_d_0000015.jpg,5,12,7.75,0.0,0.0,0
0000242_05059_d_0000015.jpg,4,6,4.9,0.0,0.0,0
0000242_05059_d_0000015.jpg,6,12,8.49,0.0,0.0,0
0000242_05059_d_0000015.jpg,5,8,6.32,0.0,0.0,0
0000242_05059_d_0000015.jpg,3,8,4.9,0.0,0.0,0
0000242_05059_d_0000015.jpg,4,10,6.32,0.0,0.0,0
0000242_05059_d_0000015.jpg,3,8,4.9,0.0,0.0,0
0000242_05059_d_0000015.jpg,3,8,4.9,0.0,0.0,0
0000242_05059_d_0000015.jpg,2,5,3.16,0.0,0.0,0
0000242_05570_d_0000016.jpg,10,18,13.42,0.0,0.0,0
0000242_05570_d_0000016.jpg,2,6,3.46,0.0,0.0,0
0000242_05570_d_0000016.jpg,5,9,6.71,0.0,0.0,0
0000242_05570_d_0000016.jpg,3,11,5.74,0.0,0.0,0
0000242_06010_d_0000017.jpg,7,17,10.91,0.0,0.0,0
0000242_06010_d_0000017.jpg,6,16,9.8,0.0,0.0,0
0000242_06010_d_0000017.jpg,6,16,9.8,0.0,0.0,0
0000242_06010_d_0000017.jpg,5,16,8.94,0.0,0.0,0
0000242_06010_d_0000017.jpg,7,15,10.25,0.0,0.0,0
0000242_06010_d_0000017.jpg,5,12,7.75,0.0,0.0,0
0000242_06010_d_0000017.jpg,4,6,4.9,0.0,0.0,0
0000244_00001_d_0000001.jpg,4,9,6.0,0.0,0.0,0
0000244_00001_d_0000001.jpg,7,12,9.17,0.5537,0.1614,1
0000244_00001_d_0000001.jpg,11,17,13.67,0.0,0.0,0
0000244_00001_d_0000001.jpg,10,29,17.03,0.8971,0.4723,1
0000244_00001_d_0000001.jpg,7,13,9.54,0.0,0.0,0
0000244_00001_d_0000001.jpg,9,22,14.07,0.0,0.0,0
0000244_00001_d_0000001.jpg,6,16,9.8,0.0,0.0,0
0000244_00500_d_0000002.jpg,4,11,6.63,0.0,0.0,0
0000244_00500_d_0000002.jpg,5,10,7.07,0.0,0.0,0
0000244_01000_d_0000003.jpg,13,12,12.49,0.8612,0.2381,1
0000244_01000_d_0000003.jpg,7,16,10.58,0.0,0.0,0
0000244_01000_d_0000003.jpg,3,9,5.2,0.0,0.0,0
0000244_01000_d_0000003.jpg,4,8,5.66,0.0,0.0,0
0000244_01000_d_0000003.jpg,19,9,13.08,0.0,0.0,0
0000244_01000_d_0000003.jpg,3,8,4.9,0.0,0.0,0
0000244_01000_d_0000003.jpg,4,9,6.0,0.0,0.0,0
0000244_01000_d_0000003.jpg,16,26,20.4,0.0,0.0,0
0000244_01000_d_0000003.jpg,7,14,9.9,0.0,0.0,0
0000244_01000_d_0000003.jpg,5,11,7.42,0.0,0.0,0
0000244_01000_d_0000003.jpg,4,5,4.47,0.0,0.0,0
0000244_01000_d_0000003.jpg,5,9,6.71,0.0,0.0,0
0000244_01000_d_0000003.jpg,4,10,6.32,0.0,0.0,0
0000244_01000_d_0000003.jpg,3,8,4.9,0.0,0.0,0
0000244_01000_d_0000003.jpg,3,9,5.2,0.0,0.0,0
0000244_01000_d_0000003.jpg,2,6,3.46,0.0,0.0,0
0000244_01000_d_0000003.jpg,2,5,3.16,0.0,0.0,0
0000244_01000_d_0000003.jpg,3,5,3.87,0.0,0.0,0
0000244_01000_d_0000003.jpg,3,4,3.46,0.0,0.0,0
0000244_01500_d_0000004.jpg,10,20,14.14,0.6952,0.2166,1
0000244_01500_d_0000004.jpg,9,21,13.75,0.0,0.0,0
0000244_01500_d_0000004.jpg,6,13,8.83,0.0,0.0,0
0000244_01500_d_0000004.jpg,5,12,7.75,0.0,0.0,0
0000244_01500_d_0000004.jpg,6,12,8.49,0.0,0.0,0
0000244_01500_d_0000004.jpg,4,8,5.66,0.0,0.0,0
0000244_01500_d_0000004.jpg,5,9,6.71,0.0,0.0,0
0000244_01500_d_0000004.jpg,7,10,8.37,0.0,0.0,0
0000244_02000_d_0000005.jpg,10,19,13.78,0.0,0.0,0
0000244_02000_d_0000005.jpg,15,20,17.32,0.0,0.0,0
0000244_02000_d_0000005.jpg,7,18,11.22,0.0,0.0,0
0000244_02000_d_0000005.jpg,8,14,10.58,0.0,0.0,0
0000244_02000_d_0000005.jpg,7,9,7.94,0.3447,0.2167,0
0000244_02000_d_0000005.jpg,5,12,7.75,0.0,0.0,0
0000244_02000_d_0000005.jpg,6,13,8.83,0.0,0.0,0
0000244_02000_d_0000005.jpg,4,7,5.29,0.0,0.0,0
0000244_02000_d_0000005.jpg,3,3,3.0,0.0,0.0,0
0000244_02000_d_0000005.jpg,6,6,6.0,0.0,0.0,0
0000244_02000_d_0000005.jpg,4,6,4.9,0.0,0.0,0
0000244_02000_d_0000005.jpg,4,5,4.47,0.0,0.0,0
0000244_02000_d_0000005.jpg,3,5,3.87,0.0,0.0,0
0000244_02000_d_0000005.jpg,4,9,6.0,0.0,0.0,0
0000244_02000_d_0000005.jpg,6,9,7.35,0.0,0.0,0
0000244_02000_d_0000005.jpg,5,9,6.71,0.0,0.0,0
0000244_02000_d_0000005.jpg,6,11,8.12,0.0,0.0,0
0000244_02000_d_0000005.jpg,5,12,7.75,0.0,0.0,0
0000244_02000_d_0000005.jpg,6,13,8.83,0.0,0.0,0
0000244_02000_d_0000005.jpg,4,10,6.32,0.0,0.0,0
0000244_02000_d_0000005.jpg,4,8,5.66,0.0,0.0,0
0000244_02000_d_0000005.jpg,6,12,8.49,0.0,0.0,0
0000244_02000_d_0000005.jpg,5,11,7.42,0.0,0.0,0
0000244_02500_d_0000006.jpg,5,11,7.42,0.0,0.0,0
0000244_02500_d_0000006.jpg,5,13,8.06,0.0,0.0,0
0000244_02500_d_0000006.jpg,5,9,6.71,0.4028,0.1981,0
0000244_02500_d_0000006.jpg,7,9,7.94,0.0,0.0,0
0000244_02500_d_0000006.jpg,6,8,6.93,0.0,0.0,0
0000244_02500_d_0000006.jpg,6,9,7.35,0.0,0.0,0
0000244_02500_d_0000006.jpg,4,11,6.63,0.0,0.0,0
0000244_02500_d_0000006.jpg,5,14,8.37,0.0,0.0,0
0000244_02500_d_0000006.jpg,4,10,6.32,0.0,0.0,0
0000244_02500_d_0000006.jpg,4,11,6.63,0.0,0.0,0
0000244_02500_d_0000006.jpg,7,11,8.77,0.0,0.0,0
0000244_02500_d_0000006.jpg,7,15,10.25,0.0,0.0,0
0000244_02500_d_0000006.jpg,9,23,14.39,0.2515,0.1991,0
0000244_02500_d_0000006.jpg,10,23,15.17,0.8682,0.3153,1
0000244_02500_d_0000006.jpg,13,22,16.91,0.6376,0.2114,1
0000244_02500_d_0000006.jpg,10,25,15.81,0.598,0.1765,1
0000244_02500_d_0000006.jpg,6,18,10.39,0.0,0.0,0
0000244_02500_d_0000006.jpg,5,18,9.49,0.0,0.0,0
0000244_02500_d_0000006.jpg,6,17,10.1,0.0,0.0,0
0000244_02500_d_0000006.jpg,7,19,11.53,0.0,0.0,0
0000244_02500_d_0000006.jpg,8,15,10.95,0.0,0.0,0
0000244_02500_d_0000006.jpg,5,11,7.42,0.0,0.0,0
0000244_03000_d_0000007.jpg,10,20,14.14,0.0,0.0,0
0000244_03000_d_0000007.jpg,7,18,11.22,0.0,0.0,0
0000244_03000_d_0000007.jpg,7,15,10.25,0.0,0.0,0
0000244_03000_d_0000007.jpg,9,12,10.39,0.0,0.0,0
0000244_03000_d_0000007.jpg,5,9,6.71,0.0,0.0,0
0000244_03000_d_0000007.jpg,5,12,7.75,0.0,0.0,0
0000244_03000_d_0000007.jpg,4,8,5.66,0.0,0.0,0
0000244_03000_d_0000007.jpg,4,10,6.32,0.0,0.0,0
0000244_03500_d_0000008.jpg,5,8,6.32,0.0,0.0,0
0000244_03500_d_0000008.jpg,4,7,5.29,0.0,0.0,0
0000244_03500_d_0000008.jpg,6,8,6.93,0.0,0.0,0
0000244_03500_d_0000008.jpg,14,24,18.33,0.6725,0.1927,1
0000244_03500_d_0000008.jpg,16,18,16.97,0.0,0.0,0
0000244_03500_d_0000008.jpg,14,17,15.43,0.0,0.0,0
0000244_03500_d_0000008.jpg,12,13,12.49,0.0,0.0,0
0000244_03500_d_0000008.jpg,10,25,15.81,0.7029,0.334,1
0000244_03500_d_0000008.jpg,11,17,13.67,0.0,0.0,0
0000244_03500_d_0000008.jpg,9,12,10.39,0.0,0.0,0
0000244_03500_d_0000008.jpg,8,21,12.96,0.0,0.0,0
0000244_03500_d_0000008.jpg,9,23,14.39,0.0,0.0,0
0000244_03500_d_0000008.jpg,11,21,15.2,0.0,0.0,0
0000244_03500_d_0000008.jpg,9,27,15.59,0.0,0.0,0
0000244_03500_d_0000008.jpg,11,30,18.17,0.5948,0.178,1
0000244_03500_d_0000008.jpg,12,24,16.97,0.0,0.0,0
0000244_03500_d_0000008.jpg,11,29,17.86,0.0,0.0,0
0000244_03500_d_0000008.jpg,8,13,10.2,0.0,0.0,0
0000244_03500_d_0000008.jpg,8,23,13.56,0.3617,0.5389,0
0000244_03500_d_0000008.jpg,8,26,14.42,0.5476,0.3481,1
0000244_03500_d_0000008.jpg,6,17,10.1,0.0,0.0,0
0000244_03500_d_0000008.jpg,7,18,11.22,0.0,0.0,0
0000244_03500_d_0000008.jpg,7,10,8.37,0.0,0.0,0
0000244_03500_d_0000008.jpg,6,14,9.17,0.0,0.0,0
0000244_03500_d_0000008.jpg,6,18,10.39,0.0,0.0,0
0000244_03500_d_0000008.jpg,7,17,10.91,0.0,0.0,0
0000244_03500_d_0000008.jpg,7,16,10.58,0.0,0.0,0
0000244_03500_d_0000008.jpg,6,15,9.49,0.0,0.0,0
0000244_03500_d_0000008.jpg,5,17,9.22,0.0,0.0,0
0000244_03500_d_0000008.jpg,5,16,8.94,0.0,0.0,0
0000244_03500_d_0000008.jpg,5,12,7.75,0.0,0.0,0
0000244_03500_d_0000008.jpg,8,18,12.0,0.0,0.0,0
0000244_03500_d_0000008.jpg,3,6,4.24,0.0,0.0,0
0000244_03500_d_0000008.jpg,6,8,6.93,0.0,0.0,0
0000244_03500_d_0000008.jpg,5,7,5.92,0.0,0.0,0
0000244_03500_d_0000008.jpg,4,7,5.29,0.0,0.0,0
0000244_04000_d_0000009.jpg,18,31,23.62,0.0,0.0,0
0000244_04000_d_0000009.jpg,13,30,19.75,0.0,0.0,0
0000244_04000_d_0000009.jpg,12,32,19.6,0.0,0.0,0
0000244_04000_d_0000009.jpg,18,21,19.44,0.0,0.0,0
0000244_04000_d_0000009.jpg,14,18,15.87,0.0,0.0,0
0000244_04000_d_0000009.jpg,10,26,16.12,0.5499,0.1662,1
0000244_04000_d_0000009.jpg,13,18,15.3,0.0,0.0,0
0000244_04000_d_0000009.jpg,7,23,12.69,0.0,0.0,0
0000244_04000_d_0000009.jpg,15,34,22.58,0.7541,0.4025,1
0000244_04000_d_0000009.jpg,9,11,9.95,0.0,0.0,0
0000244_04000_d_0000009.jpg,12,17,14.28,0.0,0.0,0
0000244_04000_d_0000009.jpg,7,13,9.54,0.0,0.0,0
0000244_04000_d_0000009.jpg,24,30,26.83,0.0,0.0,0
0000244_04000_d_0000009.jpg,12,30,18.97,0.0,0.0,0
0000244_04000_d_0000009.jpg,13,27,18.73,0.0,0.0,0
0000244_04000_d_0000009.jpg,10,29,17.03,0.3769,0.2138,0
0000244_04000_d_0000009.jpg,5,16,8.94,0.0,0.0,0
0000244_04000_d_0000009.jpg,5,9,6.71,0.0,0.0,0
0000244_04000_d_0000009.jpg,6,13,8.83,0.0,0.0,0
0000244_04000_d_0000009.jpg,9,14,11.22,0.0,0.0,0
0000244_04000_d_0000009.jpg,5,12,7.75,0.0,0.0,0
0000244_04000_d_0000009.jpg,5,13,8.06,0.0,0.0,0
0000244_04400_d_0000010.jpg,9,13,10.82,0.391,0.1674,0
0000244_04400_d_0000010.jpg,9,15,11.62,0.0,0.0,0
0000244_04400_d_0000010.jpg,10,17,13.04,0.0,0.0,0
0000244_04400_d_0000010.jpg,8,20,12.65,0.5373,0.1804,1
0000244_04400_d_0000010.jpg,10,16,12.65,0.0,0.0,0
0000244_04400_d_0000010.jpg,9,21,13.75,0.5122,0.1693,1
0000244_04400_d_0000010.jpg,10,19,13.78,0.7962,0.1597,1
0000244_04400_d_0000010.jpg,7,13,9.54,0.0,0.0,0
0000244_04400_d_0000010.jpg,9,16,12.0,0.0,0.0,0
0000244_04400_d_0000010.jpg,9,25,15.0,0.0,0.0,0
0000244_04400_d_0000010.jpg,16,28,21.17,0.0,0.0,0
0000244_04400_d_0000010.jpg,10,26,16.12,0.0,0.0,0
0000244_04400_d_0000010.jpg,11,32,18.76,0.0,0.0,0
0000244_04400_d_0000010.jpg,10,23,15.17,0.6843,0.1675,1
0000244_04400_d_0000010.jpg,11,27,17.23,0.8435,0.1673,1
0000244_04400_d_0000010.jpg,11,26,16.91,0.0,0.0,0
0000244_04400_d_0000010.jpg,13,27,18.73,0.0,0.0,0
0000244_04400_d_0000010.jpg,10,29,17.03,0.0,0.0,0
0000244_04400_d_0000010.jpg,15,31,21.56,0.7162,0.4679,1
0000244_04400_d_0000010.jpg,20,32,25.3,0.8457,0.471,1
0000244_04400_d_0000010.jpg,17,25,20.62,0.8042,0.1948,1
0000244_04400_d_0000010.jpg,18,21,19.44,0.0,0.0,0
0000244_04400_d_0000010.jpg,18,21,19.44,0.0,0.0,0
0000244_04400_d_0000010.jpg,14,23,17.94,0.0,0.0,0
0000244_04400_d_0000010.jpg,9,18,12.73,0.0,0.0,0
0000244_04400_d_0000010.jpg,12,23,16.61,0.0,0.0,0
0000244_04400_d_0000010.jpg,11,29,17.86,0.0,0.0,0
0000244_04400_d_0000010.jpg,9,21,13.75,0.0,0.0,0
0000244_04400_d_0000010.jpg,14,35,22.14,0.0,0.0,0
0000244_04400_d_0000010.jpg,15,23,18.57,0.0,0.0,0
0000244_04400_d_0000010.jpg,13,21,16.52,0.0,0.0,0
0000244_04400_d_0000010.jpg,14,21,17.15,0.0,0.0,0
0000244_04400_d_0000010.jpg,8,20,12.65,0.0,0.0,0
0000244_04400_d_0000010.jpg,8,13,10.2,0.0,0.0,0
0000244_04400_d_0000010.jpg,10,24,15.49,0.0,0.0,0
0000244_04400_d_0000010.jpg,7,21,12.12,0.0,0.0,0
0000244_04400_d_0000010.jpg,5,12,7.75,0.0,0.0,0
0000244_04400_d_0000010.jpg,6,12,8.49,0.0,0.0,0
0000244_04400_d_0000010.jpg,7,14,9.9,0.0,0.0,0
0000244_04900_d_0000011.jpg,13,28,19.08,0.7793,0.5198,1
0000244_04900_d_0000011.jpg,16,35,23.66,0.7182,0.1559,1
0000244_04900_d_0000011.jpg,15,35,22.91,0.4883,0.1985,0
0000244_04900_d_0000011.jpg,12,28,18.33,0.0,0.0,0
0000244_04900_d_0000011.jpg,11,24,16.25,0.0,0.0,0
0000244_04900_d_0000011.jpg,11,22,15.56,0.0,0.0,0
0000244_04900_d_0000011.jpg,10,20,14.14,0.0,0.0,0
0000244_04900_d_0000011.jpg,11,20,14.83,0.3385,0.1827,0
0000244_04900_d_0000011.jpg,11,21,15.2,0.0,0.0,0
0000244_04900_d_0000011.jpg,14,25,18.71,0.0,0.0,0
0000244_04900_d_0000011.jpg,11,21,15.2,0.0,0.0,0
0000244_04900_d_0000011.jpg,8,20,12.65,0.0,0.0,0
0000244_04900_d_0000011.jpg,7,12,9.17,0.0,0.0,0
0000244_04900_d_0000011.jpg,6,11,8.12,0.0,0.0,0
0000244_04900_d_0000011.jpg,12,22,16.25,0.0,0.0,0
0000244_05400_d_0000012.jpg,6,12,8.49,0.0,0.0,0
0000244_05400_d_0000012.jpg,9,20,13.42,0.8558,0.2359,1
0000244_05400_d_0000012.jpg,6,19,10.68,0.5821,0.1752,1
0000244_05400_d_0000012.jpg,14,22,17.55,0.1731,0.1871,0
0000244_05400_d_0000012.jpg,9,20,13.42,0.6615,0.2355,1
0000244_05400_d_0000012.jpg,10,19,13.78,0.1227,0.2939,0
0000244_05400_d_0000012.jpg,8,18,12.0,0.0,0.0,0
0000244_05400_d_0000012.jpg,9,24,14.7,0.0,0.0,0
0000244_05400_d_0000012.jpg,10,21,14.49,0.0,0.0,0
0000244_05400_d_0000012.jpg,11,21,15.2,0.0,0.0,0
0000244_05400_d_0000012.jpg,6,17,10.1,0.0,0.0,0
0000244_05400_d_0000012.jpg,6,16,9.8,0.0,0.0,0
0000244_05400_d_0000012.jpg,5,13,8.06,0.0,0.0,0
0000244_05400_d_0000012.jpg,7,14,9.9,0.0,0.0,0
0000244_05400_d_0000012.jpg,7,13,9.54,0.0,0.0,0
0000244_05400_d_0000012.jpg,6,11,8.12,0.0,0.0,0
0000244_05400_d_0000012.jpg,9,16,12.0,0.0,0.0,0
0000244_05400_d_0000012.jpg,12,22,16.25,0.0,0.0,0
0000244_05400_d_0000012.jpg,8,22,13.27,0.0,0.0,0
0000244_05900_d_0000013.jpg,8,12,9.8,0.0,0.0,0
0000244_05900_d_0000013.jpg,4,10,6.32,0.0,0.0,0
0000244_05900_d_0000013.jpg,3,7,4.58,0.0,0.0,0
0000244_05900_d_0000013.jpg,5,13,8.06,0.0,0.0,0
0000244_05900_d_0000013.jpg,4,12,6.93,0.0,0.0,0
0000244_05900_d_0000013.jpg,5,15,8.66,0.0,0.0,0
0000244_05900_d_0000013.jpg,5,14,8.37,0.0,0.0,0
0000244_05900_d_0000013.jpg,2,6,3.46,0.0,0.0,0
0000244_06388_d_0000014.jpg,6,10,7.75,0.0,0.0,0
0000244_06388_d_0000014.jpg,7,11,8.77,0.0,0.0,0
0000244_06388_d_0000014.jpg,3,5,3.87,0.0,0.0,0
0000249_00001_d_0000001.jpg,10,31,17.61,0.7149,0.2378,1
0000249_00001_d_0000001.jpg,8,18,12.0,0.0,0.0,0
0000249_00001_d_0000001.jpg,13,20,16.12,0.3479,0.5095,0
0000249_00001_d_0000001.jpg,11,23,15.91,0.0,0.0,0
0000249_00001_d_0000001.jpg,6,19,10.68,0.0,0.0,0
0000249_00001_d_0000001.jpg,9,16,12.0,0.0,0.0,0
0000249_00001_d_0000001.jpg,5,14,8.37,0.0,0.0,0
0000249_00001_d_0000001.jpg,4,10,6.32,0.0,0.0,0
0000249_00001_d_0000001.jpg,4,4,4.0,0.0,0.0,0
0000249_00001_d_0000001.jpg,3,7,4.58,0.0,0.0,0
0000249_00001_d_0000001.jpg,2,6,3.46,0.0,0.0,0
0000249_00235_d_0000002.jpg,6,24,12.0,0.0,0.0,0
0000249_00235_d_0000002.jpg,6,17,10.1,0.0,0.0,0
0000249_00235_d_0000002.jpg,5,20,10.0,0.0,0.0,0
0000249_00235_d_0000002.jpg,6,14,9.17,0.0,0.0,0
0000249_00235_d_0000002.jpg,4,12,6.93,0.0,0.0,0
0000249_00235_d_0000002.jpg,4,11,6.63,0.0,0.0,0
0000249_00235_d_0000002.jpg,6,12,8.49,0.0,0.0,0
0000249_00235_d_0000002.jpg,6,9,7.35,0.0,0.0,0
0000249_00235_d_0000002.jpg,4,8,5.66,0.0,0.0,0
0000249_00235_d_0000002.jpg,4,6,4.9,0.0,0.0,0
0000249_00235_d_0000002.jpg,3,6,4.24,0.0,0.0,0
0000249_00235_d_0000002.jpg,3,7,4.58,0.0,0.0,0
0000249_00603_d_0000003.jpg,8,21,12.96,0.0,0.0,0
0000249_00603_d_0000003.jpg,5,12,7.75,0.0,0.0,0
0000249_00603_d_0000003.jpg,3,6,4.24,0.0,0.0,0
0000249_00603_d_0000003.jpg,2,6,3.46,0.0,0.0,0
0000249_01100_d_0000004.jpg,7,18,11.22,0.0,0.0,0
0000249_01100_d_0000004.jpg,4,11,6.63,0.0,0.0,0
0000249_01514_d_0000005.jpg,8,19,12.33,0.0,0.0,0
0000249_01514_d_0000005.jpg,9,22,14.07,0.0,0.0,0
0000249_01514_d_0000005.jpg,7,12,9.17,0.0,0.0,0
0000249_01514_d_0000005.jpg,5,16,8.94,0.0,0.0,0
0000249_01514_d_0000005.jpg,6,13,8.83,0.0,0.0,0
0000249_01514_d_0000005.jpg,6,8,6.93,0.0,0.0,0
0000249_01514_d_0000005.jpg,6,15,9.49,0.0,0.0,0
0000249_01514_d_0000005.jpg,6,10,7.75,0.4015,0.1951,0
0000249_01514_d_0000005.jpg,7,9,7.94,0.0,0.0,0
0000249_01514_d_0000005.jpg,7,16,10.58,0.0,0.0,0
0000249_01514_d_0000005.jpg,7,13,9.54,0.0,0.0,0
0000249_01514_d_0000005.jpg,15,13,13.96,0.0,0.0,0
0000249_01514_d_0000005.jpg,16,21,18.33,0.0,0.0,0
0000249_01635_d_0000006.jpg,5,18,9.49,0.0,0.0,0
0000249_01635_d_0000006.jpg,7,22,12.41,0.0,0.0,0
0000249_01635_d_0000006.jpg,8,22,13.27,0.0,0.0,0
0000249_01635_d_0000006.jpg,6,20,10.95,0.5526,0.1544,1
0000249_01635_d_0000006.jpg,6,21,11.22,0.5678,0.1804,1
0000249_01635_d_0000006.jpg,8,12,9.8,0.0,0.0,0
0000249_01635_d_0000006.jpg,8,17,11.66,0.0,0.0,0
0000249_01635_d_0000006.jpg,5,13,8.06,0.0,0.0,0
0000249_01635_d_0000006.jpg,6,17,10.1,0.0,0.0,0
0000249_01635_d_0000006.jpg,6,15,9.49,0.0,0.0,0
0000249_01635_d_0000006.jpg,5,7,5.92,0.0,0.0,0
0000249_01635_d_0000006.jpg,7,10,8.37,0.0,0.0,0
0000249_01635_d_0000006.jpg,4,11,6.63,0.0,0.0,0
0000249_01635_d_0000006.jpg,7,8,7.48,0.0,0.0,0
0000249_01635_d_0000006.jpg,5,12,7.75,0.0,0.0,0
0000249_01635_d_0000006.jpg,4,11,6.63,0.0,0.0,0
0000249_01635_d_0000006.jpg,3,9,5.2,0.0,0.0,0
0000249_01635_d_0000006.jpg,9,16,12.0,0.0,0.0,0
0000249_01635_d_0000006.jpg,9,14,11.22,0.0,0.0,0
0000249_01635_d_0000006.jpg,6,9,7.35,0.0,0.0,0
0000249_01635_d_0000006.jpg,7,10,8.37,0.0,0.0,0
0000249_01635_d_0000006.jpg,10,10,10.0,0.0,0.0,0
0000249_02073_d_0000007.jpg,7,11,8.77,0.0,0.0,0
0000249_02073_d_0000007.jpg,7,10,8.37,0.0,0.0,0
0000249_02073_d_0000007.jpg,5,10,7.07,0.0,0.0,0
0000249_02073_d_0000007.jpg,5,8,6.32,0.0,0.0,0
0000249_02073_d_0000007.jpg,4,10,6.32,0.0,0.0,0
0000249_02073_d_0000007.jpg,5,9,6.71,0.0,0.0,0
0000249_02073_d_0000007.jpg,4,11,6.63,0.0,0.0,0
0000249_02073_d_0000007.jpg,6,12,8.49,0.0,0.0,0
0000249_02073_d_0000007.jpg,5,10,7.07,0.0,0.0,0
0000249_02073_d_0000007.jpg,6,17,10.1,0.0,0.0,0
0000249_02073_d_0000007.jpg,5,14,8.37,0.0,0.0,0
0000249_02073_d_0000007.jpg,3,4,3.46,0.0,0.0,0
0000249_02073_d_0000007.jpg,3,5,3.87,0.0,0.0,0
0000249_02073_d_0000007.jpg,7,15,10.25,0.0,0.0,0
0000249_02468_d_0000008.jpg,13,20,16.12,0.0,0.0,0
0000249_02468_d_0000008.jpg,11,21,15.2,0.0,0.0,0
0000249_02468_d_0000008.jpg,5,9,6.71,0.0,0.0,0
0000249_02900_d_0000009.jpg,14,22,17.55,0.0,0.0,0
0000249_02900_d_0000009.jpg,9,24,14.7,0.0,0.0,0
0000249_02900_d_0000009.jpg,14,27,19.44,0.0,0.0,0
0000249_02900_d_0000009.jpg,8,20,12.65,0.0,0.0,0
0000249_02900_d_0000009.jpg,9,17,12.37,0.0,0.0,0
0000249_02900_d_0000009.jpg,10,17,13.04,0.0,0.0,0
0000249_02900_d_0000009.jpg,11,18,14.07,0.0,0.0,0
0000249_02900_d_0000009.jpg,9,17,12.37,0.0,0.0,0
0000249_02900_d_0000009.jpg,8,18,12.0,0.0,0.0,0
0000249_02900_d_0000009.jpg,4,11,6.63,0.0,0.0,0
0000249_02900_d_0000009.jpg,6,15,9.49,0.0,0.0,0
0000249_02900_d_0000009.jpg,7,18,11.22,0.5365,0.158,1
0000249_02900_d_0000009.jpg,6,17,10.1,0.0,0.0,0
0000249_02900_d_0000009.jpg,5,16,8.94,0.0,0.0,0
0000249_02900_d_0000009.jpg,5,15,8.66,0.2383,0.1648,0
0000249_02900_d_0000009.jpg,7,14,9.9,0.0,0.0,0
0000249_02900_d_0000009.jpg,5,16,8.94,0.0,0.0,0
0000249_02900_d_0000009.jpg,7,6,6.48,0.0,0.0,0
0000249_02900_d_0000009.jpg,10,12,10.95,0.0,0.0,0
0000249_02900_d_0000009.jpg,4,10,6.32,0.0,0.0,0
0000249_02900_d_0000009.jpg,5,11,7.42,0.0,0.0,0
0000249_02900_d_0000009.jpg,4,10,6.32,0.0,0.0,0
0000249_02900_d_0000009.jpg,3,7,4.58,0.0,0.0,0
0000249_02900_d_0000009.jpg,2,4,2.83,0.0,0.0,0
0000249_02900_d_0000009.jpg,3,5,3.87,0.0,0.0,0
0000249_03400_d_0000010.jpg,16,32,22.63,0.8486,0.1551,1
0000249_03400_d_0000010.jpg,15,30,21.21,0.0,0.0,0
0000249_03400_d_0000010.jpg,13,30,19.75,0.8174,0.4438,1
0000249_03400_d_0000010.jpg,17,33,23.69,0.8416,0.5285,1
0000249_03400_d_0000010.jpg,11,17,13.67,0.0,0.0,0
0000249_03400_d_0000010.jpg,13,20,16.12,0.0,0.0,0
0000249_03400_d_0000010.jpg,14,29,20.15,0.7552,0.1998,1
0000249_03400_d_0000010.jpg,12,23,16.61,0.7692,0.3118,1
0000249_03400_d_0000010.jpg,10,24,15.49,0.6189,0.2323,1
0000249_03400_d_0000010.jpg,13,23,17.29,0.6758,0.5074,1
0000249_03400_d_0000010.jpg,8,19,12.33,0.0,0.0,0
0000249_03400_d_0000010.jpg,8,11,9.38,0.0,0.0,0
0000249_03400_d_0000010.jpg,9,25,15.0,0.5506,0.2404,1
0000249_03400_d_0000010.jpg,12,19,15.1,0.0,0.0,0
0000249_03400_d_0000010.jpg,10,21,14.49,0.6507,0.2821,1
0000249_03400_d_0000010.jpg,9,13,10.82,0.0,0.0,0
0000249_03400_d_0000010.jpg,7,14,9.9,0.0,0.0,0
0000249_03400_d_0000010.jpg,6,11,8.12,0.0,0.0,0
0000249_03400_d_0000010.jpg,7,12,9.17,0.0,0.0,0
0000249_03400_d_0000010.jpg,8,15,10.95,0.0,0.0,0
0000249_03900_d_0000011.jpg,13,23,17.29,0.0,0.0,0
0000249_03900_d_0000011.jpg,6,14,9.17,0.0,0.0,0
0000249_03900_d_0000011.jpg,12,17,14.28,0.5075,0.1738,1
0000249_03900_d_0000011.jpg,3,9,5.2,0.0,0.0,0
0000249_03900_d_0000011.jpg,5,7,5.92,0.0,0.0,0
0000249_03900_d_0000011.jpg,6,10,7.75,0.0,0.0,0
0000249_03900_d_0000011.jpg,3,4,3.46,0.0,0.0,0
0000253_00001_d_0000001.jpg,4,8,5.66,0.0,0.0,0
0000253_00001_d_0000001.jpg,4,8,5.66,0.0,0.0,0
0000253_00001_d_0000001.jpg,5,5,5.0,0.0,0.0,0
0000256_00715_d_0000019.jpg,7,17,10.91,0.4955,0.2663,0
0000256_00715_d_0000019.jpg,9,20,13.42,0.0,0.0,0
0000256_00715_d_0000019.jpg,6,13,8.83,0.0,0.0,0
0000256_00715_d_0000019.jpg,7,16,10.58,0.0,0.0,0
0000256_00715_d_0000019.jpg,7,16,10.58,0.0,0.0,0
0000256_00715_d_0000019.jpg,9,16,12.0,0.0,0.0,0
0000256_00715_d_0000019.jpg,5,16,8.94,0.0,0.0,0
0000256_00715_d_0000019.jpg,9,17,12.37,0.0,0.0,0
0000256_00715_d_0000019.jpg,14,32,21.17,0.0,0.0,0
0000256_00715_d_0000019.jpg,8,16,11.31,0.0,0.0,0
0000256_00715_d_0000019.jpg,6,11,8.12,0.0,0.0,0
0000256_00715_d_0000019.jpg,7,12,9.17,0.0,0.0,0
0000256_00715_d_0000019.jpg,4,10,6.32,0.0,0.0,0
0000256_00715_d_0000019.jpg,2,7,3.74,0.0,0.0,0
0000256_02173_d_0000030.jpg,5,9,6.71,0.0,0.0,0
0000256_02173_d_0000030.jpg,8,18,12.0,0.0,0.0,0
0000256_02173_d_0000030.jpg,9,24,14.7,0.722,0.2426,1
0000256_02173_d_0000030.jpg,6,20,10.95,0.0,0.0,0
0000256_02173_d_0000030.jpg,9,21,13.75,0.0,0.0,0
0000256_02173_d_0000030.jpg,8,22,13.27,0.0,0.0,0
0000256_02173_d_0000030.jpg,10,32,17.89,0.0,0.0,0
0000256_02173_d_0000030.jpg,16,26,20.4,0.0,0.0,0
0000263_02401_d_0000179.jpg,14,45,25.1,0.7263,0.2678,1
0000263_02401_d_0000179.jpg,19,45,29.24,0.0,0.0,0
0000263_02401_d_0000179.jpg,14,43,24.54,0.7241,0.4357,1
0000263_02401_d_0000179.jpg,16,45,26.83,0.7879,0.49,1
0000263_02401_d_0000179.jpg,17,31,22.96,0.8535,0.5242,1
0000269_00001_d_0000348.jpg,2,4,2.83,0.0,0.0,0
0000269_00001_d_0000348.jpg,3,7,4.58,0.0,0.0,0
0000269_00001_d_0000348.jpg,3,7,4.58,0.0,0.0,0
0000269_00001_d_0000348.jpg,3,7,4.58,0.0,0.0,0
0000269_00001_d_0000348.jpg,3,4,3.46,0.0,0.0,0
0000269_00001_d_0000348.jpg,3,4,3.46,0.0,0.0,0
0000269_00001_d_0000348.jpg,3,6,4.24,0.0,0.0,0
0000269_00001_d_0000348.jpg,5,11,7.42,0.0,0.0,0
0000269_00001_d_0000348.jpg,4,10,6.32,0.0,0.0,0
0000269_00001_d_0000348.jpg,6,13,8.83,0.0,0.0,0
0000269_00001_d_0000348.jpg,3,8,4.9,0.0,0.0,0
0000269_00001_d_0000348.jpg,3,10,5.48,0.0,0.0,0
0000269_00001_d_0000348.jpg,4,11,6.63,0.0,0.0,0
0000269_00001_d_0000348.jpg,4,10,6.32,0.0,0.0,0
0000269_00001_d_0000348.jpg,3,9,5.2,0.0,0.0,0
0000269_00001_d_0000348.jpg,4,10,6.32,0.0,0.0,0
0000269_00001_d_0000348.jpg,5,8,6.32,0.0,0.0,0
0000269_00001_d_0000348.jpg,7,9,7.94,0.0,0.0,0
0000269_00001_d_0000348.jpg,25,34,29.15,0.9083,0.4535,1
0000269_00001_d_0000348.jpg,19,28,23.07,0.6991,0.7035,1
0000269_00001_d_0000348.jpg,17,20,18.44,0.0,0.0,0
0000269_00001_d_0000348.jpg,20,19,19.49,0.0,0.0,0
0000269_00001_d_0000348.jpg,17,26,21.02,0.6722,0.5436,1
0000269_00001_d_0000348.jpg,12,20,15.49,0.6823,0.5147,1
0000269_00001_d_0000348.jpg,12,19,15.1,0.516,0.2718,1
0000269_00001_d_0000348.jpg,8,15,10.95,0.5426,0.3585,1
0000269_00001_d_0000348.jpg,9,15,11.62,0.6464,0.529,1
0000269_00001_d_0000348.jpg,7,17,10.91,0.7816,0.2514,1
0000269_00001_d_0000348.jpg,10,19,13.78,0.0,0.0,0
0000269_00001_d_0000348.jpg,8,16,11.31,0.0,0.0,0
0000269_00001_d_0000348.jpg,12,25,17.32,0.8364,0.5349,1
0000269_00001_d_0000348.jpg,13,25,18.03,0.7728,0.2732,1
0000269_00001_d_0000348.jpg,4,20,8.94,0.0,0.0,0
0000269_00001_d_0000348.jpg,9,23,14.39,0.0,0.0,0
0000269_00001_d_0000348.jpg,8,19,12.33,0.3392,0.2533,0
0000269_00001_d_0000348.jpg,7,17,10.91,0.5772,0.5603,1
0000269_00001_d_0000348.jpg,7,19,11.53,0.2789,0.5879,0
0000269_00001_d_0000348.jpg,9,22,14.07,0.568,0.1744,1
0000269_00001_d_0000348.jpg,10,22,14.83,0.5097,0.465,1
0000269_00001_d_0000348.jpg,9,21,13.75,0.0,0.0,0
0000269_00201_d_0000349.jpg,14,26,19.08,0.684,0.4553,1
0000269_00201_d_0000349.jpg,15,33,22.25,0.8678,0.7459,1
0000269_00201_d_0000349.jpg,13,30,19.75,0.8515,0.6818,1
0000269_00201_d_0000349.jpg,9,21,13.75,0.7511,0.3111,1
0000269_00201_d_0000349.jpg,12,27,18.0,0.6089,0.4948,1
0000269_00201_d_0000349.jpg,10,29,17.03,0.4971,0.5683,0
0000269_00201_d_0000349.jpg,8,26,14.42,0.0,0.0,0
0000269_00201_d_0000349.jpg,18,28,22.45,0.717,0.5489,1
0000269_00201_d_0000349.jpg,13,23,17.29,0.7384,0.5465,1
0000269_00201_d_0000349.jpg,9,17,12.37,0.0,0.0,0
0000269_00201_d_0000349.jpg,10,16,12.65,0.0,0.0,0
0000269_00201_d_0000349.jpg,7,11,8.77,0.4933,0.2366,0
0000269_00601_d_0000351.jpg,8,17,11.66,0.0,0.0,0
0000269_00601_d_0000351.jpg,9,25,15.0,0.1778,0.1718,0
0000269_00601_d_0000351.jpg,9,30,16.43,0.0,0.0,0
0000269_00601_d_0000351.jpg,10,28,16.73,0.4239,0.1807,0
0000269_00601_d_0000351.jpg,12,42,22.45,0.9105,0.6845,1
0000269_00601_d_0000351.jpg,17,24,20.2,0.0,0.0,0
0000269_00601_d_0000351.jpg,15,20,17.32,0.1634,0.164,0
0000269_00601_d_0000351.jpg,16,26,20.4,0.0,0.0,0
0000269_00601_d_0000351.jpg,13,23,17.29,0.5527,0.1504,1
0000269_00601_d_0000351.jpg,20,30,24.49,0.6985,0.7004,1
0000269_00601_d_0000351.jpg,25,39,31.22,0.7346,0.2755,1
0000269_00601_d_0000351.jpg,19,53,31.73,0.0,0.0,0
0000269_00601_d_0000351.jpg,11,24,16.25,0.0,0.0,0
0000269_00601_d_0000351.jpg,10,19,13.78,0.0,0.0,0
0000269_00601_d_0000351.jpg,10,22,14.83,0.7586,0.5099,1
0000269_00601_d_0000351.jpg,15,24,18.97,0.113,0.25,0
0000269_00601_d_0000351.jpg,11,27,17.23,0.0951,0.156,0
0000269_00601_d_0000351.jpg,13,23,17.29,0.0,0.0,0
0000269_00601_d_0000351.jpg,10,15,12.25,0.4364,0.2357,0
0000269_00601_d_0000351.jpg,12,18,14.7,0.0,0.0,0
0000269_00601_d_0000351.jpg,8,17,11.66,0.0,0.0,0
0000269_00601_d_0000351.jpg,12,24,16.97,0.6854,0.2961,1
0000269_00601_d_0000351.jpg,6,11,8.12,0.0,0.0,0
0000269_00601_d_0000351.jpg,6,9,7.35,0.0,0.0,0
0000269_00601_d_0000351.jpg,4,10,6.32,0.0,0.0,0
0000269_00601_d_0000351.jpg,4,11,6.63,0.0,0.0,0
0000271_00001_d_0000374.jpg,20,20,20.0,0.0,0.0,0
0000271_00001_d_0000374.jpg,23,41,30.71,0.0,0.0,0
0000271_00001_d_0000374.jpg,34,47,39.97,0.0,0.0,0
0000271_00001_d_0000374.jpg,22,49,32.83,0.8977,0.7867,1
0000271_00001_d_0000374.jpg,18,40,26.83,0.783,0.4679,1
0000271_00001_d_0000374.jpg,10,35,18.71,0.0,0.0,0
0000271_00001_d_0000374.jpg,24,27,25.46,0.7882,0.2843,1
0000271_00001_d_0000374.jpg,11,36,19.9,0.6956,0.4973,1
0000271_00001_d_0000374.jpg,15,36,23.24,0.7458,0.6017,1
0000271_00001_d_0000374.jpg,14,39,23.37,0.7339,0.5356,1
0000271_00001_d_0000374.jpg,16,30,21.91,0.7928,0.3225,1
0000271_00001_d_0000374.jpg,9,23,14.39,0.763,0.2281,1
0000271_00001_d_0000374.jpg,17,32,23.32,0.3991,0.5512,0
0000271_00001_d_0000374.jpg,10,26,16.12,0.3339,0.6225,0
0000271_00001_d_0000374.jpg,21,39,28.62,0.8648,0.4245,1
0000271_00001_d_0000374.jpg,15,33,22.25,0.7493,0.3076,1
0000271_00001_d_0000374.jpg,15,20,17.32,0.2662,0.1738,0
0000271_00001_d_0000374.jpg,10,34,18.44,0.0,0.0,0
0000271_00001_d_0000374.jpg,9,23,14.39,0.0,0.0,0
0000271_00001_d_0000374.jpg,30,52,39.5,0.9551,0.7299,1
0000271_00001_d_0000374.jpg,16,43,26.23,0.4436,0.559,0
0000271_00201_d_0000375.jpg,23,48,33.23,0.7193,0.4391,1
0000271_00201_d_0000375.jpg,26,34,29.73,0.68,0.3467,1
0000271_00201_d_0000375.jpg,21,54,33.67,0.8289,0.7738,1
0000271_00201_d_0000375.jpg,18,38,26.15,0.6289,0.2939,1
0000271_00201_d_0000375.jpg,19,37,26.51,0.7665,0.7327,1
0000271_00201_d_0000375.jpg,12,37,21.07,0.6493,0.4066,1
0000271_00201_d_0000375.jpg,12,33,19.9,0.6578,0.4507,1
0000271_00201_d_0000375.jpg,21,37,27.87,0.6204,0.1551,1
0000271_00201_d_0000375.jpg,15,25,19.36,0.4396,0.2547,0
0000271_00201_d_0000375.jpg,22,41,30.03,0.0,0.0,0
0000271_00201_d_0000375.jpg,11,29,17.86,0.8349,0.7636,1
0000271_00201_d_0000375.jpg,11,30,18.17,0.715,0.513,1
0000271_00201_d_0000375.jpg,8,20,12.65,0.1268,0.4849,0
0000271_00201_d_0000375.jpg,10,36,18.97,0.0,0.0,0
0000271_00201_d_0000375.jpg,12,26,17.66,0.0,0.0,0
0000271_00201_d_0000375.jpg,14,38,23.07,0.0,0.0,0
0000271_00201_d_0000375.jpg,14,19,16.31,0.0,0.0,0
0000271_00201_d_0000375.jpg,9,18,12.73,0.0,0.0,0
0000271_00201_d_0000375.jpg,7,17,10.91,0.0,0.0,0
0000271_00201_d_0000375.jpg,8,21,12.96,0.0,0.0,0
0000271_00201_d_0000375.jpg,8,18,12.0,0.0,0.0,0
0000271_00401_d_0000376.jpg,6,11,8.12,0.0,0.0,0
0000271_00401_d_0000376.jpg,18,51,30.3,0.8227,0.6727,1
0000271_00401_d_0000376.jpg,21,44,30.4,0.7344,0.5282,1
0000271_00401_d_0000376.jpg,19,45,29.24,0.7511,0.4477,1
0000271_00401_d_0000376.jpg,17,28,21.82,0.7823,0.4794,1
0000271_00401_d_0000376.jpg,10,45,21.21,0.4847,0.5167,0
0000271_00401_d_0000376.jpg,9,22,14.07,0.0,0.0,0
0000271_00401_d_0000376.jpg,9,24,14.7,0.0,0.0,0
0000271_00601_d_0000377.jpg,20,37,27.2,0.8217,0.7111,1
0000271_00601_d_0000377.jpg,24,49,34.29,0.7354,0.7542,1
0000271_00601_d_0000377.jpg,18,41,27.17,0.88,0.7265,1
0000271_00601_d_0000377.jpg,20,43,29.33,0.679,0.5688,1
0000271_00601_d_0000377.jpg,17,36,24.74,0.6901,0.2118,1
0000271_00601_d_0000377.jpg,18,38,26.15,0.6174,0.2044,1
0000271_00601_d_0000377.jpg,11,23,15.91,0.4832,0.2617,0
0000271_00601_d_0000377.jpg,13,24,17.66,0.5699,0.4463,1
0000271_00601_d_0000377.jpg,16,31,22.27,0.7422,0.2274,1
0000271_00601_d_0000377.jpg,8,19,12.33,0.6979,0.1827,1
0000271_00601_d_0000377.jpg,10,27,16.43,0.7701,0.5207,1
0000271_00601_d_0000377.jpg,10,24,15.49,0.6658,0.2639,1
0000271_00601_d_0000377.jpg,12,27,18.0,0.0,0.0,0
0000271_00601_d_0000377.jpg,7,21,12.12,0.5477,0.218,1
0000271_00601_d_0000377.jpg,8,22,13.27,0.4726,0.2869,0
0000271_00601_d_0000377.jpg,13,40,22.8,0.6868,0.1767,1
0000271_00601_d_0000377.jpg,9,26,15.3,0.0,0.0,0
0000271_00601_d_0000377.jpg,14,30,20.49,0.5111,0.3497,1
0000271_00601_d_0000377.jpg,16,29,21.54,0.7298,0.2256,1
0000271_00601_d_0000377.jpg,23,37,29.17,0.8374,0.4668,1
0000271_00601_d_0000377.jpg,10,31,17.61,0.0,0.0,0
0000271_00601_d_0000377.jpg,13,27,18.73,0.0,0.0,0
0000271_00601_d_0000377.jpg,8,21,12.96,0.0,0.0,0
0000271_00601_d_0000377.jpg,7,18,11.22,0.0,0.0,0
0000271_00601_d_0000377.jpg,8,19,12.33,0.0,0.0,0
0000271_00601_d_0000377.jpg,10,18,13.42,0.0,0.0,0
0000271_00601_d_0000377.jpg,9,19,13.08,0.0,0.0,0
0000271_00601_d_0000377.jpg,9,20,13.42,0.0,0.0,0
0000271_00601_d_0000377.jpg,5,11,7.42,0.0,0.0,0
0000271_00601_d_0000377.jpg,4,12,6.93,0.0,0.0,0
0000271_00601_d_0000377.jpg,7,17,10.91,0.0,0.0,0
0000271_00801_d_0000378.jpg,22,52,33.82,0.7557,0.5054,1
0000271_00801_d_0000378.jpg,28,62,41.67,0.2965,0.1585,0
0000271_00801_d_0000378.jpg,15,30,21.21,0.0,0.0,0
0000271_00801_d_0000378.jpg,18,46,28.77,0.7623,0.2774,1
0000271_00801_d_0000378.jpg,20,47,30.66,0.7598,0.394,1
0000271_00801_d_0000378.jpg,23,51,34.25,0.8361,0.7154,1
0000271_00801_d_0000378.jpg,19,39,27.22,0.8375,0.673,1
0000271_00801_d_0000378.jpg,13,32,20.4,0.6055,0.1922,1
0000271_00801_d_0000378.jpg,12,38,21.35,0.6687,0.6062,1
0000271_00801_d_0000378.jpg,18,35,25.1,0.8201,0.383,1
0000271_00801_d_0000378.jpg,9,24,14.7,0.0,0.0,0
0000271_00801_d_0000378.jpg,6,20,10.95,0.0,0.0,0
0000271_00801_d_0000378.jpg,5,18,9.49,0.0,0.0,0
0000271_00801_d_0000378.jpg,5,14,8.37,0.0,0.0,0
0000271_00801_d_0000378.jpg,6,22,11.49,0.0,0.0,0
0000271_00801_d_0000378.jpg,6,22,11.49,0.0,0.0,0
0000271_00801_d_0000378.jpg,5,12,7.75,0.0,0.0,0
0000271_00801_d_0000378.jpg,5,12,7.75,0.0,0.0,0
0000271_00801_d_0000378.jpg,5,13,8.06,0.0,0.0,0
0000271_00801_d_0000378.jpg,6,12,8.49,0.0,0.0,0
0000271_00801_d_0000378.jpg,10,34,18.44,0.6164,0.3027,1
0000271_00801_d_0000378.jpg,10,34,18.44,0.6659,0.3231,1
0000271_00801_d_0000378.jpg,10,37,19.24,0.7229,0.4157,1
0000271_00801_d_0000378.jpg,10,31,17.61,0.7067,0.2497,1
0000271_00801_d_0000378.jpg,7,20,11.83,0.5179,0.6036,1
0000271_00801_d_0000378.jpg,6,17,10.1,0.5305,0.1602,1
0000271_00801_d_0000378.jpg,7,21,12.12,0.6906,0.242,1
0000271_00801_d_0000378.jpg,6,20,10.95,0.0,0.0,0
0000271_00801_d_0000378.jpg,6,17,10.1,0.0,0.0,0
0000271_00801_d_0000378.jpg,6,16,9.8,0.4325,0.3302,0
0000271_00801_d_0000378.jpg,5,11,7.42,0.3308,0.2927,0
0000271_00801_d_0000378.jpg,5,12,7.75,0.3542,0.3549,0
0000271_00801_d_0000378.jpg,4,11,6.63,0.0,0.0,0
0000271_01201_d_0000379.jpg,13,29,19.42,0.7331,0.6367,1
0000271_01201_d_0000379.jpg,12,22,16.25,0.0,0.0,0
0000271_01201_d_0000379.jpg,11,21,15.2,0.0,0.0,0
0000271_01201_d_0000379.jpg,9,15,11.62,0.4477,0.3632,0
0000271_01201_d_0000379.jpg,12,22,16.25,0.0,0.0,0
0000271_01201_d_0000379.jpg,21,35,27.11,0.0,0.0,0
0000271_01201_d_0000379.jpg,9,18,12.73,0.4511,0.1549,0
0000271_01201_d_0000379.jpg,9,18,12.73,0.0,0.0,0
0000271_01201_d_0000379.jpg,5,18,9.49,0.0232,0.1553,0
0000271_01201_d_0000379.jpg,7,17,10.91,0.2528,0.1702,0
0000271_01201_d_0000379.jpg,6,17,10.1,0.0,0.0,0
0000271_01201_d_0000379.jpg,8,15,10.95,0.0,0.0,0
0000271_01201_d_0000379.jpg,6,13,8.83,0.0,0.0,0
0000271_01201_d_0000379.jpg,24,45,32.86,0.5653,0.7663,1
0000271_01201_d_0000379.jpg,20,49,31.3,0.0,0.0,0
0000271_01201_d_0000379.jpg,12,24,16.97,0.0,0.0,0
0000271_01401_d_0000380.jpg,17,51,29.44,0.5891,0.5542,1
0000271_01401_d_0000380.jpg,25,27,25.98,0.5271,0.2467,1
0000271_01401_d_0000380.jpg,16,43,26.23,0.7983,0.6859,1
0000271_01401_d_0000380.jpg,15,47,26.55,0.7227,0.6533,1
0000271_01401_d_0000380.jpg,11,39,20.71,0.7752,0.584,1
0000271_01401_d_0000380.jpg,16,42,25.92,0.8233,0.6027,1
0000271_01401_d_0000380.jpg,9,29,16.16,0.7629,0.4747,1
0000271_01401_d_0000380.jpg,9,27,15.59,0.5883,0.4247,1
0000271_01401_d_0000380.jpg,7,29,14.25,0.4283,0.5286,0
0000271_01401_d_0000380.jpg,13,27,18.73,0.5102,0.2288,1
0000271_01401_d_0000380.jpg,20,42,28.98,0.7517,0.2228,1
0000271_01401_d_0000380.jpg,18,25,21.21,0.0,0.0,0
0000271_01401_d_0000380.jpg,15,35,22.91,0.749,0.2003,1
0000271_01401_d_0000380.jpg,9,27,15.59,0.8816,0.1561,1
0000271_01401_d_0000380.jpg,7,21,12.12,0.7761,0.5019,1
0000271_01401_d_0000380.jpg,12,28,18.33,0.8804,0.3387,1
0000271_01401_d_0000380.jpg,8,25,14.14,0.0,0.0,0
0000271_01401_d_0000380.jpg,6,14,9.17,0.0,0.0,0
0000271_01401_d_0000380.jpg,6,14,9.17,0.0,0.0,0
0000271_01401_d_0000380.jpg,6,17,10.1,0.0,0.0,0
0000271_01401_d_0000380.jpg,6,12,8.49,0.0,0.0,0
0000271_01401_d_0000380.jpg,17,27,21.42,0.0,0.0,0
0000271_01401_d_0000380.jpg,4,16,8.0,0.0,0.0,0
0000271_01401_d_0000380.jpg,5,16,8.94,0.0,0.0,0
0000271_01601_d_0000381.jpg,20,33,25.69,0.0,0.0,0
0000271_01601_d_0000381.jpg,17,41,26.4,0.889,0.7276,1
0000271_01601_d_0000381.jpg,17,51,29.44,0.8144,0.4708,1
0000271_01601_d_0000381.jpg,18,45,28.46,0.8262,0.2877,1
0000271_01601_d_0000381.jpg,26,44,33.82,0.7817,0.2206,1
0000271_01601_d_0000381.jpg,19,42,28.25,0.8484,0.5577,1
0000271_01601_d_0000381.jpg,15,39,24.19,0.8075,0.5291,1
0000271_01601_d_0000381.jpg,14,35,22.14,0.0,0.0,0
0000271_01601_d_0000381.jpg,16,25,20.0,0.5263,0.631,1
0000271_01601_d_0000381.jpg,14,34,21.82,0.8592,0.6455,1
0000271_01601_d_0000381.jpg,6,18,10.39,0.0,0.0,0
0000271_01601_d_0000381.jpg,5,19,9.75,0.0,0.0,0
0000271_01601_d_0000381.jpg,7,14,9.9,0.0,0.0,0
0000271_01601_d_0000381.jpg,6,16,9.8,0.0,0.0,0
0000271_02401_d_0000385.jpg,17,38,25.42,0.0,0.0,0
0000271_02401_d_0000385.jpg,9,15,11.62,0.0,0.0,0
0000271_02401_d_0000385.jpg,9,15,11.62,0.0,0.0,0
0000271_02401_d_0000385.jpg,7,22,12.41,0.0,0.0,0
0000271_02401_d_0000385.jpg,29,52,38.83,0.0,0.0,0
0000271_02401_d_0000385.jpg,16,49,28.0,0.8971,0.6791,1
0000271_02401_d_0000385.jpg,15,44,25.69,0.9263,0.5962,1
0000271_02401_d_0000385.jpg,14,23,17.94,0.0,0.0,0
0000271_02401_d_0000385.jpg,16,40,25.3,0.0,0.0,0
0000271_02401_d_0000385.jpg,12,38,21.35,0.8189,0.5981,1
0000271_02401_d_0000385.jpg,16,36,24.0,0.8415,0.7241,1
0000271_02401_d_0000385.jpg,16,36,24.0,0.0,0.0,0
0000271_02401_d_0000385.jpg,13,36,21.63,0.705,0.2497,1
0000271_02401_d_0000385.jpg,10,34,18.44,0.5945,0.2691,1
0000271_02401_d_0000385.jpg,14,36,22.45,0.5233,0.2628,1
0000271_02401_d_0000385.jpg,12,34,20.2,0.8497,0.5168,1
0000271_02401_d_0000385.jpg,11,20,14.83,0.0,0.0,0
0000271_02401_d_0000385.jpg,13,17,14.87,0.0,0.0,0
0000271_02401_d_0000385.jpg,13,21,16.52,0.0,0.0,0
0000271_02401_d_0000385.jpg,9,27,15.59,0.5802,0.404,1
0000271_02401_d_0000385.jpg,6,23,11.75,0.5608,0.2433,1
0000271_02401_d_0000385.jpg,6,26,12.49,0.5895,0.2628,1
0000271_02401_d_0000385.jpg,5,21,10.25,0.0,0.0,0
0000271_02401_d_0000385.jpg,8,9,8.49,0.0,0.0,0
0000271_02401_d_0000385.jpg,6,16,9.8,0.0,0.0,0
0000271_02401_d_0000385.jpg,5,13,8.06,0.0,0.0,0
0000271_02401_d_0000385.jpg,11,24,16.25,0.0,0.0,0
0000271_02401_d_0000385.jpg,9,23,14.39,0.0,0.0,0
0000271_02401_d_0000385.jpg,8,15,10.95,0.0,0.0,0
0000271_02401_d_0000385.jpg,6,16,9.8,0.0,0.0,0
0000271_02401_d_0000385.jpg,6,13,8.83,0.0,0.0,0
0000271_02401_d_0000385.jpg,6,16,9.8,0.0,0.0,0
0000271_02401_d_0000385.jpg,6,20,10.95,0.0,0.0,0
0000271_02601_d_0000386.jpg,11,29,17.86,0.8645,0.5975,1
0000271_02601_d_0000386.jpg,11,27,17.23,0.5569,0.1901,1
0000271_02601_d_0000386.jpg,12,22,16.25,0.469,0.3483,0
0000271_02601_d_0000386.jpg,14,20,16.73,0.5624,0.5605,1
0000271_02601_d_0000386.jpg,12,26,17.66,0.0,0.0,0
0000271_02601_d_0000386.jpg,19,22,20.45,0.0,0.0,0
0000271_02601_d_0000386.jpg,10,25,15.81,0.0,0.0,0
0000271_02601_d_0000386.jpg,8,21,12.96,0.0,0.0,0
0000271_02601_d_0000386.jpg,7,21,12.12,0.2437,0.2055,0
0000271_02601_d_0000386.jpg,8,21,12.96,0.0,0.0,0
0000271_02601_d_0000386.jpg,16,23,19.18,0.6408,0.1667,1
0000271_02601_d_0000386.jpg,13,31,20.07,0.8781,0.2375,1
0000271_02601_d_0000386.jpg,10,31,17.61,0.0,0.0,0
0000271_02601_d_0000386.jpg,15,17,15.97,0.0,0.0,0
0000271_02601_d_0000386.jpg,7,20,11.83,0.7441,0.2629,1
0000271_02601_d_0000386.jpg,7,19,11.53,0.0,0.0,0
0000271_02601_d_0000386.jpg,8,17,11.66,0.0,0.0,0
0000271_02601_d_0000386.jpg,7,18,11.22,0.0,0.0,0
0000271_02601_d_0000386.jpg,14,42,24.25,0.0,0.0,0
0000271_02601_d_0000386.jpg,21,27,23.81,0.0,0.0,0
0000271_02601_d_0000386.jpg,7,13,9.54,0.0,0.0,0
0000271_02601_d_0000386.jpg,15,40,24.49,0.6664,0.2159,1
0000271_02601_d_0000386.jpg,9,33,17.23,0.0,0.0,0
0000271_03001_d_0000387.jpg,7,12,9.17,0.0,0.0,0
0000271_03001_d_0000387.jpg,7,17,10.91,0.0,0.0,0
0000271_03001_d_0000387.jpg,8,16,11.31,0.4663,0.4074,0
0000271_03001_d_0000387.jpg,10,20,14.14,0.6253,0.262,1
0000271_03001_d_0000387.jpg,13,23,17.29,0.5093,0.5298,1
0000271_03001_d_0000387.jpg,6,26,12.49,0.6051,0.1932,1
0000271_03001_d_0000387.jpg,9,26,15.3,0.0,0.0,0
0000271_03001_d_0000387.jpg,9,17,12.37,0.0,0.0,0
0000271_03001_d_0000387.jpg,9,23,14.39,0.0,0.0,0
0000271_03001_d_0000387.jpg,7,22,12.41,0.0,0.0,0
0000271_03001_d_0000387.jpg,6,22,11.49,0.0,0.0,0
0000271_03001_d_0000387.jpg,11,27,17.23,0.7019,0.5747,1
0000271_03001_d_0000387.jpg,9,29,16.16,0.8696,0.5003,1
0000271_03001_d_0000387.jpg,15,33,22.25,0.8417,0.6586,1
0000271_03001_d_0000387.jpg,14,33,21.49,0.6894,0.3922,1
0000271_03001_d_0000387.jpg,17,40,26.08,0.6252,0.4092,1
0000271_03001_d_0000387.jpg,4,13,7.21,0.0,0.0,0
0000271_03001_d_0000387.jpg,6,22,11.49,0.0,0.0,0
0000271_03001_d_0000387.jpg,11,31,18.47,0.2517,0.1571,0
0000271_03001_d_0000387.jpg,14,26,19.08,0.3708,0.2359,0
0000271_03001_d_0000387.jpg,16,23,19.18,0.0,0.0,0
0000271_03001_d_0000387.jpg,20,20,20.0,0.065,0.1521,0
0000271_03001_d_0000387.jpg,14,25,18.71,0.7841,0.2104,1
0000271_03001_d_0000387.jpg,10,23,15.17,0.0,0.0,0
0000271_03001_d_0000387.jpg,8,24,13.86,0.0,0.0,0
0000271_03801_d_0000391.jpg,22,36,28.14,0.6137,0.4904,1
0000271_03801_d_0000391.jpg,17,46,27.96,0.9369,0.5338,1
0000271_03801_d_0000391.jpg,19,40,27.57,0.845,0.5114,1
0000271_03801_d_0000391.jpg,15,37,23.56,0.9051,0.4853,1
0000271_03801_d_0000391.jpg,20,44,29.66,0.8111,0.465,1
0000271_03801_d_0000391.jpg,15,22,18.17,0.0,0.0,0
0000271_03801_d_0000391.jpg,22,24,22.98,0.0,0.0,0
0000271_03801_d_0000391.jpg,20,27,23.24,0.0,0.0,0
0000271_03801_d_0000391.jpg,17,31,22.96,0.0,0.0,0
0000271_03801_d_0000391.jpg,4,9,6.0,0.0,0.0,0
0000271_03801_d_0000391.jpg,6,21,11.22,0.0,0.0,0
0000271_03801_d_0000391.jpg,6,24,12.0,0.5998,0.404,1
0000271_03801_d_0000391.jpg,5,19,9.75,0.3629,0.4411,0
0000271_03801_d_0000391.jpg,4,18,8.49,0.0,0.0,0
0000271_03801_d_0000391.jpg,5,17,9.22,0.0,0.0,0
0000271_03801_d_0000391.jpg,5,17,9.22,0.0,0.0,0
0000271_03801_d_0000391.jpg,6,16,9.8,0.0,0.0,0
0000271_03801_d_0000391.jpg,6,14,9.17,0.0,0.0,0
0000271_03801_d_0000391.jpg,6,21,11.22,0.0,0.0,0
0000271_03801_d_0000391.jpg,5,18,9.49,0.0,0.0,0
0000271_03801_d_0000391.jpg,5,17,9.22,0.0,0.0,0
0000271_03801_d_0000391.jpg,5,14,8.37,0.0,0.0,0
0000271_03801_d_0000391.jpg,15,35,22.91,0.8802,0.2627,1
0000271_03801_d_0000391.jpg,9,21,13.75,0.2119,0.2474,0
0000271_03801_d_0000391.jpg,12,32,19.6,0.0,0.0,0
0000271_03801_d_0000391.jpg,12,14,12.96,0.0,0.0,0
0000271_04401_d_0000394.jpg,6,21,11.22,0.0,0.0,0
0000271_04401_d_0000394.jpg,7,18,11.22,0.0,0.0,0
0000271_04401_d_0000394.jpg,8,29,15.23,0.7162,0.2021,1
0000271_04401_d_0000394.jpg,18,21,19.44,0.6188,0.2967,1
0000271_04401_d_0000394.jpg,17,40,26.08,0.6836,0.4566,1
0000271_04401_d_0000394.jpg,15,37,23.56,0.7384,0.4593,1
0000271_04401_d_0000394.jpg,17,38,25.42,0.7935,0.3155,1
0000271_04401_d_0000394.jpg,8,31,15.75,0.0,0.0,0
0000271_04401_d_0000394.jpg,11,32,18.76,0.7957,0.2999,1
0000271_04401_d_0000394.jpg,17,27,21.42,0.0,0.0,0
0000271_04401_d_0000394.jpg,10,33,18.17,0.7764,0.2109,1
0000271_04401_d_0000394.jpg,17,31,22.96,0.0286,0.2868,0
0000271_04401_d_0000394.jpg,17,36,24.74,0.0,0.0,0
0000271_04401_d_0000394.jpg,10,15,12.25,0.0,0.0,0
0000271_04401_d_0000394.jpg,9,26,15.3,0.0,0.0,0
0000271_04401_d_0000394.jpg,9,18,12.73,0.0,0.0,0
0000271_04401_d_0000394.jpg,8,17,11.66,0.0,0.0,0
0000271_04401_d_0000394.jpg,10,15,12.25,0.0,0.0,0
0000271_04401_d_0000394.jpg,7,15,10.25,0.0,0.0,0
0000271_04401_d_0000394.jpg,8,21,12.96,0.0,0.0,0
0000271_04401_d_0000394.jpg,8,25,14.14,0.4771,0.2296,0
0000271_04401_d_0000394.jpg,12,38,21.35,0.0,0.0,0
0000271_04401_d_0000394.jpg,17,41,26.4,0.7659,0.5826,1
0000271_04401_d_0000394.jpg,15,44,25.69,0.845,0.6331,1
0000271_04401_d_0000394.jpg,15,40,24.49,0.8089,0.6606,1
0000271_04401_d_0000394.jpg,15,35,22.91,0.8145,0.6683,1
0000271_04401_d_0000394.jpg,20,44,29.66,0.0,0.0,0
0000271_04401_d_0000394.jpg,15,32,21.91,0.8234,0.5897,1
0000271_04401_d_0000394.jpg,13,31,20.07,0.0,0.0,0
0000271_04401_d_0000394.jpg,23,53,34.91,0.0,0.0,0
0000271_04401_d_0000394.jpg,24,51,34.99,0.0,0.0,0
0000271_04401_d_0000394.jpg,20,56,33.47,0.0,0.0,0
0000271_04401_d_0000394.jpg,29,40,34.06,0.0,0.0,0
0000271_04801_d_0000396.jpg,11,31,18.47,0.0,0.0,0
0000271_04801_d_0000396.jpg,13,25,18.03,0.0,0.0,0
0000271_04801_d_0000396.jpg,11,23,15.91,0.0,0.0,0
0000271_04801_d_0000396.jpg,8,26,14.42,0.828,0.2977,1
0000271_04801_d_0000396.jpg,9,15,11.62,0.0,0.0,0
0000271_04801_d_0000396.jpg,9,16,12.0,0.0,0.0,0
0000271_04801_d_0000396.jpg,7,20,11.83,0.0,0.0,0
0000271_04801_d_0000396.jpg,5,17,9.22,0.0,0.0,0
0000271_04801_d_0000396.jpg,10,14,11.83,0.0,0.0,0
0000271_04801_d_0000396.jpg,8,19,12.33,0.0,0.0,0
0000271_04801_d_0000396.jpg,7,19,11.53,0.0,0.0,0
0000271_04801_d_0000396.jpg,12,22,16.25,0.0,0.0,0
0000271_04801_d_0000396.jpg,12,24,16.97,0.0,0.0,0
0000271_04801_d_0000396.jpg,9,12,10.39,0.0,0.0,0
0000271_05001_d_0000397.jpg,16,29,21.54,0.0,0.0,0
0000271_05001_d_0000397.jpg,10,26,16.12,0.6521,0.2014,1
0000271_05001_d_0000397.jpg,10,27,16.43,0.4235,0.1682,0
0000271_05001_d_0000397.jpg,9,27,15.59,0.3673,0.3792,0
0000271_05001_d_0000397.jpg,8,30,15.49,0.0,0.0,0
0000271_05001_d_0000397.jpg,18,24,20.78,0.8517,0.4972,1
0000271_05001_d_0000397.jpg,20,39,27.93,0.8954,0.653,1
0000271_05001_d_0000397.jpg,15,25,19.36,0.4469,0.2245,0
0000271_05001_d_0000397.jpg,15,29,20.86,0.6244,0.2479,1
0000271_05001_d_0000397.jpg,7,16,10.58,0.0,0.0,0
0000271_05001_d_0000397.jpg,8,24,13.86,0.0,0.0,0
0000271_05001_d_0000397.jpg,13,24,17.66,0.0,0.0,0
0000271_05001_d_0000397.jpg,9,19,13.08,0.0,0.0,0
0000271_05001_d_0000397.jpg,6,22,11.49,0.0,0.0,0
0000271_05001_d_0000397.jpg,23,21,21.98,0.0,0.0,0
0000271_05001_d_0000397.jpg,9,17,12.37,0.0,0.0,0
0000271_05001_d_0000397.jpg,9,13,10.82,0.0,0.0,0
0000271_05001_d_0000397.jpg,4,15,7.75,0.0,0.0,0
0000271_05001_d_0000397.jpg,5,16,8.94,0.0,0.0,0
0000271_05001_d_0000397.jpg,6,15,9.49,0.0,0.0,0
0000271_05001_d_0000397.jpg,7,11,8.77,0.0,0.0,0
0000271_05001_d_0000397.jpg,6,13,8.83,0.0,0.0,0
0000271_05001_d_0000397.jpg,14,23,17.94,0.0,0.0,0
0000271_05001_d_0000397.jpg,12,25,17.32,0.0,0.0,0
0000271_05001_d_0000397.jpg,6,15,9.49,0.0,0.0,0
0000271_05201_d_0000398.jpg,9,24,14.7,0.9024,0.2813,1
0000271_05201_d_0000398.jpg,14,32,21.17,0.9019,0.181,1
0000271_05201_d_0000398.jpg,19,49,30.51,0.7361,0.4257,1
0000271_05201_d_0000398.jpg,25,48,34.64,0.0,0.0,0
0000271_05201_d_0000398.jpg,26,47,34.96,0.7796,0.1793,1
0000271_05201_d_0000398.jpg,24,47,33.59,0.1952,0.3316,0
0000271_05201_d_0000398.jpg,7,20,11.83,0.0,0.0,0
0000271_05201_d_0000398.jpg,8,21,12.96,0.0,0.0,0
0000271_05201_d_0000398.jpg,8,16,11.31,0.0,0.0,0
0000271_05201_d_0000398.jpg,9,22,14.07,0.6007,0.1899,1
0000271_05201_d_0000398.jpg,15,25,19.36,0.6722,0.2494,1
0000271_05401_d_0000399.jpg,18,42,27.5,0.8874,0.7363,1
0000271_05401_d_0000399.jpg,13,24,17.66,0.7568,0.4682,1
0000271_05401_d_0000399.jpg,8,25,14.14,0.3828,0.1733,0
0000271_05401_d_0000399.jpg,6,18,10.39,0.0,0.0,0
0000271_05401_d_0000399.jpg,6,18,10.39,0.0,0.0,0
0000271_05401_d_0000399.jpg,5,17,9.22,0.0,0.0,0
0000271_05401_d_0000399.jpg,5,17,9.22,0.0,0.0,0
0000271_05401_d_0000399.jpg,4,17,8.25,0.0,0.0,0
0000271_05401_d_0000399.jpg,11,32,18.76,0.0,0.0,0
0000271_05401_d_0000399.jpg,13,28,19.08,0.0,0.0,0
0000271_05401_d_0000399.jpg,6,19,10.68,0.0,0.0,0
0000271_05401_d_0000399.jpg,7,19,11.53,0.0,0.0,0
0000271_05401_d_0000399.jpg,10,15,12.25,0.0,0.0,0
0000271_05401_d_0000399.jpg,3,12,6.0,0.0,0.0,0
0000271_05601_d_0000400.jpg,15,26,19.75,0.0,0.0,0
0000271_05601_d_0000400.jpg,17,34,24.04,0.0,0.0,0
0000271_05601_d_0000400.jpg,8,27,14.7,0.6433,0.4933,1
0000271_05601_d_0000400.jpg,10,21,14.49,0.6756,0.3911,1
0000271_05601_d_0000400.jpg,9,24,14.7,0.5621,0.2732,1
0000271_05601_d_0000400.jpg,8,25,14.14,0.6061,0.1564,1
0000271_05601_d_0000400.jpg,8,16,11.31,0.545,0.1845,1
0000271_05601_d_0000400.jpg,8,13,10.2,0.0,0.0,0
0000271_05601_d_0000400.jpg,6,19,10.68,0.0,0.0,0
0000271_05601_d_0000400.jpg,7,11,8.77,0.0,0.0,0
0000271_05601_d_0000400.jpg,6,12,8.49,0.0,0.0,0
0000271_05801_d_0000401.jpg,21,33,26.32,0.7462,0.5986,1
0000271_05801_d_0000401.jpg,22,45,31.46,0.9089,0.7098,1
0000271_05801_d_0000401.jpg,18,45,28.46,0.7787,0.4701,1
0000271_05801_d_0000401.jpg,18,45,28.46,0.4093,0.165,0
0000271_05801_d_0000401.jpg,11,31,18.47,0.0,0.0,0
0000271_05801_d_0000401.jpg,11,23,15.91,0.6424,0.5661,1
0000271_05801_d_0000401.jpg,6,13,8.83,0.0,0.0,0
0000271_05801_d_0000401.jpg,6,16,9.8,0.0,0.0,0
0000271_05801_d_0000401.jpg,8,16,11.31,0.0,0.0,0
0000271_05801_d_0000401.jpg,6,14,9.17,0.0,0.0,0
0000271_05801_d_0000401.jpg,7,17,10.91,0.0,0.0,0
0000271_05801_d_0000401.jpg,10,16,12.65,0.0,0.0,0
0000271_05801_d_0000401.jpg,9,14,11.22,0.0,0.0,0
0000271_06001_d_0000402.jpg,13,32,20.4,0.0,0.0,0
0000271_06001_d_0000402.jpg,5,17,9.22,0.0,0.0,0
0000271_06001_d_0000402.jpg,4,16,8.0,0.0,0.0,0
0000271_06001_d_0000402.jpg,5,13,8.06,0.0,0.0,0
0000271_06001_d_0000402.jpg,5,15,8.66,0.0,0.0,0
0000271_06001_d_0000402.jpg,8,19,12.33,0.0,0.0,0
0000271_06001_d_0000402.jpg,5,21,10.25,0.3139,0.2166,0
0000271_06001_d_0000402.jpg,7,21,12.12,0.4985,0.2012,0
0000271_06001_d_0000402.jpg,6,18,10.39,0.0,0.0,0
0000271_06001_d_0000402.jpg,6,19,10.68,0.5882,0.2217,1
0000271_06001_d_0000402.jpg,4,21,9.17,0.0,0.0,0
0000271_06001_d_0000402.jpg,6,17,10.1,0.0,0.0,0
0000271_06001_d_0000402.jpg,19,41,27.91,0.5585,0.6882,1
0000271_06001_d_0000402.jpg,19,40,27.57,0.5328,0.7018,1
0000271_06001_d_0000402.jpg,16,39,24.98,0.9218,0.6796,1
0000271_06001_d_0000402.jpg,17,38,25.42,0.6488,0.5178,1
0000271_06001_d_0000402.jpg,15,38,23.87,0.7811,0.5061,1
0000271_06001_d_0000402.jpg,14,31,20.83,0.8769,0.5829,1
0000271_06001_d_0000402.jpg,9,25,15.0,0.0,0.0,0
0000271_06001_d_0000402.jpg,9,23,14.39,0.0,0.0,0
0000271_06001_d_0000402.jpg,9,22,14.07,0.6907,0.1634,1
0000271_06001_d_0000402.jpg,7,19,11.53,0.7267,0.3491,1
0000271_06001_d_0000402.jpg,7,14,9.9,0.0,0.0,0
0000271_06001_d_0000402.jpg,6,16,9.8,0.0,0.0,0
0000271_06001_d_0000402.jpg,5,14,8.37,0.0,0.0,0
0000271_06001_d_0000402.jpg,12,28,18.33,0.0,0.0,0
0000271_06001_d_0000402.jpg,8,24,13.86,0.0,0.0,0
0000271_06201_d_0000403.jpg,18,40,26.83,0.8849,0.4485,1
0000271_06201_d_0000403.jpg,11,32,18.76,0.7178,0.4205,1
0000271_06201_d_0000403.jpg,9,33,17.23,0.5532,0.2411,1
0000271_06201_d_0000403.jpg,11,34,19.34,0.7634,0.2035,1
0000271_06201_d_0000403.jpg,14,28,19.8,0.7156,0.5168,1
0000271_06201_d_0000403.jpg,10,28,16.73,0.8336,0.2457,1
0000271_06201_d_0000403.jpg,6,10,7.75,0.0,0.0,0
0000271_06201_d_0000403.jpg,8,17,11.66,0.0,0.0,0
0000271_06201_d_0000403.jpg,16,37,24.33,0.0,0.0,0
0000271_06201_d_0000403.jpg,12,30,18.97,0.0,0.0,0
0000271_06201_d_0000403.jpg,14,34,21.82,0.0,0.0,0
0000271_06201_d_0000403.jpg,10,32,17.89,0.0,0.0,0
0000271_06201_d_0000403.jpg,19,45,29.24,0.8115,0.3289,1
0000271_06201_d_0000403.jpg,20,38,27.57,0.0498,0.4418,0
0000271_06201_d_0000403.jpg,10,22,14.83,0.0,0.0,0
0000271_06201_d_0000403.jpg,9,24,14.7,0.0,0.0,0
0000271_06201_d_0000403.jpg,7,18,11.22,0.3726,0.3606,0
0000271_06201_d_0000403.jpg,7,17,10.91,0.0,0.0,0
0000271_06201_d_0000403.jpg,6,15,9.49,0.0,0.0,0
0000271_06201_d_0000403.jpg,6,17,10.1,0.0,0.0,0
0000271_06201_d_0000403.jpg,6,16,9.8,0.0,0.0,0
0000271_06201_d_0000403.jpg,7,17,10.91,0.0,0.0,0
0000271_06201_d_0000403.jpg,7,16,10.58,0.0,0.0,0
0000271_06201_d_0000403.jpg,5,17,9.22,0.0,0.0,0
0000271_06201_d_0000403.jpg,5,17,9.22,0.0,0.0,0
0000271_06201_d_0000403.jpg,8,16,11.31,0.0,0.0,0
0000271_06201_d_0000403.jpg,5,11,7.42,0.0,0.0,0
0000271_06201_d_0000403.jpg,7,15,10.25,0.0,0.0,0
0000271_06401_d_0000404.jpg,8,20,12.65,0.0,0.0,0
0000271_06401_d_0000404.jpg,8,17,11.66,0.0,0.0,0
0000271_06401_d_0000404.jpg,8,19,12.33,0.0,0.0,0
0000271_06401_d_0000404.jpg,10,27,16.43,0.8939,0.3066,1
0000271_06401_d_0000404.jpg,10,24,15.49,0.8647,0.3848,1
0000271_06401_d_0000404.jpg,8,23,13.56,0.7514,0.2455,1
0000271_06401_d_0000404.jpg,14,28,19.8,0.5221,0.3331,1
0000271_06401_d_0000404.jpg,11,24,16.25,0.7343,0.2485,1
0000271_06401_d_0000404.jpg,8,20,12.65,0.0,0.0,0
0000271_06401_d_0000404.jpg,8,12,9.8,0.0,0.0,0
0000271_06401_d_0000404.jpg,5,13,8.06,0.0,0.0,0
0000271_06401_d_0000404.jpg,10,21,14.49,0.0,0.0,0
0000271_06401_d_0000404.jpg,11,11,11.0,0.0,0.0,0
0000271_06401_d_0000404.jpg,13,28,19.08,0.0,0.0,0
0000271_06401_d_0000404.jpg,13,39,22.52,0.8402,0.4435,1
0000271_06401_d_0000404.jpg,13,36,21.63,0.8001,0.7266,1
0000271_06401_d_0000404.jpg,5,15,8.66,0.0,0.0,0
0000271_06401_d_0000404.jpg,5,13,8.06,0.0,0.0,0
0000271_06401_d_0000404.jpg,5,14,8.37,0.0,0.0,0
0000271_06401_d_0000404.jpg,8,16,11.31,0.0,0.0,0
0000271_06401_d_0000404.jpg,7,15,10.25,0.0,0.0,0
0000271_06401_d_0000404.jpg,8,19,12.33,0.0,0.0,0
0000271_06601_d_0000405.jpg,33,48,39.8,0.0,0.0,0
0000271_06601_d_0000405.jpg,18,38,26.15,0.7242,0.5517,1
0000271_06601_d_0000405.jpg,17,36,24.74,0.8026,0.573,1
0000271_06601_d_0000405.jpg,16,37,24.33,0.7706,0.225,1
0000271_06601_d_0000405.jpg,16,32,22.63,0.0,0.0,0
0000271_06601_d_0000405.jpg,11,31,18.47,0.0,0.0,0
0000271_06601_d_0000405.jpg,15,21,17.75,0.4194,0.1534,0
0000271_06601_d_0000405.jpg,10,21,14.49,0.0,0.0,0
0000271_06601_d_0000405.jpg,9,15,11.62,0.0,0.0,0
0000271_06601_d_0000405.jpg,12,22,16.25,0.0,0.0,0
0000271_06601_d_0000405.jpg,11,21,15.2,0.0,0.0,0
0000271_06601_d_0000405.jpg,8,21,12.96,0.0,0.0,0
0000271_06601_d_0000405.jpg,21,25,22.91,0.0,0.0,0
0000271_06601_d_0000405.jpg,10,27,16.43,0.0,0.0,0
0000271_06601_d_0000405.jpg,10,20,14.14,0.0,0.0,0
0000271_06601_d_0000405.jpg,9,24,14.7,0.2598,0.2151,0
0000271_06601_d_0000405.jpg,9,23,14.39,0.7031,0.176,1
0000271_06601_d_0000405.jpg,11,24,16.25,0.8592,0.2061,1
0000271_06601_d_0000405.jpg,10,20,14.14,0.0,0.0,0
0000271_06601_d_0000405.jpg,9,27,15.59,0.887,0.2216,1
0000271_06601_d_0000405.jpg,11,23,15.91,0.0,0.0,0
0000271_06601_d_0000405.jpg,8,18,12.0,0.0,0.0,0
0000271_06801_d_0000406.jpg,21,42,29.7,0.8924,0.6256,1
0000271_06801_d_0000406.jpg,19,39,27.22,0.8752,0.5787,1
0000271_06801_d_0000406.jpg,18,42,27.5,0.8775,0.7479,1
0000271_06801_d_0000406.jpg,18,50,30.0,0.8406,0.6815,1
0000271_06801_d_0000406.jpg,14,34,21.82,0.9045,0.443,1
0000271_06801_d_0000406.jpg,12,35,20.49,0.7287,0.7174,1
0000271_06801_d_0000406.jpg,20,31,24.9,0.7559,0.4443,1
0000271_06801_d_0000406.jpg,18,32,24.0,0.7531,0.2116,1
0000271_06801_d_0000406.jpg,13,23,17.29,0.5093,0.3005,1
0000271_06801_d_0000406.jpg,14,31,20.83,0.3071,0.4157,0
0000271_06801_d_0000406.jpg,15,42,25.1,0.7165,0.4422,1
0000271_06801_d_0000406.jpg,12,23,16.61,0.0,0.0,0
0000271_06801_d_0000406.jpg,10,23,15.17,0.0,0.0,0
0000271_06801_d_0000406.jpg,9,16,12.0,0.8021,0.2599,1
0000271_06801_d_0000406.jpg,9,17,12.37,0.0,0.0,0
0000271_06801_d_0000406.jpg,9,21,13.75,0.0,0.0,0
0000271_06801_d_0000406.jpg,12,20,15.49,0.4496,0.3788,0
0000271_06801_d_0000406.jpg,15,23,18.57,0.0,0.0,0
0000271_06801_d_0000406.jpg,12,21,15.87,0.0,0.0,0
0000271_06801_d_0000406.jpg,7,14,9.9,0.0,0.0,0
0000271_06801_d_0000406.jpg,5,10,7.07,0.0,0.0,0
0000271_06801_d_0000406.jpg,4,12,6.93,0.0,0.0,0
0000271_06801_d_0000406.jpg,7,14,9.9,0.0,0.0,0
0000271_06801_d_0000406.jpg,14,19,16.31,0.0,0.0,0
0000271_07001_d_0000407.jpg,14,32,21.17,0.8027,0.6907,1
0000271_07001_d_0000407.jpg,11,28,17.55,0.5136,0.7042,1
0000271_07001_d_0000407.jpg,11,28,17.55,0.5205,0.6482,1
0000271_07001_d_0000407.jpg,14,31,20.83,0.0,0.0,0
0000271_07001_d_0000407.jpg,16,30,21.91,0.6679,0.2601,1
0000271_07001_d_0000407.jpg,15,30,21.21,0.0,0.0,0
0000271_07001_d_0000407.jpg,16,27,20.78,0.0,0.0,0
0000271_07001_d_0000407.jpg,11,43,21.75,0.9335,0.4065,1
0000271_07001_d_0000407.jpg,16,47,27.42,0.7531,0.5603,1
0000271_07001_d_0000407.jpg,19,50,30.82,0.8615,0.6181,1
0000271_07001_d_0000407.jpg,19,45,29.24,0.5127,0.7041,1
0000271_07001_d_0000407.jpg,7,19,11.53,0.0,0.0,0
0000271_07001_d_0000407.jpg,8,20,12.65,0.0,0.0,0
0000271_07001_d_0000407.jpg,7,16,10.58,0.0,0.0,0
0000271_07001_d_0000407.jpg,7,16,10.58,0.0,0.0,0
0000271_07001_d_0000407.jpg,6,16,9.8,0.0,0.0,0
0000271_07001_d_0000407.jpg,5,14,8.37,0.0,0.0,0
0000271_07001_d_0000407.jpg,10,15,12.25,0.0,0.0,0
0000271_07001_d_0000407.jpg,9,21,13.75,0.0,0.0,0
0000271_07001_d_0000407.jpg,10,21,14.49,0.0,0.0,0
0000271_07001_d_0000407.jpg,7,17,10.91,0.0,0.0,0
0000271_07001_d_0000407.jpg,6,15,9.49,0.0,0.0,0
0000271_07001_d_0000407.jpg,9,20,13.42,0.0,0.0,0
0000271_07001_d_0000407.jpg,8,21,12.96,0.0,0.0,0
0000271_07001_d_0000407.jpg,6,22,11.49,0.0,0.0,0
0000271_07001_d_0000407.jpg,8,18,12.0,0.0,0.0,0
0000271_07001_d_0000407.jpg,4,12,6.93,0.0,0.0,0
0000271_07001_d_0000407.jpg,5,11,7.42,0.0,0.0,0
0000271_07001_d_0000407.jpg,5,15,8.66,0.0,0.0,0
0000271_07001_d_0000407.jpg,5,16,8.94,0.0,0.0,0
0000271_07001_d_0000407.jpg,6,15,9.49,0.0,0.0,0
0000271_07001_d_0000407.jpg,5,14,8.37,0.0,0.0,0
0000271_07201_d_0000408.jpg,20,36,26.83,0.8976,0.6262,1
0000271_07201_d_0000408.jpg,17,41,26.4,0.1154,0.167,0
0000271_07201_d_0000408.jpg,20,34,26.08,0.0,0.0,0
0000271_07201_d_0000408.jpg,11,21,15.2,0.5993,0.2665,1
0000271_07201_d_0000408.jpg,10,21,14.49,0.0,0.0,0
0000271_07201_d_0000408.jpg,7,19,11.53,0.0,0.0,0
0000271_07201_d_0000408.jpg,11,21,15.2,0.0,0.0,0
0000271_07201_d_0000408.jpg,10,18,13.42,0.0,0.0,0
0000271_07201_d_0000408.jpg,7,19,11.53,0.0,0.0,0
0000271_07201_d_0000408.jpg,10,19,13.78,0.0,0.0,0
0000271_07201_d_0000408.jpg,8,18,12.0,0.0,0.0,0
0000271_07201_d_0000408.jpg,13,18,15.3,0.0,0.0,0
0000271_07201_d_0000408.jpg,7,18,11.22,0.0,0.0,0
0000271_07201_d_0000408.jpg,7,19,11.53,0.0,0.0,0
0000271_07201_d_0000408.jpg,9,18,12.73,0.0,0.0,0
0000271_07201_d_0000408.jpg,7,21,12.12,0.0,0.0,0
0000271_07201_d_0000408.jpg,10,16,12.65,0.4513,0.3851,0
0000271_07401_d_0000409.jpg,12,30,18.97,0.0,0.0,0
0000271_07401_d_0000409.jpg,9,23,14.39,0.0,0.0,0
0000271_07401_d_0000409.jpg,8,24,13.86,0.0,0.0,0
0000271_07401_d_0000409.jpg,5,25,11.18,0.538,0.2143,1
0000271_07401_d_0000409.jpg,7,21,12.12,0.0,0.0,0
0000271_07401_d_0000409.jpg,10,13,11.4,0.0,0.0,0
0000271_07401_d_0000409.jpg,9,20,13.42,0.6017,0.1845,1
0000271_07401_d_0000409.jpg,5,13,8.06,0.0,0.0,0
0000271_07401_d_0000409.jpg,9,14,11.22,0.0,0.0,0
0000273_05601_d_0000466.jpg,16,55,29.66,0.898,0.6332,1
0000276_00001_d_0000507.jpg,11,27,17.23,0.8184,0.6612,1
0000276_00001_d_0000507.jpg,11,29,17.86,0.8933,0.5143,1
0000276_00001_d_0000507.jpg,11,29,17.86,0.7357,0.2484,1
0000276_00001_d_0000507.jpg,11,27,17.23,0.7452,0.4832,1
0000276_00001_d_0000507.jpg,13,27,18.73,0.7417,0.5283,1
0000276_00001_d_0000507.jpg,13,35,21.33,0.8116,0.5571,1
0000276_00001_d_0000507.jpg,12,21,15.87,0.5588,0.1912,1
0000276_00001_d_0000507.jpg,11,31,18.47,0.6242,0.39,1
0000276_00001_d_0000507.jpg,34,36,34.99,0.5235,0.1862,1
0000276_00001_d_0000507.jpg,21,38,28.25,0.0,0.0,0
0000276_00001_d_0000507.jpg,12,31,19.29,0.3696,0.2022,0
0000276_00001_d_0000507.jpg,15,15,15.0,0.0,0.0,0
0000276_00001_d_0000507.jpg,6,20,10.95,0.0,0.0,0
0000276_00001_d_0000507.jpg,3,11,5.74,0.0,0.0,0
0000276_00001_d_0000507.jpg,9,28,15.87,0.8077,0.4618,1
0000276_00001_d_0000507.jpg,8,20,12.65,0.5079,0.3783,1
0000276_00001_d_0000507.jpg,6,20,10.95,0.4093,0.3109,0
0000276_00001_d_0000507.jpg,8,22,13.27,0.4415,0.2682,0
0000276_00001_d_0000507.jpg,8,24,13.86,0.4125,0.2234,0
0000276_00001_d_0000507.jpg,7,24,12.96,0.5981,0.1797,1
0000276_00001_d_0000507.jpg,5,19,9.75,0.0,0.0,0
0000276_00001_d_0000507.jpg,5,18,9.49,0.0,0.0,0
0000276_00001_d_0000507.jpg,5,19,9.75,0.0,0.0,0
0000276_00001_d_0000507.jpg,6,14,9.17,0.0,0.0,0
0000276_00001_d_0000507.jpg,5,14,8.37,0.0,0.0,0
0000276_00001_d_0000507.jpg,7,19,11.53,0.0,0.0,0
0000276_00001_d_0000507.jpg,4,14,7.48,0.0,0.0,0
0000276_00001_d_0000507.jpg,8,17,11.66,0.0,0.0,0
0000276_00401_d_0000509.jpg,18,36,25.46,0.0,0.0,0
0000276_00401_d_0000509.jpg,16,36,24.0,0.8318,0.5346,1
0000276_00401_d_0000509.jpg,20,53,32.56,0.7041,0.5344,1
0000276_00401_d_0000509.jpg,17,33,23.69,0.709,0.1659,1
0000276_00401_d_0000509.jpg,13,17,14.87,0.1079,0.552,0
0000276_00401_d_0000509.jpg,20,43,29.33,0.4035,0.1594,0
0000276_00401_d_0000509.jpg,14,35,22.14,0.8919,0.7526,1
0000276_00401_d_0000509.jpg,11,35,19.62,0.801,0.6062,1
0000276_00401_d_0000509.jpg,15,34,22.58,0.0,0.0,0
0000276_00401_d_0000509.jpg,11,33,19.05,0.0,0.0,0
0000276_00401_d_0000509.jpg,9,26,15.3,0.6493,0.7179,1
0000276_00401_d_0000509.jpg,11,25,16.58,0.5634,0.6035,1
0000276_00401_d_0000509.jpg,9,24,14.7,0.0,0.0,0
0000276_00401_d_0000509.jpg,8,14,10.58,0.0,0.0,0
0000276_00401_d_0000509.jpg,7,15,10.25,0.0,0.0,0
0000276_00401_d_0000509.jpg,4,15,7.75,0.0947,0.2304,0
0000276_00401_d_0000509.jpg,3,6,4.24,0.0,0.0,0
0000276_00401_d_0000509.jpg,5,11,7.42,0.0,0.0,0
0000276_00401_d_0000509.jpg,4,12,6.93,0.0,0.0,0
0000276_00401_d_0000509.jpg,3,9,5.2,0.0,0.0,0
0000276_00401_d_0000509.jpg,5,11,7.42,0.0,0.0,0
0000276_00601_d_0000510.jpg,6,10,7.75,0.0,0.0,0
0000276_00601_d_0000510.jpg,5,11,7.42,0.0,0.0,0
0000276_00601_d_0000510.jpg,7,12,9.17,0.0,0.0,0
0000276_00601_d_0000510.jpg,7,17,10.91,0.0,0.0,0
0000276_00601_d_0000510.jpg,7,15,10.25,0.0,0.0,0
0000276_00601_d_0000510.jpg,6,18,10.39,0.0,0.0,0
0000276_00601_d_0000510.jpg,4,15,7.75,0.0,0.0,0
0000276_00601_d_0000510.jpg,4,18,8.49,0.0,0.0,0
0000276_00601_d_0000510.jpg,8,20,12.65,0.0,0.0,0
0000276_00601_d_0000510.jpg,15,38,23.87,0.869,0.375,1
0000276_00601_d_0000510.jpg,15,38,23.87,0.0592,0.6592,0
0000276_00601_d_0000510.jpg,16,48,27.71,0.8425,0.6131,1
0000276_01001_d_0000512.jpg,10,20,14.14,0.0,0.0,0
0000276_01001_d_0000512.jpg,9,30,16.43,0.747,0.1751,1
0000276_01001_d_0000512.jpg,9,28,15.87,0.0,0.0,0
0000276_01001_d_0000512.jpg,9,20,13.42,0.1732,0.2937,0
0000276_01001_d_0000512.jpg,12,32,19.6,0.2673,0.2434,0
0000276_01001_d_0000512.jpg,17,43,27.04,0.851,0.6128,1
0000276_01001_d_0000512.jpg,16,31,22.27,0.8078,0.354,1
0000276_01001_d_0000512.jpg,15,52,27.93,0.6145,0.262,1
0000276_01201_d_0000513.jpg,17,37,25.08,0.0,0.0,0
0000276_01201_d_0000513.jpg,7,20,11.83,0.0,0.0,0
0000276_01201_d_0000513.jpg,7,21,12.12,0.0,0.0,0
0000276_01201_d_0000513.jpg,6,19,10.68,0.0,0.0,0
0000276_01201_d_0000513.jpg,6,12,8.49,0.0,0.0,0
0000276_01201_d_0000513.jpg,4,8,5.66,0.0,0.0,0
0000276_01201_d_0000513.jpg,4,10,6.32,0.0,0.0,0
0000276_01401_d_0000514.jpg,16,44,26.53,0.0,0.0,0
0000276_01401_d_0000514.jpg,15,41,24.8,0.837,0.181,1
0000276_01401_d_0000514.jpg,14,48,25.92,0.0,0.0,0
0000276_01401_d_0000514.jpg,3,11,5.74,0.0,0.0,0
0000276_01401_d_0000514.jpg,4,9,6.0,0.0,0.0,0
0000276_01801_d_0000516.jpg,10,19,13.78,0.0,0.0,0
0000276_01801_d_0000516.jpg,4,13,7.21,0.0,0.0,0
0000276_02001_d_0000517.jpg,7,20,11.83,0.0,0.0,0
0000276_02001_d_0000517.jpg,7,22,12.41,0.0,0.0,0
0000276_02201_d_0000518.jpg,11,22,15.56,0.6596,0.5737,1
0000276_02201_d_0000518.jpg,8,18,12.0,0.0,0.0,0
0000276_02201_d_0000518.jpg,4,8,5.66,0.0,0.0,0
0000276_02201_d_0000518.jpg,4,16,8.0,0.0,0.0,0
0000276_02401_d_0000519.jpg,5,16,8.94,0.0,0.0,0
0000276_02401_d_0000519.jpg,4,15,7.75,0.0,0.0,0
0000276_02401_d_0000519.jpg,6,15,9.49,0.0,0.0,0
0000276_02401_d_0000519.jpg,3,9,5.2,0.0,0.0,0
0000276_02601_d_0000520.jpg,10,22,14.83,0.0,0.0,0
0000276_02601_d_0000520.jpg,8,21,12.96,0.0,0.0,0
0000276_02801_d_0000521.jpg,19,33,25.04,0.0,0.0,0
0000276_02801_d_0000521.jpg,6,19,10.68,0.0,0.0,0
0000276_02801_d_0000521.jpg,5,16,8.94,0.0,0.0,0
0000276_02801_d_0000521.jpg,7,16,10.58,0.0,0.0,0
0000276_02801_d_0000521.jpg,8,12,9.8,0.0,0.0,0
0000276_02801_d_0000521.jpg,7,10,8.37,0.0,0.0,0
0000276_02801_d_0000521.jpg,7,8,7.48,0.0,0.0,0
0000276_03001_d_0000522.jpg,4,10,6.32,0.0,0.0,0
0000276_03001_d_0000522.jpg,4,10,6.32,0.0,0.0,0
0000276_03001_d_0000522.jpg,4,9,6.0,0.0,0.0,0
0000276_03001_d_0000522.jpg,5,12,7.75,0.0,0.0,0
0000276_03001_d_0000522.jpg,13,20,16.12,0.628,0.3959,1
0000276_03001_d_0000522.jpg,9,22,14.07,0.0,0.0,0
0000276_03001_d_0000522.jpg,9,24,14.7,0.842,0.1668,1
0000276_03001_d_0000522.jpg,9,22,14.07,0.0,0.0,0
0000276_03201_d_0000523.jpg,9,27,15.59,0.0,0.0,0
0000276_03201_d_0000523.jpg,8,25,14.14,0.0,0.0,0
0000276_03201_d_0000523.jpg,10,27,16.43,0.4372,0.1607,0
0000276_03201_d_0000523.jpg,8,28,14.97,0.0,0.0,0
0000276_03201_d_0000523.jpg,10,22,14.83,0.0,0.0,0
0000276_03201_d_0000523.jpg,11,29,17.86,0.4935,0.217,0
0000276_03201_d_0000523.jpg,11,25,16.58,0.0,0.0,0
0000276_03201_d_0000523.jpg,13,23,17.29,0.0,0.0,0
0000276_03201_d_0000523.jpg,8,31,15.75,0.0,0.0,0
0000276_03201_d_0000523.jpg,4,10,6.32,0.0,0.0,0
0000276_03201_d_0000523.jpg,3,12,6.0,0.0,0.0,0
0000276_03201_d_0000523.jpg,4,11,6.63,0.0,0.0,0
0000276_03201_d_0000523.jpg,3,11,5.74,0.0,0.0,0
0000276_03201_d_0000523.jpg,3,10,5.48,0.0,0.0,0
0000276_03201_d_0000523.jpg,3,14,6.48,0.0,0.0,0
0000276_03201_d_0000523.jpg,4,12,6.93,0.0,0.0,0
0000276_03201_d_0000523.jpg,3,10,5.48,0.0,0.0,0
0000276_03201_d_0000523.jpg,3,11,5.74,0.0,0.0,0
0000276_03201_d_0000523.jpg,4,10,6.32,0.0,0.0,0
0000276_03201_d_0000523.jpg,3,10,5.48,0.0,0.0,0
0000276_03201_d_0000523.jpg,3,10,5.48,0.0,0.0,0
0000276_03201_d_0000523.jpg,4,11,6.63,0.0,0.0,0
0000276_03201_d_0000523.jpg,4,12,6.93,0.0,0.0,0
0000276_03201_d_0000523.jpg,2,11,4.69,0.0,0.0,0
0000276_03201_d_0000523.jpg,3,11,5.74,0.0,0.0,0
0000276_03201_d_0000523.jpg,4,10,6.32,0.0,0.0,0
0000276_03201_d_0000523.jpg,4,8,5.66,0.0,0.0,0
0000276_03401_d_0000524.jpg,3,6,4.24,0.0,0.0,0
0000276_03401_d_0000524.jpg,5,15,8.66,0.0,0.0,0
0000276_03401_d_0000524.jpg,5,15,8.66,0.0,0.0,0
0000276_03401_d_0000524.jpg,7,18,11.22,0.3059,0.1632,0
0000276_03401_d_0000524.jpg,6,18,10.39,0.5271,0.2087,1
0000276_03401_d_0000524.jpg,7,19,11.53,0.0,0.0,0
0000276_03401_d_0000524.jpg,4,16,8.0,0.0,0.0,0
0000276_03401_d_0000524.jpg,5,17,9.22,0.0,0.0,0
0000276_03401_d_0000524.jpg,4,15,7.75,0.0,0.0,0
0000276_03401_d_0000524.jpg,5,16,8.94,0.0,0.0,0
0000276_03401_d_0000524.jpg,5,14,8.37,0.0,0.0,0
0000276_03401_d_0000524.jpg,6,15,9.49,0.0,0.0,0
0000276_03401_d_0000524.jpg,5,15,8.66,0.0,0.0,0
0000276_03401_d_0000524.jpg,5,15,8.66,0.0,0.0,0
0000276_03401_d_0000524.jpg,3,14,6.48,0.0,0.0,0
0000276_03401_d_0000524.jpg,5,15,8.66,0.0,0.0,0
0000276_03401_d_0000524.jpg,5,14,8.37,0.0,0.0,0
0000276_03401_d_0000524.jpg,5,13,8.06,0.0,0.0,0
0000276_03401_d_0000524.jpg,6,13,8.83,0.2666,0.1906,0
0000276_03401_d_0000524.jpg,5,12,7.75,0.0,0.0,0
0000276_03401_d_0000524.jpg,4,13,7.21,0.0,0.0,0
0000276_03601_d_0000525.jpg,15,31,21.56,0.7136,0.5614,1
0000276_03601_d_0000525.jpg,14,32,21.17,0.9386,0.4331,1
0000276_03601_d_0000525.jpg,13,32,20.4,0.5358,0.2712,1
0000276_03601_d_0000525.jpg,9,28,15.87,0.0,0.0,0
0000276_03601_d_0000525.jpg,9,27,15.59,0.0,0.0,0
0000276_03601_d_0000525.jpg,11,27,17.23,0.0,0.0,0
0000276_03601_d_0000525.jpg,9,27,15.59,0.0,0.0,0
0000276_03601_d_0000525.jpg,10,25,15.81,0.0,0.0,0
0000276_03601_d_0000525.jpg,10,25,15.81,0.8214,0.273,1
0000276_03601_d_0000525.jpg,8,22,13.27,0.5619,0.1834,1
0000276_03601_d_0000525.jpg,7,18,11.22,0.3153,0.2706,0
0000276_03601_d_0000525.jpg,6,19,10.68,0.0,0.0,0
0000276_03601_d_0000525.jpg,7,18,11.22,0.0,0.0,0
0000276_03601_d_0000525.jpg,8,25,14.14,0.0,0.0,0
0000276_03601_d_0000525.jpg,9,21,13.75,0.0,0.0,0
0000276_03601_d_0000525.jpg,7,18,11.22,0.6455,0.156,1
0000276_03601_d_0000525.jpg,8,19,12.33,0.0,0.0,0
0000276_03601_d_0000525.jpg,6,20,10.95,0.0,0.0,0
0000276_03601_d_0000525.jpg,8,21,12.96,0.0,0.0,0
0000276_03601_d_0000525.jpg,6,14,9.17,0.0,0.0,0
0000276_03801_d_0000526.jpg,10,28,16.73,0.8096,0.4665,1
0000276_03801_d_0000526.jpg,14,41,23.96,0.737,0.5591,1
0000276_03801_d_0000526.jpg,17,50,29.15,0.8899,0.2879,1
0000276_03801_d_0000526.jpg,20,44,29.66,0.0,0.0,0
0000276_03801_d_0000526.jpg,10,38,19.49,0.0,0.0,0
0000276_03801_d_0000526.jpg,9,17,12.37,0.0,0.0,0
0000276_03801_d_0000526.jpg,16,33,22.98,0.7043,0.2867,1
0000276_03801_d_0000526.jpg,16,34,23.32,0.4376,0.2249,0
0000276_03801_d_0000526.jpg,13,33,20.71,0.5238,0.3514,1
0000276_03801_d_0000526.jpg,17,47,28.27,0.0,0.0,0
0000276_03801_d_0000526.jpg,14,41,23.96,0.0,0.0,0
0000276_03801_d_0000526.jpg,17,45,27.66,0.0,0.0,0
0000276_03801_d_0000526.jpg,14,40,23.66,0.0,0.0,0
0000276_03801_d_0000526.jpg,15,44,25.69,0.0,0.0,0
0000276_03801_d_0000526.jpg,19,58,33.2,0.0,0.0,0
0000276_04001_d_0000527.jpg,8,13,10.2,0.0,0.0,0
0000276_04201_d_0000528.jpg,10,16,12.65,0.0,0.0,0
0000276_04801_d_0000531.jpg,10,19,13.78,0.5265,0.2616,1
0000276_05601_d_0000535.jpg,5,7,5.92,0.0,0.0,0
0000276_05601_d_0000535.jpg,6,8,6.93,0.0,0.0,0
0000276_05801_d_0000536.jpg,19,26,22.23,0.0,0.0,0
0000277_00001_d_0000539.jpg,14,47,25.65,0.7275,0.5161,1
0000277_00001_d_0000539.jpg,11,28,17.55,0.698,0.171,1
0000277_00001_d_0000539.jpg,13,35,21.33,0.9067,0.449,1
0000277_00001_d_0000539.jpg,16,44,26.53,0.8944,0.453,1
0000277_00001_d_0000539.jpg,12,43,22.72,0.0,0.0,0
0000277_00001_d_0000539.jpg,27,50,36.74,0.8437,0.2625,1
0000277_00001_d_0000539.jpg,14,49,26.19,0.5163,0.1942,1
0000277_00001_d_0000539.jpg,17,38,25.42,0.8478,0.3478,1
0000277_00001_d_0000539.jpg,16,39,24.98,0.7218,0.5,1
0000277_00001_d_0000539.jpg,4,6,4.9,0.0,0.0,0
0000277_00001_d_0000539.jpg,2,8,4.0,0.0,0.0,0
0000277_00001_d_0000539.jpg,4,5,4.47,0.0,0.0,0
0000277_00001_d_0000539.jpg,4,13,7.21,0.0,0.0,0
0000277_00001_d_0000539.jpg,3,8,4.9,0.0,0.0,0
0000277_00001_d_0000539.jpg,7,12,9.17,0.0,0.0,0
0000277_00001_d_0000539.jpg,6,17,10.1,0.0,0.0,0
0000277_00001_d_0000539.jpg,5,14,8.37,0.0,0.0,0
0000277_00201_d_0000540.jpg,17,39,25.75,0.4863,0.4574,0
0000277_00201_d_0000540.jpg,7,18,11.22,0.0,0.0,0
0000277_00201_d_0000540.jpg,23,36,28.77,0.0,0.0,0
0000277_00201_d_0000540.jpg,10,18,13.42,0.5402,0.2664,1
0000277_00201_d_0000540.jpg,14,24,18.33,0.7911,0.2853,1
0000277_00201_d_0000540.jpg,10,21,14.49,0.5502,0.1614,1
0000277_00201_d_0000540.jpg,5,10,7.07,0.0,0.0,0
0000277_00201_d_0000540.jpg,6,17,10.1,0.0,0.0,0
0000277_00201_d_0000540.jpg,6,13,8.83,0.0,0.0,0
0000277_00201_d_0000540.jpg,5,8,6.32,0.0,0.0,0
0000277_00201_d_0000540.jpg,4,7,5.29,0.0,0.0,0
0000277_00201_d_0000540.jpg,3,11,5.74,0.0,0.0,0
0000277_00401_d_0000541.jpg,35,73,50.55,0.7397,0.3123,1
0000277_00401_d_0000541.jpg,16,33,22.98,0.6957,0.5128,1
0000277_00401_d_0000541.jpg,15,28,20.49,0.0,0.0,0
0000277_00401_d_0000541.jpg,17,35,24.39,0.0,0.0,0
0000277_00401_d_0000541.jpg,13,37,21.93,0.2957,0.1714,0
0000277_00401_d_0000541.jpg,19,42,28.25,0.0,0.0,0
0000277_00401_d_0000541.jpg,15,35,22.91,0.0,0.0,0
0000277_00401_d_0000541.jpg,10,25,15.81,0.0,0.0,0
0000277_00401_d_0000541.jpg,16,47,27.42,0.6051,0.3035,1
0000277_00401_d_0000541.jpg,23,50,33.91,0.0,0.0,0
0000277_00401_d_0000541.jpg,18,43,27.82,0.0,0.0,0
0000277_00401_d_0000541.jpg,16,45,26.83,0.0,0.0,0
0000277_00401_d_0000541.jpg,19,52,31.43,0.0,0.0,0
0000277_00401_d_0000541.jpg,26,38,31.43,0.0,0.0,0
0000277_00401_d_0000541.jpg,19,41,27.91,0.0,0.0,0
0000277_00401_d_0000541.jpg,18,34,24.74,0.0,0.0,0
0000277_00401_d_0000541.jpg,6,21,11.22,0.0,0.0,0
0000277_00401_d_0000541.jpg,8,19,12.33,0.0,0.0,0
0000277_00401_d_0000541.jpg,4,10,6.32,0.0,0.0,0
0000277_00401_d_0000541.jpg,4,7,5.29,0.0,0.0,0
0000277_00401_d_0000541.jpg,4,6,4.9,0.0,0.0,0
0000277_00401_d_0000541.jpg,5,12,7.75,0.0,0.0,0
0000277_00401_d_0000541.jpg,4,12,6.93,0.0,0.0,0
0000277_00401_d_0000541.jpg,7,15,10.25,0.0,0.0,0
0000277_00401_d_0000541.jpg,5,12,7.75,0.0,0.0,0
0000277_00401_d_0000541.jpg,18,34,24.74,0.5706,0.4168,1
0000277_00401_d_0000541.jpg,23,35,28.37,0.8417,0.3323,1
0000277_00401_d_0000541.jpg,14,22,17.55,0.0,0.0,0
0000277_00401_d_0000541.jpg,10,23,15.17,0.0,0.0,0
0000277_00401_d_0000541.jpg,8,14,10.58,0.0,0.0,0
0000277_00401_d_0000541.jpg,9,15,11.62,0.0,0.0,0
0000277_00401_d_0000541.jpg,5,13,8.06,0.0,0.0,0
0000277_00401_d_0000541.jpg,6,13,8.83,0.0,0.0,0
0000277_00401_d_0000541.jpg,5,14,8.37,0.0,0.0,0
0000277_00401_d_0000541.jpg,3,6,4.24,0.0,0.0,0
0000277_00401_d_0000541.jpg,3,8,4.9,0.0,0.0,0
0000277_00401_d_0000541.jpg,5,9,6.71,0.0,0.0,0
0000277_00401_d_0000541.jpg,3,9,5.2,0.0,0.0,0
0000277_00401_d_0000541.jpg,4,9,6.0,0.0,0.0,0
0000277_01401_d_0000546.jpg,29,67,44.08,0.8546,0.7897,1
0000277_01401_d_0000546.jpg,28,52,38.16,0.8787,0.2058,1
0000277_01401_d_0000546.jpg,26,60,39.5,0.7917,0.7539,1
0000277_01401_d_0000546.jpg,14,51,26.72,0.8454,0.3689,1
0000277_01401_d_0000546.jpg,5,13,8.06,0.0,0.0,0
0000277_01401_d_0000546.jpg,5,7,5.92,0.0,0.0,0
0000277_01401_d_0000546.jpg,5,9,6.71,0.0,0.0,0
0000277_01401_d_0000546.jpg,5,12,7.75,0.0,0.0,0
0000277_01401_d_0000546.jpg,3,17,7.14,0.0,0.0,0
0000277_01401_d_0000546.jpg,7,24,12.96,0.0,0.0,0
0000277_01401_d_0000546.jpg,15,45,25.98,0.8285,0.7515,1
0000277_01401_d_0000546.jpg,15,46,26.27,0.8924,0.7638,1
0000277_01401_d_0000546.jpg,17,28,21.82,0.8037,0.4064,1
0000277_01401_d_0000546.jpg,22,40,29.66,0.0,0.0,0
0000277_01401_d_0000546.jpg,32,48,39.19,0.4184,0.2722,0
0000277_01401_d_0000546.jpg,27,57,39.23,0.0,0.0,0
0000277_01401_d_0000546.jpg,21,43,30.05,0.0,0.0,0
0000277_01601_d_0000547.jpg,7,20,11.83,0.0,0.0,0
0000277_01601_d_0000547.jpg,10,22,14.83,0.0,0.0,0
0000277_01601_d_0000547.jpg,4,12,6.93,0.0,0.0,0
0000277_01601_d_0000547.jpg,6,25,12.25,0.0,0.0,0
0000277_01601_d_0000547.jpg,6,23,11.75,0.0,0.0,0
0000277_01601_d_0000547.jpg,17,49,28.86,0.6397,0.7575,1
0000277_01601_d_0000547.jpg,20,51,31.94,0.8471,0.6889,1
0000277_01601_d_0000547.jpg,14,56,28.0,0.5778,0.6895,1
0000277_01601_d_0000547.jpg,25,55,37.08,0.5773,0.3718,1
0000277_01601_d_0000547.jpg,28,51,37.79,0.6453,0.7049,1
0000277_01601_d_0000547.jpg,56,94,72.55,0.9517,0.7648,1
0000277_01601_d_0000547.jpg,10,21,14.49,0.0,0.0,0
0000277_01601_d_0000547.jpg,11,35,19.62,0.0,0.0,0
0000277_01601_d_0000547.jpg,13,40,22.8,0.9113,0.5888,1
0000277_01801_d_0000548.jpg,27,33,29.85,0.4684,0.3994,0
0000277_01801_d_0000548.jpg,11,22,15.56,0.1577,0.3453,0
0000277_01801_d_0000548.jpg,25,34,29.15,0.7001,0.3578,1
0000277_01801_d_0000548.jpg,15,25,19.36,0.1235,0.3644,0
0000277_01801_d_0000548.jpg,7,22,12.41,0.0,0.0,0
0000277_01801_d_0000548.jpg,19,33,25.04,0.792,0.4339,1
0000277_01801_d_0000548.jpg,14,22,17.55,0.0,0.0,0
0000277_01801_d_0000548.jpg,32,36,33.94,0.575,0.3499,1
0000277_01801_d_0000548.jpg,25,49,35.0,0.7588,0.7075,1
0000277_01801_d_0000548.jpg,19,49,30.51,0.9335,0.7086,1
0000277_01801_d_0000548.jpg,22,54,34.47,0.6266,0.7121,1
0000277_01801_d_0000548.jpg,18,43,27.82,0.0,0.0,0
0000277_01801_d_0000548.jpg,22,50,33.17,0.5669,0.4637,1
0000277_01801_d_0000548.jpg,9,30,16.43,0.0,0.0,0
0000277_01801_d_0000548.jpg,20,33,25.69,0.5172,0.4881,1
0000277_01801_d_0000548.jpg,16,35,23.66,0.848,0.3979,1
0000277_01801_d_0000548.jpg,15,37,23.56,0.0,0.0,0
0000277_01801_d_0000548.jpg,14,35,22.14,0.8135,0.5838,1
0000277_01801_d_0000548.jpg,13,17,14.87,0.0,0.0,0
0000277_01801_d_0000548.jpg,11,23,15.91,0.0,0.0,0
0000277_01801_d_0000548.jpg,7,20,11.83,0.0,0.0,0
0000277_01801_d_0000548.jpg,14,8,10.58,0.0,0.0,0
0000277_01801_d_0000548.jpg,9,21,13.75,0.0,0.0,0
0000277_01801_d_0000548.jpg,6,16,9.8,0.0,0.0,0
0000277_01801_d_0000548.jpg,8,25,14.14,0.0,0.0,0
0000277_01801_d_0000548.jpg,11,25,16.58,0.0,0.0,0
0000277_01801_d_0000548.jpg,5,13,8.06,0.0,0.0,0
0000277_01801_d_0000548.jpg,5,12,7.75,0.0,0.0,0
0000277_02001_d_0000549.jpg,63,92,76.13,0.3329,0.4272,0
0000277_02001_d_0000549.jpg,33,53,41.82,0.4558,0.2361,0
0000277_02001_d_0000549.jpg,46,72,57.55,0.5917,0.6587,1
0000277_02001_d_0000549.jpg,16,41,25.61,0.1881,0.182,0
0000277_02001_d_0000549.jpg,22,51,33.5,0.8901,0.6876,1
0000277_02001_d_0000549.jpg,22,53,34.15,0.7491,0.4592,1
0000277_02001_d_0000549.jpg,23,53,34.91,0.7041,0.5728,1
0000277_02001_d_0000549.jpg,20,59,34.35,0.561,0.55,1
0000277_02001_d_0000549.jpg,20,31,24.9,0.0,0.0,0
0000277_02001_d_0000549.jpg,16,38,24.66,0.0,0.0,0
0000277_02001_d_0000549.jpg,17,38,25.42,0.7529,0.6938,1
0000277_02001_d_0000549.jpg,13,33,20.71,0.0,0.0,0
0000277_02001_d_0000549.jpg,16,33,22.98,0.0257,0.1695,0
0000277_02001_d_0000549.jpg,12,31,19.29,0.0,0.0,0
0000277_02001_d_0000549.jpg,12,28,18.33,0.0,0.0,0
0000277_02001_d_0000549.jpg,11,28,17.55,0.0,0.0,0
0000277_02001_d_0000549.jpg,8,24,13.86,0.0,0.0,0
0000277_02001_d_0000549.jpg,10,21,14.49,0.0,0.0,0
0000277_02001_d_0000549.jpg,25,46,33.91,0.9301,0.6997,1
0000277_02001_d_0000549.jpg,10,28,16.73,0.0,0.0,0
0000277_02001_d_0000549.jpg,7,26,13.49,0.0,0.0,0
0000277_02001_d_0000549.jpg,11,24,16.25,0.0,0.0,0
0000277_02001_d_0000549.jpg,10,20,14.14,0.8378,0.2215,1
0000277_02001_d_0000549.jpg,11,25,16.58,0.0,0.0,0
0000277_02001_d_0000549.jpg,8,13,10.2,0.0035,0.2393,0
0000277_02001_d_0000549.jpg,6,9,7.35,0.0,0.0,0
0000277_02201_d_0000550.jpg,22,51,33.5,0.0,0.0,0
0000277_02201_d_0000550.jpg,20,49,31.3,0.1615,0.3475,0
0000277_02201_d_0000550.jpg,21,41,29.34,0.4376,0.321,0
0000277_02201_d_0000550.jpg,14,35,22.14,0.0,0.0,0
0000277_02201_d_0000550.jpg,10,29,17.03,0.0,0.0,0
0000277_02201_d_0000550.jpg,16,33,22.98,0.0,0.0,0
0000277_02201_d_0000550.jpg,11,23,15.91,0.0,0.0,0
0000277_02201_d_0000550.jpg,6,24,12.0,0.0,0.0,0
0000277_02201_d_0000550.jpg,13,22,16.91,0.7953,0.4376,1
0000277_02201_d_0000550.jpg,10,11,10.49,0.2567,0.2068,0
0000277_02201_d_0000550.jpg,10,14,11.83,0.6303,0.4098,1
0000277_02201_d_0000550.jpg,8,15,10.95,0.0,0.0,0
0000277_02201_d_0000550.jpg,9,11,9.95,0.0,0.0,0
0000277_02401_d_0000551.jpg,16,29,21.54,0.6948,0.2064,1
0000277_02401_d_0000551.jpg,21,38,28.25,0.8095,0.7,1
0000277_02401_d_0000551.jpg,15,33,22.25,0.8316,0.389,1
0000277_02401_d_0000551.jpg,14,27,19.44,0.8381,0.39,1
0000277_02401_d_0000551.jpg,10,25,15.81,0.0,0.0,0
0000277_02401_d_0000551.jpg,10,30,17.32,0.6921,0.7477,1
0000277_02401_d_0000551.jpg,18,30,23.24,0.4943,0.1986,0
0000277_02401_d_0000551.jpg,18,29,22.85,0.5957,0.3523,1
0000277_02401_d_0000551.jpg,6,21,11.22,0.0,0.0,0
0000277_02401_d_0000551.jpg,7,21,12.12,0.0,0.0,0
0000277_02401_d_0000551.jpg,6,17,10.1,0.4416,0.1619,0
0000277_02401_d_0000551.jpg,7,19,11.53,0.5122,0.3376,1
0000277_02401_d_0000551.jpg,10,22,14.83,0.5529,0.2455,1
0000277_02401_d_0000551.jpg,6,13,8.83,0.0,0.0,0
0000277_02401_d_0000551.jpg,33,74,49.42,0.8523,0.7729,1
0000277_02401_d_0000551.jpg,6,14,9.17,0.0,0.0,0
0000277_02401_d_0000551.jpg,5,10,7.07,0.0,0.0,0
0000277_02401_d_0000551.jpg,3,7,4.58,0.0,0.0,0
0000277_02401_d_0000551.jpg,5,16,8.94,0.0,0.0,0
0000277_02401_d_0000551.jpg,6,17,10.1,0.0,0.0,0
0000277_02601_d_0000552.jpg,31,72,47.24,0.9054,0.8112,1
0000277_02601_d_0000552.jpg,21,44,30.4,0.7606,0.2729,1
0000277_02601_d_0000552.jpg,19,26,22.23,0.7683,0.2426,1
0000277_02601_d_0000552.jpg,16,42,25.92,0.8513,0.6321,1
0000277_02601_d_0000552.jpg,18,27,22.05,0.0,0.0,0
0000277_02601_d_0000552.jpg,12,27,18.0,0.0,0.0,0
0000277_02601_d_0000552.jpg,13,33,20.71,0.7495,0.5278,1
0000277_02601_d_0000552.jpg,9,32,16.97,0.0,0.0,0
0000277_02601_d_0000552.jpg,11,37,20.17,0.0,0.0,0
0000277_02601_d_0000552.jpg,12,28,18.33,0.7954,0.5141,1
0000277_02601_d_0000552.jpg,10,27,16.43,0.6064,0.4329,1
0000277_02601_d_0000552.jpg,11,27,17.23,0.6765,0.5442,1
0000277_02601_d_0000552.jpg,6,15,9.49,0.4609,0.1632,0
0000277_02601_d_0000552.jpg,9,14,11.22,0.5113,0.2773,1
0000277_02601_d_0000552.jpg,10,15,12.25,0.2246,0.1646,0
0000277_02601_d_0000552.jpg,8,18,12.0,0.0,0.0,0
0000277_02601_d_0000552.jpg,11,22,15.56,0.0,0.0,0
0000277_02601_d_0000552.jpg,11,16,13.27,0.4112,0.4773,0
0000277_02601_d_0000552.jpg,9,9,9.0,0.0,0.0,0
0000277_02601_d_0000552.jpg,5,15,8.66,0.0,0.0,0
0000277_02601_d_0000552.jpg,8,9,8.49,0.0,0.0,0
0000277_02601_d_0000552.jpg,8,16,11.31,0.0,0.0,0
0000277_02601_d_0000552.jpg,7,15,10.25,0.0,0.0,0
0000277_02601_d_0000552.jpg,4,15,7.75,0.0,0.0,0
0000277_02601_d_0000552.jpg,8,12,9.8,0.4227,0.2773,0
0000277_02601_d_0000552.jpg,5,9,6.71,0.2698,0.2062,0
0000277_02601_d_0000552.jpg,8,10,8.94,0.0,0.0,0
0000277_02601_d_0000552.jpg,5,10,7.07,0.0,0.0,0
0000277_02601_d_0000552.jpg,5,13,8.06,0.0,0.0,0
0000277_03201_d_0000554.jpg,7,10,8.37,0.0,0.0,0
0000277_03201_d_0000554.jpg,5,9,6.71,0.0,0.0,0
0000277_03201_d_0000554.jpg,4,13,7.21,0.0,0.0,0
0000277_03201_d_0000554.jpg,5,14,8.37,0.0,0.0,0
0000277_03201_d_0000554.jpg,8,18,12.0,0.0,0.0,0
0000277_03201_d_0000554.jpg,7,20,11.83,0.0,0.0,0
0000277_03201_d_0000554.jpg,7,20,11.83,0.0,0.0,0
0000277_03201_d_0000554.jpg,10,21,14.49,0.0,0.0,0
0000277_03201_d_0000554.jpg,29,52,38.83,0.8382,0.7449,1
0000277_03201_d_0000554.jpg,21,28,24.25,0.4494,0.631,0
0000277_03201_d_0000554.jpg,21,28,24.25,0.58,0.179,1
0000277_03201_d_0000554.jpg,16,24,19.6,0.6938,0.2985,1
0000277_03201_d_0000554.jpg,16,21,18.33,0.5273,0.2734,1
0000277_03201_d_0000554.jpg,10,26,16.12,0.7457,0.2685,1
0000277_03201_d_0000554.jpg,13,18,15.3,0.0,0.0,0
0000277_03201_d_0000554.jpg,14,44,24.82,0.6578,0.3045,1
0000277_03201_d_0000554.jpg,12,34,20.2,0.782,0.6864,1
0000277_03201_d_0000554.jpg,14,23,17.94,0.0,0.0,0
0000277_03201_d_0000554.jpg,13,23,17.29,0.6721,0.1926,1
0000277_03201_d_0000554.jpg,6,18,10.39,0.0357,0.701,0
0000277_03201_d_0000554.jpg,6,20,10.95,0.0043,0.6638,0
0000277_03201_d_0000554.jpg,9,27,15.59,0.0,0.0,0
0000277_03201_d_0000554.jpg,12,26,17.66,0.8001,0.164,1
0000277_03201_d_0000554.jpg,10,12,10.95,0.0,0.0,0
0000277_03201_d_0000554.jpg,8,16,11.31,0.0,0.0,0
0000277_03201_d_0000554.jpg,6,17,10.1,0.0,0.0,0
0000277_03401_d_0000555.jpg,38,79,54.79,0.7616,0.5199,1
0000277_03401_d_0000555.jpg,28,75,45.83,0.7976,0.2371,1
0000277_03401_d_0000555.jpg,13,48,24.98,0.7289,0.3664,1
0000277_03401_d_0000555.jpg,16,49,28.0,0.7557,0.597,1
0000277_03401_d_0000555.jpg,12,42,22.45,0.7278,0.7004,1
0000277_03401_d_0000555.jpg,17,41,26.4,0.6721,0.3196,1
0000277_03401_d_0000555.jpg,6,22,11.49,0.0,0.0,0
0000277_03401_d_0000555.jpg,9,10,9.49,0.0,0.0,0
0000277_03401_d_0000555.jpg,5,18,9.49,0.0,0.0,0
0000277_03401_d_0000555.jpg,8,14,10.58,0.0,0.0,0
0000277_03401_d_0000555.jpg,23,50,33.91,0.8198,0.7773,1
0000277_03401_d_0000555.jpg,15,36,23.24,0.7665,0.8231,1
0000277_03401_d_0000555.jpg,15,39,24.19,0.5555,0.1721,1
0000277_03401_d_0000555.jpg,9,25,15.0,0.7836,0.3208,1
0000277_03401_d_0000555.jpg,7,26,13.49,0.2705,0.3416,0
0000277_03401_d_0000555.jpg,9,23,14.39,0.0,0.0,0
0000277_03401_d_0000555.jpg,16,45,26.83,0.7788,0.8116,1
0000277_03401_d_0000555.jpg,15,37,23.56,0.8528,0.7551,1
0000277_03401_d_0000555.jpg,13,32,20.4,0.7462,0.555,1
0000277_03401_d_0000555.jpg,15,26,19.75,0.6604,0.3369,1
0000277_03401_d_0000555.jpg,10,25,15.81,0.7546,0.2326,1
0000277_03401_d_0000555.jpg,8,16,11.31,0.0,0.0,0
0000277_03601_d_0000556.jpg,41,38,39.47,0.8999,0.5846,1
0000277_03601_d_0000556.jpg,40,57,47.75,0.9597,0.6246,1
0000277_03601_d_0000556.jpg,42,82,58.69,0.7218,0.3876,1
0000277_03601_d_0000556.jpg,37,87,56.74,0.8543,0.723,1
0000277_03601_d_0000556.jpg,33,44,38.11,0.6883,0.1584,1
0000277_03601_d_0000556.jpg,35,89,55.81,0.9412,0.771,1
0000277_03601_d_0000556.jpg,27,32,29.39,0.2565,0.7828,0
0000277_03601_d_0000556.jpg,47,82,62.08,0.926,0.5397,1
0000277_03601_d_0000556.jpg,39,88,58.58,0.8086,0.4805,1
0000277_03601_d_0000556.jpg,29,54,39.57,0.5942,0.1699,1
0000277_03601_d_0000556.jpg,33,75,49.75,0.8531,0.6736,1
0000277_03601_d_0000556.jpg,33,50,40.62,0.0,0.0,0
0000277_03601_d_0000556.jpg,15,44,25.69,0.6265,0.5767,1
0000277_03601_d_0000556.jpg,11,44,22.0,0.89,0.4215,1
0000277_03601_d_0000556.jpg,12,41,22.18,0.8712,0.5228,1
0000277_03601_d_0000556.jpg,12,38,21.35,0.0,0.0,0
0000277_03601_d_0000556.jpg,30,34,31.94,0.8065,0.1763,1
0000277_03601_d_0000556.jpg,22,37,28.53,0.0,0.0,0
0000277_03601_d_0000556.jpg,8,24,13.86,0.0,0.0,0
0000277_03601_d_0000556.jpg,10,24,15.49,0.0,0.0,0
0000277_03601_d_0000556.jpg,12,20,15.49,0.0,0.0,0
0000277_03601_d_0000556.jpg,18,32,24.0,0.0,0.0,0
0000277_03601_d_0000556.jpg,12,27,18.0,0.0,0.0,0
0000277_03601_d_0000556.jpg,13,30,19.75,0.0,0.0,0
0000277_03601_d_0000556.jpg,14,29,20.15,0.0,0.0,0
0000277_03601_d_0000556.jpg,8,17,11.66,0.0,0.0,0
0000277_03601_d_0000556.jpg,8,19,12.33,0.0,0.0,0
0000277_04001_d_0000558.jpg,16,30,21.91,0.5005,0.2336,1
0000277_04001_d_0000558.jpg,29,42,34.9,0.566,0.4607,1
0000277_04001_d_0000558.jpg,12,31,19.29,0.7394,0.5066,1
0000277_04001_d_0000558.jpg,14,39,23.37,0.8785,0.1555,1
0000277_04001_d_0000558.jpg,11,40,20.98,0.0,0.0,0
0000277_04001_d_0000558.jpg,8,30,15.49,0.6815,0.3553,1
0000277_04001_d_0000558.jpg,15,45,25.98,0.9197,0.4642,1
0000277_04001_d_0000558.jpg,14,29,20.15,0.6611,0.2852,1
0000277_04001_d_0000558.jpg,11,47,22.74,0.7196,0.2415,1
0000277_04001_d_0000558.jpg,14,48,25.92,0.7653,0.5438,1
0000277_04001_d_0000558.jpg,17,48,28.57,0.7872,0.241,1
0000277_04001_d_0000558.jpg,23,48,33.23,0.1368,0.2637,0
0000277_04001_d_0000558.jpg,19,54,32.03,0.9089,0.7177,1
0000277_04001_d_0000558.jpg,17,37,25.08,0.1465,0.5556,0
0000277_04001_d_0000558.jpg,15,43,25.4,0.0486,0.3551,0
0000277_04001_d_0000558.jpg,12,40,21.91,0.795,0.1541,1
0000277_04001_d_0000558.jpg,18,49,29.7,0.8859,0.475,1
0000277_04001_d_0000558.jpg,17,47,28.27,0.7436,0.3365,1
0000277_04001_d_0000558.jpg,23,49,33.57,0.6992,0.7495,1
0000277_04001_d_0000558.jpg,16,32,22.63,0.7608,0.4986,1
0000277_04001_d_0000558.jpg,16,32,22.63,0.7275,0.2278,1
0000277_04001_d_0000558.jpg,15,39,24.19,0.5547,0.4609,1
0000277_04001_d_0000558.jpg,20,44,29.66,0.7097,0.5476,1
0000277_04001_d_0000558.jpg,15,39,24.19,0.8211,0.6258,1
0000277_04001_d_0000558.jpg,13,43,23.64,0.0442,0.5838,0
0000277_04001_d_0000558.jpg,14,37,22.76,0.701,0.4948,1
0000277_04001_d_0000558.jpg,14,34,21.82,0.8186,0.2392,1
0000277_04001_d_0000558.jpg,7,11,8.77,0.0,0.0,0
0000277_04201_d_0000559.jpg,10,34,18.44,0.0,0.0,0
0000277_04201_d_0000559.jpg,16,33,22.98,0.7325,0.1926,1
0000277_04201_d_0000559.jpg,20,41,28.64,0.45,0.1511,0
0000277_04201_d_0000559.jpg,18,38,26.15,0.5542,0.2467,1
0000277_04201_d_0000559.jpg,18,38,26.15,0.0421,0.2004,0
0000277_04201_d_0000559.jpg,15,37,23.56,0.4302,0.2775,0
0000277_04201_d_0000559.jpg,17,37,25.08,0.4267,0.3289,0
0000277_04201_d_0000559.jpg,15,34,22.58,0.4162,0.1865,0
0000277_04201_d_0000559.jpg,21,41,29.34,0.5324,0.6149,1
0000277_04201_d_0000559.jpg,16,42,25.92,0.6434,0.4843,1
0000277_04201_d_0000559.jpg,16,42,25.92,0.8776,0.4866,1
0000277_04201_d_0000559.jpg,14,35,22.14,0.831,0.6598,1
0000277_04201_d_0000559.jpg,20,33,25.69,0.7704,0.6621,1
0000277_04201_d_0000559.jpg,24,42,31.75,0.582,0.2691,1
0000277_04201_d_0000559.jpg,12,28,18.33,0.8952,0.3484,1
0000277_04201_d_0000559.jpg,19,49,30.51,0.9164,0.802,1
0000277_04201_d_0000559.jpg,20,44,29.66,0.8145,0.7173,1
0000277_04201_d_0000559.jpg,14,46,25.38,0.358,0.3318,0
0000277_04201_d_0000559.jpg,12,47,23.75,0.6143,0.5372,1
0000277_04201_d_0000559.jpg,15,49,27.11,0.8144,0.5897,1
0000277_04201_d_0000559.jpg,18,45,28.46,0.281,0.3381,0
0000277_04201_d_0000559.jpg,18,47,29.09,0.2849,0.3381,0
0000277_04201_d_0000559.jpg,13,29,19.42,0.3573,0.2397,0
0000277_04201_d_0000559.jpg,17,51,29.44,0.7297,0.2223,1
0000277_04201_d_0000559.jpg,11,39,20.71,0.7507,0.2223,1
0000277_04201_d_0000559.jpg,16,52,28.84,0.7995,0.605,1
0000277_04201_d_0000559.jpg,17,52,29.73,0.7357,0.3846,1
0000277_04201_d_0000559.jpg,22,32,26.53,0.6851,0.6211,1
0000277_04201_d_0000559.jpg,26,47,34.96,0.5722,0.6262,1
0000277_04201_d_0000559.jpg,15,49,27.11,0.4594,0.22,0
0000277_04201_d_0000559.jpg,13,43,23.64,0.6976,0.369,1
0000277_04201_d_0000559.jpg,20,48,30.98,0.729,0.303,1
0000277_04201_d_0000559.jpg,22,49,32.83,0.6701,0.5277,1
0000277_04201_d_0000559.jpg,19,47,29.88,0.8318,0.6065,1
0000277_04201_d_0000559.jpg,15,49,27.11,0.2968,0.6546,0
0000277_04401_d_0000560.jpg,20,37,27.2,0.7859,0.2123,1
0000277_04401_d_0000560.jpg,17,43,27.04,0.6107,0.746,1
0000277_04401_d_0000560.jpg,15,40,24.49,0.7304,0.7105,1
0000277_04401_d_0000560.jpg,13,45,24.19,0.6878,0.5491,1
0000277_04401_d_0000560.jpg,14,41,23.96,0.8768,0.4681,1
0000277_04401_d_0000560.jpg,11,37,20.17,0.4633,0.2191,0
0000277_04401_d_0000560.jpg,16,25,20.0,0.0,0.0,0
0000277_04401_d_0000560.jpg,14,23,17.94,0.0,0.0,0
0000277_04401_d_0000560.jpg,12,21,15.87,0.0,0.0,0
0000277_04401_d_0000560.jpg,18,47,29.09,0.8097,0.2033,1
0000277_04401_d_0000560.jpg,16,39,24.98,0.7645,0.219,1
0000277_04401_d_0000560.jpg,8,22,13.27,0.0,0.0,0
0000277_04401_d_0000560.jpg,22,35,27.75,0.0,0.0,0
0000277_04401_d_0000560.jpg,18,31,23.62,0.626,0.5928,1
0000277_04401_d_0000560.jpg,7,16,10.58,0.0,0.0,0
0000277_04401_d_0000560.jpg,9,17,12.37,0.0,0.0,0
0000277_04401_d_0000560.jpg,7,15,10.25,0.0,0.0,0
0000277_04401_d_0000560.jpg,8,15,10.95,0.0,0.0,0
0000277_04601_d_0000561.jpg,3,13,6.24,0.0,0.0,0
0000277_04601_d_0000561.jpg,6,12,8.49,0.0,0.0,0
0000277_04601_d_0000561.jpg,4,16,8.0,0.0,0.0,0
0000277_04601_d_0000561.jpg,5,15,8.66,0.0,0.0,0
0000277_04601_d_0000561.jpg,7,14,9.9,0.0,0.0,0
0000277_04601_d_0000561.jpg,8,17,11.66,0.0,0.0,0
0000277_04601_d_0000561.jpg,9,14,11.22,0.0,0.0,0
0000277_04601_d_0000561.jpg,19,46,29.56,0.8374,0.7876,1
0000277_04601_d_0000561.jpg,23,65,38.67,0.7598,0.5017,1
0000277_04601_d_0000561.jpg,6,19,10.68,0.0,0.0,0
0000277_04601_d_0000561.jpg,16,30,21.91,0.0,0.0,0
0000277_04601_d_0000561.jpg,18,37,25.81,0.8879,0.28,1
0000277_04601_d_0000561.jpg,19,46,29.56,0.8494,0.2609,1
0000277_04601_d_0000561.jpg,12,32,19.6,0.8132,0.7563,1
0000277_04601_d_0000561.jpg,16,30,21.91,0.7268,0.7078,1
0000277_04601_d_0000561.jpg,15,26,19.75,0.0,0.0,0
0000277_04601_d_0000561.jpg,14,28,19.8,0.0,0.0,0
0000277_04601_d_0000561.jpg,12,38,21.35,0.7622,0.3573,1
0000277_04601_d_0000561.jpg,13,42,23.37,0.7644,0.7199,1
0000277_04601_d_0000561.jpg,12,44,22.98,0.6831,0.729,1
0000277_04601_d_0000561.jpg,9,18,12.73,0.0,0.0,0
0000277_05001_d_0000562.jpg,18,49,29.7,0.8362,0.7724,1
0000277_05001_d_0000562.jpg,26,61,39.82,0.9598,0.7671,1
0000277_05001_d_0000562.jpg,11,39,20.71,0.761,0.5712,1
0000277_05001_d_0000562.jpg,12,41,22.18,0.7486,0.704,1
0000277_05001_d_0000562.jpg,15,41,24.8,0.8972,0.7102,1
0000277_05001_d_0000562.jpg,14,40,23.66,0.9231,0.7444,1
0000277_05001_d_0000562.jpg,27,42,33.67,0.8784,0.5741,1
0000277_05001_d_0000562.jpg,23,50,33.91,0.723,0.6987,1
0000277_05001_d_0000562.jpg,17,42,26.72,0.4647,0.2384,0
0000277_05001_d_0000562.jpg,17,30,22.58,0.3198,0.1814,0
0000277_05001_d_0000562.jpg,26,57,38.5,0.8593,0.8295,1
0000277_05001_d_0000562.jpg,5,12,7.75,0.0,0.0,0
0000277_05001_d_0000562.jpg,7,14,9.9,0.0,0.0,0
0000277_05001_d_0000562.jpg,6,12,8.49,0.0,0.0,0
0000277_05001_d_0000562.jpg,6,12,8.49,0.0,0.0,0
0000277_05001_d_0000562.jpg,4,11,6.63,0.0,0.0,0
0000277_05001_d_0000562.jpg,6,13,8.83,0.0,0.0,0
0000277_05001_d_0000562.jpg,6,12,8.49,0.0,0.0,0
0000277_05001_d_0000562.jpg,6,16,9.8,0.0,0.0,0
0000277_05001_d_0000562.jpg,8,14,10.58,0.0,0.0,0
0000277_05001_d_0000562.jpg,13,26,18.38,0.7013,0.5582,1
0000277_05001_d_0000562.jpg,9,33,17.23,0.6645,0.1551,1
0000277_05001_d_0000562.jpg,17,23,19.77,0.0,0.0,0
0000277_05001_d_0000562.jpg,14,25,18.71,0.0,0.0,0
0000280_00001_d_0000612.jpg,6,11,8.12,0.0,0.0,0
0000280_00001_d_0000612.jpg,8,14,10.58,0.0,0.0,0
0000280_00001_d_0000612.jpg,7,18,11.22,0.0,0.0,0
0000280_00001_d_0000612.jpg,7,18,11.22,0.0,0.0,0
0000280_00001_d_0000612.jpg,6,19,10.68,0.0,0.0,0
0000280_00001_d_0000612.jpg,8,18,12.0,0.0,0.0,0
0000280_00001_d_0000612.jpg,11,23,15.91,0.6069,0.187,1
0000280_00001_d_0000612.jpg,15,40,24.49,0.0,0.0,0
0000280_00001_d_0000612.jpg,26,36,30.59,0.6434,0.527,1
0000280_00001_d_0000612.jpg,25,41,32.02,0.7763,0.5248,1
0000280_00001_d_0000612.jpg,21,33,26.32,0.7608,0.152,1
0000280_00001_d_0000612.jpg,15,33,22.25,0.7592,0.3688,1
0000280_00001_d_0000612.jpg,21,42,29.7,0.6877,0.5099,1
0000280_00001_d_0000612.jpg,16,43,26.23,0.685,0.6271,1
0000280_00001_d_0000612.jpg,18,31,23.62,0.7271,0.3495,1
0000280_00001_d_0000612.jpg,19,48,30.2,0.5751,0.7115,1
0000280_00001_d_0000612.jpg,20,53,32.56,0.81,0.7173,1
0000280_00001_d_0000612.jpg,25,43,32.79,0.8879,0.5633,1
0000280_00001_d_0000612.jpg,17,44,27.35,0.7875,0.4335,1
0000280_00001_d_0000612.jpg,17,46,27.96,0.5908,0.2887,1
0000280_00001_d_0000612.jpg,22,41,30.03,0.8182,0.5597,1
0000280_00001_d_0000612.jpg,22,46,31.81,0.4836,0.2175,0
0000280_00001_d_0000612.jpg,13,36,21.63,0.7142,0.6485,1
0000280_00001_d_0000612.jpg,17,35,24.39,0.8312,0.7883,1
0000280_00001_d_0000612.jpg,10,19,13.78,0.0,0.0,0
0000280_00001_d_0000612.jpg,17,20,18.44,0.0,0.0,0
0000280_00001_d_0000612.jpg,16,20,17.89,0.0,0.0,0
0000280_00001_d_0000612.jpg,10,17,13.04,0.0,0.0,0
0000280_00001_d_0000612.jpg,10,27,16.43,0.0,0.0,0
0000280_00001_d_0000612.jpg,10,16,12.65,0.0,0.0,0
0000280_00001_d_0000612.jpg,7,18,11.22,0.0,0.0,0
0000280_00201_d_0000613.jpg,32,54,41.57,0.4168,0.2378,0
0000280_00201_d_0000613.jpg,27,55,38.54,0.8588,0.6769,1
0000280_00201_d_0000613.jpg,28,49,37.04,0.7857,0.3823,1
0000280_00201_d_0000613.jpg,17,21,18.89,0.3109,0.3289,0
0000280_00201_d_0000613.jpg,16,27,20.78,0.0,0.0,0
0000280_00201_d_0000613.jpg,14,29,20.15,0.0,0.0,0
0000280_00201_d_0000613.jpg,14,27,19.44,0.0,0.0,0
0000280_00201_d_0000613.jpg,9,16,12.0,0.0,0.0,0
0000280_00201_d_0000613.jpg,20,43,29.33,0.6689,0.5139,1
0000280_00201_d_0000613.jpg,30,45,36.74,0.7294,0.6228,1
0000280_00201_d_0000613.jpg,10,24,15.49,0.0,0.0,0
0000280_00201_d_0000613.jpg,13,19,15.72,0.0,0.0,0
0000280_00201_d_0000613.jpg,21,25,22.91,0.0,0.0,0
0000280_00201_d_0000613.jpg,19,22,20.45,0.0,0.0,0
0000280_00401_d_0000614.jpg,27,57,39.23,0.8749,0.4614,1
0000280_00401_d_0000614.jpg,26,51,36.41,0.6197,0.5099,1
0000280_00401_d_0000614.jpg,38,80,55.14,0.6586,0.7155,1
0000280_00401_d_0000614.jpg,8,23,13.56,0.0,0.0,0
0000280_00401_d_0000614.jpg,9,18,12.73,0.0,0.0,0
0000280_00401_d_0000614.jpg,9,18,12.73,0.0,0.0,0
0000280_00401_d_0000614.jpg,8,20,12.65,0.0,0.0,0
0000280_00401_d_0000614.jpg,8,22,13.27,0.0,0.0,0
0000280_00401_d_0000614.jpg,7,18,11.22,0.0,0.0,0
0000280_00401_d_0000614.jpg,7,13,9.54,0.0,0.0,0
0000280_00401_d_0000614.jpg,9,18,12.73,0.0,0.0,0
0000280_00401_d_0000614.jpg,11,27,17.23,0.0,0.0,0
0000280_00401_d_0000614.jpg,10,31,17.61,0.0,0.0,0
0000280_00401_d_0000614.jpg,15,35,22.91,0.0,0.0,0
0000280_00401_d_0000614.jpg,12,23,16.61,0.0,0.0,0
0000280_00401_d_0000614.jpg,22,25,23.45,0.0,0.0,0
0000280_00401_d_0000614.jpg,18,26,21.63,0.0,0.0,0
0000280_00401_d_0000614.jpg,12,25,17.32,0.0,0.0,0
0000280_00401_d_0000614.jpg,50,61,55.23,0.7169,0.3151,1
0000280_00601_d_0000615.jpg,10,21,14.49,0.6561,0.4972,1
0000280_00601_d_0000615.jpg,13,25,18.03,0.6079,0.223,1
0000280_00601_d_0000615.jpg,39,61,48.77,0.8211,0.6541,1
0000280_00601_d_0000615.jpg,10,19,13.78,0.0,0.0,0
0000280_00601_d_0000615.jpg,10,27,16.43,0.0,0.0,0
0000280_00601_d_0000615.jpg,9,27,15.59,0.0,0.0,0
0000280_00601_d_0000615.jpg,9,27,15.59,0.0,0.0,0
0000280_00601_d_0000615.jpg,12,35,20.49,0.7419,0.1797,1
0000280_00601_d_0000615.jpg,13,22,16.91,0.0,0.0,0
0000280_00601_d_0000615.jpg,13,20,16.12,0.0,0.0,0
0000280_00601_d_0000615.jpg,16,20,17.89,0.0,0.0,0
0000280_00601_d_0000615.jpg,10,23,15.17,0.0,0.0,0
0000280_00601_d_0000615.jpg,7,15,10.25,0.0,0.0,0
0000280_00601_d_0000615.jpg,7,14,9.9,0.0,0.0,0
0000280_00601_d_0000615.jpg,8,14,10.58,0.0,0.0,0
0000280_00601_d_0000615.jpg,11,20,14.83,0.7249,0.3705,1
0000280_00601_d_0000615.jpg,8,24,13.86,0.5637,0.1973,1
0000280_00601_d_0000615.jpg,9,22,14.07,0.2686,0.1625,0
0000280_00801_d_0000616.jpg,9,14,11.22,0.0,0.0,0
0000280_00801_d_0000616.jpg,5,15,8.66,0.0,0.0,0
0000280_00801_d_0000616.jpg,11,32,18.76,0.874,0.1727,1
0000280_00801_d_0000616.jpg,12,24,16.97,0.8882,0.1996,1
0000280_00801_d_0000616.jpg,12,20,15.49,0.6908,0.4977,1
0000280_00801_d_0000616.jpg,8,19,12.33,0.0,0.0,0
0000280_00801_d_0000616.jpg,13,33,20.71,0.8354,0.381,1
0000280_00801_d_0000616.jpg,13,34,21.02,0.0,0.0,0
0000280_00801_d_0000616.jpg,16,26,20.4,0.5563,0.2262,1
0000280_00801_d_0000616.jpg,12,18,14.7,0.0,0.0,0
0000280_00801_d_0000616.jpg,15,17,15.97,0.4452,0.3006,0
0000280_00801_d_0000616.jpg,12,24,16.97,0.7776,0.2979,1
0000280_00801_d_0000616.jpg,12,35,20.49,0.0,0.0,0
0000280_00801_d_0000616.jpg,19,38,26.87,0.7217,0.1601,1
0000280_00801_d_0000616.jpg,20,34,26.08,0.312,0.1745,0
0000280_00801_d_0000616.jpg,16,34,23.32,0.7847,0.2398,1
0000280_00801_d_0000616.jpg,17,47,28.27,0.7153,0.4715,1
0000280_00801_d_0000616.jpg,23,43,31.45,0.0,0.0,0
0000280_00801_d_0000616.jpg,56,45,50.2,0.1926,0.3309,0
0000280_00801_d_0000616.jpg,52,43,47.29,0.476,0.1554,0
0000280_00801_d_0000616.jpg,26,56,38.16,0.837,0.7586,1
0000280_00801_d_0000616.jpg,27,43,34.07,0.7227,0.2702,1
0000280_01001_d_0000617.jpg,22,35,27.75,0.0,0.0,0
0000280_01001_d_0000617.jpg,6,21,11.22,0.0,0.0,0
0000280_01001_d_0000617.jpg,7,21,12.12,0.0,0.0,0
0000280_01001_d_0000617.jpg,8,22,13.27,0.0,0.0,0
0000280_01001_d_0000617.jpg,9,12,10.39,0.0,0.0,0
0000280_01001_d_0000617.jpg,8,10,8.94,0.0,0.0,0
0000280_01001_d_0000617.jpg,9,21,13.75,0.0,0.0,0
0000280_01001_d_0000617.jpg,7,17,10.91,0.0,0.0,0
0000280_01001_d_0000617.jpg,8,21,12.96,0.7297,0.2636,1
0000280_01001_d_0000617.jpg,7,16,10.58,0.0,0.0,0
0000280_01001_d_0000617.jpg,5,10,7.07,0.0,0.0,0
0000280_01001_d_0000617.jpg,6,8,6.93,0.0,0.0,0
0000280_01001_d_0000617.jpg,8,13,10.2,0.0,0.0,0
0000280_01001_d_0000617.jpg,13,40,22.8,0.8353,0.4848,1
0000280_01001_d_0000617.jpg,12,34,20.2,0.4074,0.4041,0
0000280_01001_d_0000617.jpg,10,18,13.42,0.3178,0.158,0
0000280_01001_d_0000617.jpg,18,28,22.45,0.6954,0.3628,1
0000280_01001_d_0000617.jpg,7,16,10.58,0.0,0.0,0
0000280_01001_d_0000617.jpg,10,18,13.42,0.0,0.0,0
0000280_01001_d_0000617.jpg,15,41,24.8,0.6133,0.4731,1
0000280_01001_d_0000617.jpg,18,44,28.14,0.8545,0.5315,1
0000280_01001_d_0000617.jpg,21,28,24.25,0.7199,0.2876,1
0000280_01001_d_0000617.jpg,13,21,16.52,0.309,0.3872,0
0000280_01001_d_0000617.jpg,13,22,16.91,0.4489,0.2743,0
0000280_01001_d_0000617.jpg,16,20,17.89,0.5786,0.3612,1
0000280_01001_d_0000617.jpg,18,26,21.63,0.0,0.0,0
0000280_01001_d_0000617.jpg,17,17,17.0,0.0,0.0,0
0000280_01001_d_0000617.jpg,22,55,34.79,0.0,0.0,0
0000280_01001_d_0000617.jpg,17,40,26.08,0.0,0.0,0
0000280_01201_d_0000618.jpg,20,63,35.5,0.6986,0.666,1
0000280_01201_d_0000618.jpg,26,65,41.11,0.8993,0.834,1
0000280_01201_d_0000618.jpg,33,64,45.96,0.8645,0.8532,1
0000280_01201_d_0000618.jpg,9,25,15.0,0.0,0.0,0
0000280_01201_d_0000618.jpg,7,16,10.58,0.0,0.0,0
0000280_01201_d_0000618.jpg,6,18,10.39,0.0,0.0,0
0000280_01201_d_0000618.jpg,6,20,10.95,0.0,0.0,0
0000280_01201_d_0000618.jpg,6,18,10.39,0.0,0.0,0
0000280_01201_d_0000618.jpg,30,38,33.76,0.481,0.7625,0
0000280_01201_d_0000618.jpg,11,22,15.56,0.42,0.4173,0
0000280_01201_d_0000618.jpg,6,18,10.39,0.0,0.0,0
0000280_01201_d_0000618.jpg,7,12,9.17,0.0,0.0,0
0000280_01201_d_0000618.jpg,4,6,4.9,0.0,0.0,0
0000280_01201_d_0000618.jpg,5,7,5.92,0.0,0.0,0
0000280_01201_d_0000618.jpg,19,33,25.04,0.6394,0.7895,1
0000280_01201_d_0000618.jpg,21,51,32.73,0.8291,0.6674,1
0000280_01201_d_0000618.jpg,13,33,20.71,0.3988,0.4334,0
0000280_01201_d_0000618.jpg,22,39,29.29,0.56,0.1722,1
0000280_01201_d_0000618.jpg,17,37,25.08,0.8701,0.6354,1
0000280_01201_d_0000618.jpg,9,31,16.7,0.0,0.0,0
0000280_01201_d_0000618.jpg,14,31,20.83,0.7107,0.265,1
0000280_01201_d_0000618.jpg,15,28,20.49,0.2023,0.2006,0
0000280_01201_d_0000618.jpg,10,19,13.78,0.0,0.0,0
0000280_01201_d_0000618.jpg,10,14,11.83,0.0,0.0,0
0000280_01201_d_0000618.jpg,8,15,10.95,0.0,0.0,0
0000280_01201_d_0000618.jpg,10,14,11.83,0.0,0.0,0
0000280_01201_d_0000618.jpg,8,12,9.8,0.0,0.0,0
0000280_01201_d_0000618.jpg,7,17,10.91,0.0,0.0,0
0000280_01201_d_0000618.jpg,7,13,9.54,0.0,0.0,0
0000280_01201_d_0000618.jpg,9,13,10.82,0.0,0.0,0
0000280_01201_d_0000618.jpg,9,15,11.62,0.0,0.0,0
0000280_01201_d_0000618.jpg,8,14,10.58,0.0,0.0,0
0000280_01201_d_0000618.jpg,11,10,10.49,0.0,0.0,0
0000280_01201_d_0000618.jpg,10,30,17.32,0.6867,0.3759,1
0000280_01201_d_0000618.jpg,12,29,18.65,0.0,0.0,0
0000280_01201_d_0000618.jpg,9,24,14.7,0.0,0.0,0
0000280_01201_d_0000618.jpg,4,20,8.94,0.0,0.0,0
0000280_01201_d_0000618.jpg,8,21,12.96,0.0,0.0,0
0000280_01201_d_0000618.jpg,10,30,17.32,0.6851,0.1965,1
0000280_01201_d_0000618.jpg,5,10,7.07,0.0,0.0,0
0000280_01401_d_0000619.jpg,42,35,38.34,0.8904,0.3487,1
0000280_01401_d_0000619.jpg,46,61,52.97,0.9447,0.8546,1
0000280_01401_d_0000619.jpg,14,26,19.08,0.0,0.0,0
0000280_01401_d_0000619.jpg,15,42,25.1,0.5558,0.3037,1
0000280_01401_d_0000619.jpg,11,21,15.2,0.0,0.0,0
0000280_01401_d_0000619.jpg,14,23,17.94,0.0,0.0,0
0000280_01401_d_0000619.jpg,9,21,13.75,0.0,0.0,0
0000280_01401_d_0000619.jpg,10,21,14.49,0.0,0.0,0
0000280_01401_d_0000619.jpg,24,44,32.5,0.6416,0.6235,1
0000280_01401_d_0000619.jpg,27,47,35.62,0.5878,0.2604,1
0000280_01401_d_0000619.jpg,17,32,23.32,0.0,0.0,0
0000280_01401_d_0000619.jpg,16,31,22.27,0.6174,0.1624,1
0000280_01401_d_0000619.jpg,26,35,30.17,0.055,0.3555,0
0000280_01401_d_0000619.jpg,21,35,27.11,0.4767,0.4313,0
0000280_01401_d_0000619.jpg,11,18,14.07,0.4023,0.2364,0
0000280_01401_d_0000619.jpg,33,36,34.47,0.0,0.0,0
0000280_01401_d_0000619.jpg,21,26,23.37,0.0,0.0,0
0000280_01401_d_0000619.jpg,17,22,19.34,0.6947,0.1853,1
0000280_01401_d_0000619.jpg,15,24,18.97,0.0,0.0,0
0000280_01401_d_0000619.jpg,16,22,18.76,0.0,0.0,0
0000280_01401_d_0000619.jpg,11,29,17.86,0.0,0.0,0
0000280_01401_d_0000619.jpg,12,21,15.87,0.0,0.0,0
0000280_01401_d_0000619.jpg,12,30,18.97,0.0,0.0,0
0000280_01401_d_0000619.jpg,13,30,19.75,0.0,0.0,0
0000280_01401_d_0000619.jpg,15,36,23.24,0.5477,0.4296,1
0000280_01401_d_0000619.jpg,20,34,26.08,0.7359,0.849,1
0000280_01401_d_0000619.jpg,18,39,26.5,0.0,0.0,0
0000280_01401_d_0000619.jpg,16,23,19.18,0.7127,0.2441,1
0000280_01401_d_0000619.jpg,11,26,16.91,0.7412,0.3367,1
0000280_01601_d_0000620.jpg,13,26,18.38,0.819,0.2576,1
0000280_01601_d_0000620.jpg,11,23,15.91,0.8962,0.4549,1
0000280_01601_d_0000620.jpg,9,21,13.75,0.0,0.0,0
0000280_01601_d_0000620.jpg,11,20,14.83,0.0,0.0,0
0000280_01601_d_0000620.jpg,25,61,39.05,0.6986,0.2867,1
0000280_01601_d_0000620.jpg,27,58,39.57,0.9374,0.7362,1
0000280_01601_d_0000620.jpg,17,44,27.35,0.9034,0.6819,1
0000280_01601_d_0000620.jpg,24,43,32.12,0.0,0.0,0
0000280_01601_d_0000620.jpg,16,43,26.23,0.7007,0.4513,1
0000280_01601_d_0000620.jpg,21,44,30.4,0.4848,0.1832,0
0000280_01601_d_0000620.jpg,14,29,20.15,0.3075,0.5606,0
0000280_01601_d_0000620.jpg,13,27,18.73,0.725,0.4212,1
0000280_01601_d_0000620.jpg,10,16,12.65,0.0,0.0,0
0000280_01601_d_0000620.jpg,6,15,9.49,0.0,0.0,0
0000280_01601_d_0000620.jpg,10,20,14.14,0.6862,0.1613,1
0000280_01601_d_0000620.jpg,5,12,7.75,0.0,0.0,0
0000280_01801_d_0000621.jpg,9,22,14.07,0.0,0.0,0
0000280_01801_d_0000621.jpg,6,16,9.8,0.0,0.0,0
0000280_01801_d_0000621.jpg,6,13,8.83,0.0,0.0,0
0000280_01801_d_0000621.jpg,7,12,9.17,0.4294,0.1709,0
0000280_01801_d_0000621.jpg,6,16,9.8,0.0,0.0,0
0000280_01801_d_0000621.jpg,11,18,14.07,0.0,0.0,0
0000280_01801_d_0000621.jpg,8,17,11.66,0.0,0.0,0
0000280_01801_d_0000621.jpg,4,10,6.32,0.0,0.0,0
0000280_01801_d_0000621.jpg,2,7,3.74,0.0,0.0,0
0000280_01801_d_0000621.jpg,4,12,6.93,0.0,0.0,0
0000280_02001_d_0000622.jpg,19,32,24.66,0.0,0.0,0
0000280_02001_d_0000622.jpg,17,31,22.96,0.0,0.0,0
0000280_02001_d_0000622.jpg,17,30,22.58,0.5927,0.1691,1
0000280_02001_d_0000622.jpg,12,23,16.61,0.0,0.0,0
0000280_02001_d_0000622.jpg,9,17,12.37,0.0,0.0,0
0000280_02001_d_0000622.jpg,8,11,9.38,0.0,0.0,0
0000280_02001_d_0000622.jpg,5,12,7.75,0.0,0.0,0
0000280_02001_d_0000622.jpg,5,11,7.42,0.0,0.0,0
0000280_02001_d_0000622.jpg,4,8,5.66,0.0,0.0,0
0000280_02001_d_0000622.jpg,14,31,20.83,0.9548,0.4335,1
0000280_02001_d_0000622.jpg,10,25,15.81,0.7159,0.4859,1
0000280_02201_d_0000623.jpg,16,54,29.39,0.0,0.0,0
0000280_02201_d_0000623.jpg,21,50,32.4,0.8718,0.4992,1
0000280_02201_d_0000623.jpg,9,26,15.3,0.7184,0.178,1
0000280_02201_d_0000623.jpg,4,12,6.93,0.0,0.0,0
0000280_02201_d_0000623.jpg,3,11,5.74,0.0,0.0,0
0000280_02201_d_0000623.jpg,7,9,7.94,0.0,0.0,0
0000280_02201_d_0000623.jpg,16,32,22.63,0.0,0.0,0
0000280_02201_d_0000623.jpg,16,24,19.6,0.0,0.0,0
0000280_02201_d_0000623.jpg,14,37,22.76,0.6677,0.3201,1
0000280_02201_d_0000623.jpg,16,43,26.23,0.6519,0.2331,1
0000280_02201_d_0000623.jpg,11,37,20.17,0.2974,0.1562,0
0000280_02201_d_0000623.jpg,16,44,26.53,0.8183,0.1701,1
0000280_02201_d_0000623.jpg,7,20,11.83,0.0,0.0,0
0000280_02201_d_0000623.jpg,8,10,8.94,0.0,0.0,0
0000280_02201_d_0000623.jpg,8,27,14.7,0.0,0.0,0
0000280_02201_d_0000623.jpg,8,19,12.33,0.0,0.0,0
0000280_02201_d_0000623.jpg,7,13,9.54,0.0,0.0,0
0000280_02201_d_0000623.jpg,5,7,5.92,0.0,0.0,0
0000280_02201_d_0000623.jpg,5,9,6.71,0.0,0.0,0
0000280_02401_d_0000624.jpg,9,23,14.39,0.5404,0.3042,1
0000280_02401_d_0000624.jpg,7,16,10.58,0.0,0.0,0
0000280_02401_d_0000624.jpg,13,27,18.73,0.0,0.0,0
0000280_02401_d_0000624.jpg,6,22,11.49,0.0,0.0,0
0000280_02401_d_0000624.jpg,8,16,11.31,0.0,0.0,0
0000280_02401_d_0000624.jpg,6,14,9.17,0.0,0.0,0
0000280_02401_d_0000624.jpg,4,12,6.93,0.0,0.0,0
0000280_02401_d_0000624.jpg,5,11,7.42,0.0,0.0,0
0000280_02401_d_0000624.jpg,4,13,7.21,0.0,0.0,0
0000280_02401_d_0000624.jpg,3,12,6.0,0.0,0.0,0
0000280_02401_d_0000624.jpg,6,12,8.49,0.0,0.0,0
0000280_02401_d_0000624.jpg,5,9,6.71,0.0,0.0,0
0000280_02401_d_0000624.jpg,4,7,5.29,0.0,0.0,0
0000280_02401_d_0000624.jpg,3,7,4.58,0.0,0.0,0
0000280_02401_d_0000624.jpg,2,8,4.0,0.0,0.0,0
0000280_02401_d_0000624.jpg,3,9,5.2,0.0,0.0,0
0000280_02401_d_0000624.jpg,2,6,3.46,0.0,0.0,0
0000280_02401_d_0000624.jpg,4,4,4.0,0.0,0.0,0
0000280_02401_d_0000624.jpg,32,71,47.67,0.938,0.7948,1
0000280_02401_d_0000624.jpg,14,33,21.49,0.0,0.0,0
0000280_02601_d_0000625.jpg,3,8,4.9,0.0,0.0,0
0000280_02601_d_0000625.jpg,28,49,37.04,0.7696,0.4665,1
0000280_02601_d_0000625.jpg,6,17,10.1,0.0,0.0,0
0000280_02601_d_0000625.jpg,10,22,14.83,0.0,0.0,0
0000280_02601_d_0000625.jpg,7,19,11.53,0.0,0.0,0
0000280_02601_d_0000625.jpg,10,31,17.61,0.8555,0.1534,1
0000280_02601_d_0000625.jpg,10,27,16.43,0.4327,0.3175,0
0000280_02601_d_0000625.jpg,13,31,20.07,0.5862,0.2697,1
0000280_02601_d_0000625.jpg,14,26,19.08,0.5822,0.2588,1
0000280_02601_d_0000625.jpg,6,20,10.95,0.0,0.0,0
0000280_02601_d_0000625.jpg,5,14,8.37,0.0,0.0,0
0000280_02601_d_0000625.jpg,4,14,7.48,0.0,0.0,0
0000280_02601_d_0000625.jpg,4,8,5.66,0.0,0.0,0
0000280_02601_d_0000625.jpg,5,10,7.07,0.0,0.0,0
0000280_02601_d_0000625.jpg,5,9,6.71,0.2019,0.1641,0
0000280_02601_d_0000625.jpg,7,13,9.54,0.0,0.0,0
0000280_02601_d_0000625.jpg,3,7,4.58,0.0,0.0,0
0000280_02601_d_0000625.jpg,13,30,19.75,0.0,0.0,0
0000280_02801_d_0000626.jpg,14,33,21.49,0.7257,0.527,1
0000280_02801_d_0000626.jpg,28,34,30.85,0.6082,0.1938,1
0000280_02801_d_0000626.jpg,26,38,31.43,0.8154,0.2048,1
0000280_02801_d_0000626.jpg,24,40,30.98,0.7197,0.2312,1
0000280_02801_d_0000626.jpg,12,21,15.87,0.5141,0.1529,1
0000280_02801_d_0000626.jpg,12,22,16.25,0.628,0.4501,1
0000280_02801_d_0000626.jpg,11,16,13.27,0.5195,0.1649,1
0000280_02801_d_0000626.jpg,11,21,15.2,0.7365,0.2094,1
0000280_02801_d_0000626.jpg,8,18,12.0,0.0,0.0,0
0000280_02801_d_0000626.jpg,7,15,10.25,0.0,0.0,0
0000280_02801_d_0000626.jpg,7,10,8.37,0.0,0.0,0
0000280_02801_d_0000626.jpg,14,25,18.71,0.0,0.0,0
0000280_02801_d_0000626.jpg,20,28,23.66,0.0,0.0,0
0000280_03001_d_0000627.jpg,11,17,13.67,0.0,0.0,0
0000280_03001_d_0000627.jpg,28,55,39.24,0.8215,0.8096,1
0000280_03001_d_0000627.jpg,23,40,30.33,0.5225,0.8015,1
0000280_03001_d_0000627.jpg,9,32,16.97,0.0,0.0,0
0000280_03001_d_0000627.jpg,13,27,18.73,0.5388,0.2655,1
0000280_03001_d_0000627.jpg,14,24,18.33,0.5589,0.2855,1
0000280_03001_d_0000627.jpg,10,22,14.83,0.0,0.0,0
0000280_03001_d_0000627.jpg,9,20,13.42,0.0,0.0,0
0000280_03001_d_0000627.jpg,9,22,14.07,0.0,0.0,0
0000280_03001_d_0000627.jpg,16,25,20.0,0.0,0.0,0
0000280_03001_d_0000627.jpg,14,27,19.44,0.0,0.0,0
0000280_03001_d_0000627.jpg,8,23,13.56,0.0,0.0,0
0000280_03001_d_0000627.jpg,9,25,15.0,0.0,0.0,0
0000280_03001_d_0000627.jpg,12,21,15.87,0.0,0.0,0
0000280_03001_d_0000627.jpg,14,25,18.71,0.7603,0.1619,1
0000280_03001_d_0000627.jpg,8,14,10.58,0.0,0.0,0
0000280_03001_d_0000627.jpg,9,14,11.22,0.0,0.0,0
0000280_03001_d_0000627.jpg,6,10,7.75,0.0,0.0,0
0000280_03001_d_0000627.jpg,6,12,8.49,0.0,0.0,0
0000280_03001_d_0000627.jpg,5,12,7.75,0.0,0.0,0
0000280_03001_d_0000627.jpg,14,23,17.94,0.0,0.0,0
0000280_03201_d_0000628.jpg,13,36,21.63,0.0,0.0,0
0000280_03201_d_0000628.jpg,21,35,27.11,0.5605,0.2818,1
0000280_03201_d_0000628.jpg,14,27,19.44,0.7419,0.3274,1
0000280_03201_d_0000628.jpg,10,19,13.78,0.579,0.4518,1
0000280_03201_d_0000628.jpg,20,43,29.33,0.6757,0.3469,1
0000280_03201_d_0000628.jpg,17,40,26.08,0.6985,0.3034,1
0000280_03201_d_0000628.jpg,30,54,40.25,0.7767,0.689,1
0000280_03201_d_0000628.jpg,18,47,29.09,0.5449,0.3319,1
0000280_03201_d_0000628.jpg,25,52,36.06,0.7101,0.4462,1
0000280_03201_d_0000628.jpg,16,35,23.66,0.5717,0.3512,1
0000280_03201_d_0000628.jpg,3,10,5.48,0.0,0.0,0
0000280_03201_d_0000628.jpg,4,11,6.63,0.0,0.0,0
0000280_03201_d_0000628.jpg,3,8,4.9,0.0,0.0,0
0000280_03201_d_0000628.jpg,3,11,5.74,0.0,0.0,0
0000280_03201_d_0000628.jpg,4,8,5.66,0.0,0.0,0
0000280_03201_d_0000628.jpg,2,8,4.0,0.0,0.0,0
0000280_03401_d_0000629.jpg,6,19,10.68,0.0,0.0,0
0000280_03401_d_0000629.jpg,2,9,4.24,0.0,0.0,0
0000280_03401_d_0000629.jpg,4,12,6.93,0.0,0.0,0
0000280_03401_d_0000629.jpg,4,7,5.29,0.0,0.0,0
0000280_03401_d_0000629.jpg,3,9,5.2,0.0,0.0,0
0000280_03401_d_0000629.jpg,4,10,6.32,0.0,0.0,0
0000280_03401_d_0000629.jpg,5,7,5.92,0.0,0.0,0
0000280_03401_d_0000629.jpg,7,7,7.0,0.286,0.1954,0
0000280_03401_d_0000629.jpg,8,13,10.2,0.0,0.0,0
0000280_03401_d_0000629.jpg,12,16,13.86,0.0,0.0,0
0000280_03401_d_0000629.jpg,19,33,25.04,0.3924,0.538,0
0000280_03401_d_0000629.jpg,19,44,28.91,0.5559,0.1665,1
0000280_03401_d_0000629.jpg,25,39,31.22,0.4782,0.7785,0
0000280_03401_d_0000629.jpg,30,48,37.95,0.6813,0.7423,1
0000283_00401_d_0000676.jpg,34,68,48.08,0.7349,0.4931,1
0000283_00401_d_0000676.jpg,34,46,39.55,0.7502,0.26,1
0000287_00001_d_0000759.jpg,12,32,19.6,0.0,0.0,0
0000287_00001_d_0000759.jpg,9,21,13.75,0.0,0.0,0
0000287_00001_d_0000759.jpg,6,10,7.75,0.0,0.0,0
0000287_00001_d_0000759.jpg,9,14,11.22,0.0,0.0,0
0000287_00001_d_0000759.jpg,9,16,12.0,0.0,0.0,0
0000287_00001_d_0000759.jpg,21,40,28.98,0.8376,0.5696,1
0000287_00001_d_0000759.jpg,16,33,22.98,0.7142,0.305,1
0000287_00001_d_0000759.jpg,10,15,12.25,0.0,0.0,0
0000287_00001_d_0000759.jpg,7,10,8.37,0.0,0.0,0
0000287_00001_d_0000759.jpg,6,17,10.1,0.0,0.0,0
0000287_00201_d_0000760.jpg,27,53,37.83,0.6536,0.6666,1
0000287_00201_d_0000760.jpg,21,46,31.08,0.7336,0.6737,1
0000287_00201_d_0000760.jpg,16,44,26.53,0.0,0.0,0
0000287_00201_d_0000760.jpg,13,29,19.42,0.6408,0.2601,1
0000287_00201_d_0000760.jpg,8,10,8.94,0.0,0.0,0
0000287_00401_d_0000761.jpg,27,69,43.16,0.8675,0.7423,1
0000287_00401_d_0000761.jpg,18,46,28.77,0.0,0.0,0
0000287_00401_d_0000761.jpg,35,38,36.47,0.0595,0.5159,0
0000287_00601_d_0000762.jpg,19,23,20.9,0.0,0.0,0
0000287_00601_d_0000762.jpg,8,10,8.94,0.0,0.0,0
0000287_00601_d_0000762.jpg,9,11,9.95,0.0,0.0,0
0000287_00601_d_0000762.jpg,7,9,7.94,0.0,0.0,0
0000287_00601_d_0000762.jpg,5,11,7.42,0.0,0.0,0
0000287_00601_d_0000762.jpg,4,9,6.0,0.0,0.0,0
0000287_00601_d_0000762.jpg,4,8,5.66,0.0,0.0,0
0000287_00601_d_0000762.jpg,6,15,9.49,0.0,0.0,0
0000287_00601_d_0000762.jpg,4,13,7.21,0.0,0.0,0
0000287_00601_d_0000762.jpg,3,9,5.2,0.0,0.0,0
0000287_00601_d_0000762.jpg,3,8,4.9,0.0,0.0,0
0000287_00601_d_0000762.jpg,4,4,4.0,0.0,0.0,0
0000287_00601_d_0000762.jpg,7,20,11.83,0.0,0.0,0
0000287_00601_d_0000762.jpg,26,32,28.84,0.6874,0.5288,1
0000287_00601_d_0000762.jpg,21,25,22.91,0.6422,0.1657,1
0000287_00601_d_0000762.jpg,15,19,16.88,0.2408,0.6014,0
0000287_00801_d_0000763.jpg,11,32,18.76,0.0,0.0,0
0000287_00801_d_0000763.jpg,27,30,28.46,0.0,0.0,0
0000287_00801_d_0000763.jpg,32,33,32.5,0.3195,0.1596,0
0000287_00801_d_0000763.jpg,34,30,31.94,0.0,0.0,0
0000287_00801_d_0000763.jpg,10,18,13.42,0.0,0.0,0
0000287_00801_d_0000763.jpg,13,30,19.75,0.7157,0.428,1
0000287_00801_d_0000763.jpg,14,27,19.44,0.893,0.2923,1
0000287_00801_d_0000763.jpg,14,27,19.44,0.6333,0.2467,1
0000287_00801_d_0000763.jpg,14,30,20.49,0.7505,0.4616,1
0000287_00801_d_0000763.jpg,7,14,9.9,0.2125,0.4019,0
0000287_00801_d_0000763.jpg,7,21,12.12,0.0,0.0,0
0000287_00801_d_0000763.jpg,8,11,9.38,0.0,0.0,0
0000287_01001_d_0000764.jpg,24,49,34.29,0.8062,0.5676,1
0000287_01001_d_0000764.jpg,20,33,25.69,0.0,0.0,0
0000287_01001_d_0000764.jpg,15,19,16.88,0.0,0.0,0
0000287_01001_d_0000764.jpg,15,22,18.17,0.0,0.0,0
0000287_01001_d_0000764.jpg,15,32,21.91,0.8459,0.6392,1
0000287_01001_d_0000764.jpg,7,15,10.25,0.166,0.5236,0
0000287_01001_d_0000764.jpg,9,21,13.75,0.0,0.0,0
0000287_01001_d_0000764.jpg,8,13,10.2,0.0,0.0,0
0000287_01001_d_0000764.jpg,6,12,8.49,0.0,0.0,0
0000287_01001_d_0000764.jpg,3,13,6.24,0.0,0.0,0
0000287_01001_d_0000764.jpg,4,11,6.63,0.0,0.0,0
0000287_01001_d_0000764.jpg,9,19,13.08,0.0,0.0,0
0000287_01001_d_0000764.jpg,6,13,8.83,0.0,0.0,0
0000287_01001_d_0000764.jpg,7,19,11.53,0.0,0.0,0
0000287_01001_d_0000764.jpg,15,31,21.56,0.0,0.0,0
0000287_01001_d_0000764.jpg,19,26,22.23,0.0,0.0,0
0000287_01001_d_0000764.jpg,7,28,14.0,0.0,0.0,0
0000287_01001_d_0000764.jpg,6,26,12.49,0.0,0.0,0
0000287_01001_d_0000764.jpg,10,18,13.42,0.0,0.0,0
0000287_01001_d_0000764.jpg,11,16,13.27,0.0,0.0,0
0000287_01001_d_0000764.jpg,11,20,14.83,0.0,0.0,0
0000287_01001_d_0000764.jpg,16,36,24.0,0.0,0.0,0
0000287_01001_d_0000764.jpg,17,32,23.32,0.0,0.0,0
0000287_01201_d_0000765.jpg,22,49,32.83,0.0,0.0,0
0000287_01201_d_0000765.jpg,12,18,14.7,0.0,0.0,0
0000287_01201_d_0000765.jpg,19,31,24.27,0.0,0.0,0
0000287_01201_d_0000765.jpg,17,43,27.04,0.0,0.0,0
0000287_01201_d_0000765.jpg,10,31,17.61,0.0,0.0,0
0000287_01201_d_0000765.jpg,10,25,15.81,0.0,0.0,0
0000287_01201_d_0000765.jpg,11,22,15.56,0.0,0.0,0
0000287_01201_d_0000765.jpg,9,19,13.08,0.0,0.0,0
0000287_01201_d_0000765.jpg,5,14,8.37,0.4139,0.1579,0
0000287_01201_d_0000765.jpg,6,14,9.17,0.0,0.0,0
0000287_01201_d_0000765.jpg,5,10,7.07,0.0,0.0,0
0000287_01201_d_0000765.jpg,6,11,8.12,0.0,0.0,0
0000287_01201_d_0000765.jpg,25,39,31.22,0.554,0.5644,1
0000287_01201_d_0000765.jpg,36,53,43.68,0.6919,0.4699,1
0000287_01201_d_0000765.jpg,28,44,35.1,0.8024,0.1553,1
0000287_01201_d_0000765.jpg,19,52,31.43,0.8231,0.2447,1
0000287_01201_d_0000765.jpg,5,12,7.75,0.0,0.0,0
0000287_01201_d_0000765.jpg,5,10,7.07,0.0,0.0,0
0000287_01201_d_0000765.jpg,4,10,6.32,0.0,0.0,0
0000287_01401_d_0000766.jpg,30,46,37.15,0.8213,0.3689,1
0000287_01401_d_0000766.jpg,30,44,36.33,0.3209,0.1777,0
0000287_01401_d_0000766.jpg,21,36,27.5,0.7316,0.3917,1
0000287_01401_d_0000766.jpg,16,29,21.54,0.6895,0.6619,1
0000287_01401_d_0000766.jpg,29,35,31.86,0.4388,0.1795,0
0000287_01401_d_0000766.jpg,30,39,34.21,0.6497,0.2623,1
0000287_01401_d_0000766.jpg,28,40,33.47,0.6361,0.1795,1
0000287_01401_d_0000766.jpg,25,33,28.72,0.576,0.2623,1
0000287_01401_d_0000766.jpg,20,40,28.28,0.0,0.0,0
0000287_01401_d_0000766.jpg,11,34,19.34,0.0,0.0,0
0000287_01401_d_0000766.jpg,14,23,17.94,0.6319,0.3856,1
0000287_01401_d_0000766.jpg,11,21,15.2,0.7274,0.3333,1
0000287_01401_d_0000766.jpg,8,19,12.33,0.4543,0.2235,0
0000287_01401_d_0000766.jpg,6,19,10.68,0.0,0.0,0
0000287_01401_d_0000766.jpg,5,16,8.94,0.0,0.0,0
0000287_01401_d_0000766.jpg,7,17,10.91,0.0,0.0,0
0000287_01401_d_0000766.jpg,5,13,8.06,0.0,0.0,0
0000287_01401_d_0000766.jpg,3,12,6.0,0.0,0.0,0
0000287_01401_d_0000766.jpg,5,11,7.42,0.0,0.0,0
0000287_01401_d_0000766.jpg,3,10,5.48,0.0,0.0,0
0000287_01401_d_0000766.jpg,5,14,8.37,0.0,0.0,0
0000287_01401_d_0000766.jpg,3,14,6.48,0.0,0.0,0
0000287_01401_d_0000766.jpg,2,12,4.9,0.0,0.0,0
0000287_01401_d_0000766.jpg,5,11,7.42,0.0,0.0,0
0000287_01601_d_0000767.jpg,20,36,26.83,0.6403,0.6811,1
0000287_01601_d_0000767.jpg,5,12,7.75,0.0,0.0,0
0000287_01601_d_0000767.jpg,6,13,8.83,0.0,0.0,0
0000287_01601_d_0000767.jpg,8,28,14.97,0.0,0.0,0
0000287_01601_d_0000767.jpg,6,25,12.25,0.4686,0.1998,0
0000287_01601_d_0000767.jpg,12,27,18.0,0.7635,0.5708,1
0000287_01601_d_0000767.jpg,7,30,14.49,0.6859,0.4707,1
0000287_01601_d_0000767.jpg,7,25,13.23,0.1697,0.3363,0
0000287_01601_d_0000767.jpg,7,24,12.96,0.0,0.0,0
0000287_01601_d_0000767.jpg,6,20,10.95,0.0,0.0,0
0000287_01601_d_0000767.jpg,8,29,15.23,0.3978,0.5416,0
0000287_01601_d_0000767.jpg,16,28,21.17,0.4941,0.2408,0
0000287_01601_d_0000767.jpg,4,19,8.72,0.0,0.0,0
0000287_01601_d_0000767.jpg,5,16,8.94,0.0,0.0,0
0000287_01601_d_0000767.jpg,4,15,7.75,0.0,0.0,0
0000287_01601_d_0000767.jpg,16,26,20.4,0.0,0.0,0
0000287_01601_d_0000767.jpg,11,45,22.25,0.7299,0.5052,1
0000287_01601_d_0000767.jpg,11,41,21.24,0.802,0.6019,1
0000287_01601_d_0000767.jpg,8,18,12.0,0.0,0.0,0
0000287_01601_d_0000767.jpg,5,19,9.75,0.0,0.0,0
0000287_01601_d_0000767.jpg,6,12,8.49,0.0,0.0,0
0000287_01801_d_0000768.jpg,16,46,27.13,0.926,0.6707,1
0000287_01801_d_0000768.jpg,12,46,23.49,0.6881,0.3035,1
0000287_01801_d_0000768.jpg,23,39,29.95,0.5956,0.6418,1
0000287_01801_d_0000768.jpg,21,28,24.25,0.7208,0.1717,1
0000287_01801_d_0000768.jpg,8,28,14.97,0.0,0.0,0
0000287_01801_d_0000768.jpg,12,28,18.33,0.0,0.0,0
0000287_01801_d_0000768.jpg,11,28,17.55,0.7667,0.4795,1
0000287_01801_d_0000768.jpg,9,25,15.0,0.3705,0.6369,0
0000287_01801_d_0000768.jpg,10,28,16.73,0.4788,0.5008,0
0000287_01801_d_0000768.jpg,8,13,10.2,0.0,0.0,0
0000287_01801_d_0000768.jpg,5,13,8.06,0.0,0.0,0
0000287_01801_d_0000768.jpg,10,20,14.14,0.354,0.1697,0
0000287_01801_d_0000768.jpg,13,31,20.07,0.0,0.0,0
0000287_01801_d_0000768.jpg,13,32,20.4,0.0,0.0,0
0000287_01801_d_0000768.jpg,7,18,11.22,0.0,0.0,0
0000287_01801_d_0000768.jpg,7,19,11.53,0.0,0.0,0
0000287_01801_d_0000768.jpg,8,21,12.96,0.0,0.0,0
0000287_01801_d_0000768.jpg,21,41,29.34,0.7604,0.4297,1
0000287_02001_d_0000769.jpg,17,47,28.27,0.8334,0.6923,1
0000287_02001_d_0000769.jpg,19,44,28.91,0.9192,0.5652,1
0000287_02001_d_0000769.jpg,18,43,27.82,0.9034,0.5119,1
0000287_02001_d_0000769.jpg,12,31,19.29,0.7186,0.1732,1
0000287_02001_d_0000769.jpg,10,26,16.12,0.0,0.0,0
0000287_02001_d_0000769.jpg,15,35,22.91,0.9028,0.5722,1
0000287_02001_d_0000769.jpg,19,35,25.79,0.7633,0.7743,1
0000287_02001_d_0000769.jpg,12,32,19.6,0.6214,0.4533,1
0000287_02001_d_0000769.jpg,13,35,21.33,0.8168,0.663,1
0000287_02001_d_0000769.jpg,10,27,16.43,0.3223,0.6122,0
0000287_02001_d_0000769.jpg,11,30,18.17,0.8339,0.3605,1
0000287_02001_d_0000769.jpg,9,14,11.22,0.0,0.0,0
0000287_02001_d_0000769.jpg,13,19,15.72,0.0,0.0,0
0000287_02201_d_0000770.jpg,7,28,14.0,0.0,0.0,0
0000287_02201_d_0000770.jpg,7,23,12.69,0.0,0.0,0
0000287_02201_d_0000770.jpg,12,30,18.97,0.8402,0.2133,1
0000287_02201_d_0000770.jpg,7,28,14.0,0.6443,0.3032,1
0000287_02201_d_0000770.jpg,19,30,23.87,0.536,0.6834,1
0000287_02201_d_0000770.jpg,15,25,19.36,0.3463,0.3171,0
0000287_02401_d_0000771.jpg,21,27,23.81,0.8263,0.1795,1
0000287_02401_d_0000771.jpg,12,23,16.61,0.0,0.0,0
0000287_02401_d_0000771.jpg,17,34,24.04,0.6316,0.3137,1
0000287_02401_d_0000771.jpg,17,31,22.96,0.8774,0.5588,1
0000287_02401_d_0000771.jpg,16,32,22.63,0.5514,0.5283,1
0000287_02601_d_0000772.jpg,12,23,16.61,0.0,0.0,0
0000287_02601_d_0000772.jpg,8,18,12.0,0.0,0.0,0
0000287_02601_d_0000772.jpg,9,18,12.73,0.0,0.0,0
0000287_02601_d_0000772.jpg,7,15,10.25,0.0,0.0,0
0000287_02601_d_0000772.jpg,7,14,9.9,0.0,0.0,0
0000287_02601_d_0000772.jpg,6,10,7.75,0.0,0.0,0
0000287_02601_d_0000772.jpg,13,30,19.75,0.8765,0.1607,1
0000287_02601_d_0000772.jpg,10,25,15.81,0.0,0.0,0
0000287_02601_d_0000772.jpg,11,29,17.86,0.749,0.3928,1
0000287_02601_d_0000772.jpg,12,29,18.65,0.4144,0.1856,0
0000287_02601_d_0000772.jpg,9,23,14.39,0.0,0.0,0
0000287_02801_d_0000773.jpg,16,29,21.54,0.4372,0.2248,0
0000287_02801_d_0000773.jpg,20,22,20.98,0.4456,0.2399,0
0000287_02801_d_0000773.jpg,26,24,24.98,0.0,0.0,0
0000287_02801_d_0000773.jpg,9,21,13.75,0.0,0.0,0
0000287_02801_d_0000773.jpg,12,24,16.97,0.0,0.0,0
0000287_02801_d_0000773.jpg,7,22,12.41,0.0,0.0,0
0000287_02801_d_0000773.jpg,6,12,8.49,0.0,0.0,0
0000287_02801_d_0000773.jpg,10,21,14.49,0.6139,0.1769,1
0000287_02801_d_0000773.jpg,10,24,15.49,0.0,0.0,0
0000287_02801_d_0000773.jpg,12,22,16.25,0.5084,0.6658,1
0000287_02801_d_0000773.jpg,9,23,14.39,0.411,0.448,0
0000287_03001_d_0000774.jpg,9,10,9.49,0.0,0.0,0
0000287_03001_d_0000774.jpg,14,13,13.49,0.0,0.0,0
0000287_03001_d_0000774.jpg,12,10,10.95,0.0,0.0,0
0000287_03001_d_0000774.jpg,9,14,11.22,0.0,0.0,0
0000287_04601_d_0000780.jpg,11,13,11.96,0.0,0.0,0
0000287_04601_d_0000780.jpg,12,13,12.49,0.0,0.0,0
0000287_04601_d_0000780.jpg,8,9,8.49,0.0,0.0,0
0000287_04601_d_0000780.jpg,13,12,12.49,0.0,0.0,0
0000287_04601_d_0000780.jpg,8,9,8.49,0.0,0.0,0
0000287_04601_d_0000780.jpg,12,12,12.0,0.0,0.0,0
0000287_04601_d_0000780.jpg,14,10,11.83,0.0,0.0,0
0000287_04601_d_0000780.jpg,15,13,13.96,0.0,0.0,0
0000287_04601_d_0000780.jpg,8,11,9.38,0.0,0.0,0
0000287_04601_d_0000780.jpg,9,15,11.62,0.0,0.0,0
0000287_04601_d_0000780.jpg,9,15,11.62,0.014,0.1951,0
0000287_04601_d_0000780.jpg,10,10,10.0,0.0,0.0,0
0000287_04601_d_0000780.jpg,10,14,11.83,0.0,0.0,0
0000287_04601_d_0000780.jpg,11,13,11.96,0.0,0.0,0
0000287_04601_d_0000780.jpg,9,14,11.22,0.0,0.0,0
0000287_04601_d_0000780.jpg,10,14,11.83,0.0056,0.1788,0
0000287_04601_d_0000780.jpg,13,13,13.0,0.0,0.0,0
0000287_04601_d_0000780.jpg,15,12,13.42,0.0,0.0,0
0000287_04601_d_0000780.jpg,19,9,13.08,0.0,0.0,0
0000287_04601_d_0000780.jpg,15,12,13.42,0.0,0.0,0
0000287_04601_d_0000780.jpg,15,11,12.85,0.0,0.0,0
0000287_04601_d_0000780.jpg,8,9,8.49,0.0,0.0,0
0000287_04601_d_0000780.jpg,11,12,11.49,0.0,0.0,0
0000287_04601_d_0000780.jpg,15,11,12.85,0.0,0.0,0
0000287_04801_d_0000781.jpg,14,13,13.49,0.0,0.0,0
0000287_04801_d_0000781.jpg,16,14,14.97,0.0,0.0,0
0000287_04801_d_0000781.jpg,14,11,12.41,0.0,0.0,0
0000287_04801_d_0000781.jpg,11,11,11.0,0.0,0.0,0
0000287_04801_d_0000781.jpg,13,10,11.4,0.0,0.0,0
0000287_04801_d_0000781.jpg,10,12,10.95,0.0,0.0,0
0000287_04801_d_0000781.jpg,13,14,13.49,0.0,0.0,0
0000287_04801_d_0000781.jpg,10,14,11.83,0.0,0.0,0
0000287_04801_d_0000781.jpg,17,9,12.37,0.0,0.0,0
0000287_04801_d_0000781.jpg,21,11,15.2,0.0,0.0,0
0000287_04801_d_0000781.jpg,14,11,12.41,0.0,0.0,0
0000287_04801_d_0000781.jpg,7,14,9.9,0.0,0.0,0
0000287_04801_d_0000781.jpg,18,11,14.07,0.0,0.0,0
0000287_05001_d_0000782.jpg,10,17,13.04,0.0,0.0,0
0000287_05001_d_0000782.jpg,9,17,12.37,0.0,0.0,0
0000287_05001_d_0000782.jpg,11,12,11.49,0.0,0.0,0
0000287_05001_d_0000782.jpg,10,20,14.14,0.0,0.0,0
0000287_05001_d_0000782.jpg,11,18,14.07,0.5876,0.1737,1
0000287_05001_d_0000782.jpg,18,14,15.87,0.0,0.0,0
0000287_05001_d_0000782.jpg,19,13,15.72,0.0,0.0,0
0000287_05001_d_0000782.jpg,17,11,13.67,0.0,0.0,0
0000287_05001_d_0000782.jpg,21,12,15.87,0.0,0.0,0
0000287_05001_d_0000782.jpg,9,10,9.49,0.0,0.0,0
0000287_05001_d_0000782.jpg,10,11,10.49,0.0,0.0,0
0000287_05001_d_0000782.jpg,13,11,11.96,0.0,0.0,0
0000287_05001_d_0000782.jpg,9,11,9.95,0.0,0.0,0
0000287_05001_d_0000782.jpg,19,13,15.72,0.0,0.0,0
0000287_05001_d_0000782.jpg,16,10,12.65,0.0,0.0,0
0000287_05001_d_0000782.jpg,19,9,13.08,0.0,0.0,0
0000287_05001_d_0000782.jpg,18,9,12.73,0.0,0.0,0
0000287_05001_d_0000782.jpg,15,14,14.49,0.0,0.0,0
0000287_05001_d_0000782.jpg,8,14,10.58,0.0,0.0,0
0000287_05001_d_0000782.jpg,6,15,9.49,0.0,0.0,0
0000287_05001_d_0000782.jpg,7,15,10.25,0.0,0.0,0
0000287_05001_d_0000782.jpg,9,14,11.22,0.0,0.0,0
0000287_05001_d_0000782.jpg,8,16,11.31,0.0,0.0,0
0000289_00001_d_0000811.jpg,16,35,23.66,0.0,0.0,0
0000289_00001_d_0000811.jpg,17,29,22.2,0.8343,0.1833,1
0000289_00001_d_0000811.jpg,16,35,23.66,0.0,0.0,0
0000289_00001_d_0000811.jpg,13,29,19.42,0.0,0.0,0
0000289_00001_d_0000811.jpg,11,27,17.23,0.0,0.0,0
0000289_00001_d_0000811.jpg,14,34,21.82,0.4416,0.5305,0
0000289_00001_d_0000811.jpg,14,36,22.45,0.4643,0.5901,0
0000289_00001_d_0000811.jpg,14,35,22.14,0.0,0.0,0
0000289_00001_d_0000811.jpg,9,28,15.87,0.0,0.0,0
0000289_00001_d_0000811.jpg,9,24,14.7,0.0,0.0,0
0000289_00001_d_0000811.jpg,15,16,15.49,0.0,0.0,0
0000289_00201_d_0000812.jpg,32,35,33.47,0.9138,0.432,1
0000289_00201_d_0000812.jpg,20,31,24.9,0.5639,0.4302,1
0000289_00201_d_0000812.jpg,16,41,25.61,0.7908,0.5932,1
0000289_00201_d_0000812.jpg,13,33,20.71,0.0,0.0,0
0000289_00201_d_0000812.jpg,12,32,19.6,0.0,0.0,0
0000289_00201_d_0000812.jpg,10,28,16.73,0.0,0.0,0
0000289_00201_d_0000812.jpg,9,27,15.59,0.0,0.0,0
0000289_00201_d_0000812.jpg,10,27,16.43,0.0,0.0,0
0000289_00201_d_0000812.jpg,9,26,15.3,0.0,0.0,0
0000289_00201_d_0000812.jpg,9,22,14.07,0.008,0.2744,0
0000289_00201_d_0000812.jpg,13,19,15.72,0.0,0.0,0
0000289_00201_d_0000812.jpg,14,28,19.8,0.0,0.0,0
0000289_00401_d_0000813.jpg,25,45,33.54,0.0,0.0,0
0000289_00401_d_0000813.jpg,12,48,24.0,0.0,0.0,0
0000289_00401_d_0000813.jpg,17,46,27.96,0.0,0.0,0
0000289_00401_d_0000813.jpg,27,47,35.62,0.7653,0.2492,1
0000289_00401_d_0000813.jpg,17,35,24.39,0.805,0.3411,1
0000289_00401_d_0000813.jpg,20,49,31.3,0.1588,0.4622,0
0000289_00401_d_0000813.jpg,17,46,27.96,0.5923,0.3744,1
0000289_00401_d_0000813.jpg,22,42,30.4,0.8249,0.6251,1
0000289_00401_d_0000813.jpg,12,39,21.63,0.0,0.0,0
0000289_00401_d_0000813.jpg,15,22,18.17,0.0,0.0,0
0000289_00401_d_0000813.jpg,14,31,20.83,0.0,0.0,0
0000289_00401_d_0000813.jpg,12,30,18.97,0.8261,0.3075,1
0000289_00401_d_0000813.jpg,12,33,19.9,0.7071,0.2099,1
0000289_00401_d_0000813.jpg,11,35,19.62,0.7335,0.3004,1
0000289_00401_d_0000813.jpg,9,33,17.23,0.0,0.0,0
0000289_00601_d_0000814.jpg,12,38,21.35,0.0,0.0,0
0000289_00601_d_0000814.jpg,10,29,17.03,0.0,0.0,0
0000289_00601_d_0000814.jpg,15,40,24.49,0.0,0.0,0
0000289_00601_d_0000814.jpg,31,49,38.97,0.9223,0.4697,1
0000289_00601_d_0000814.jpg,28,53,38.52,0.8076,0.7035,1
0000289_00601_d_0000814.jpg,24,48,33.94,0.6716,0.3147,1
0000289_00601_d_0000814.jpg,24,53,35.67,0.9268,0.6441,1
0000289_00601_d_0000814.jpg,20,48,30.98,0.0,0.0,0
0000289_00601_d_0000814.jpg,21,49,32.08,0.0,0.0,0
0000289_00601_d_0000814.jpg,33,48,39.8,0.0,0.0,0
0000289_00601_d_0000814.jpg,16,40,25.3,0.8881,0.3849,1
0000289_00601_d_0000814.jpg,16,37,24.33,0.9173,0.4024,1
0000289_00601_d_0000814.jpg,19,25,21.79,0.0,0.0,0
0000289_00801_d_0000815.jpg,17,47,28.27,0.0,0.0,0
0000289_00801_d_0000815.jpg,12,31,19.29,0.8124,0.4328,1
0000289_00801_d_0000815.jpg,7,29,14.25,0.0,0.0,0
0000289_00801_d_0000815.jpg,8,28,14.97,0.0,0.0,0
0000289_00801_d_0000815.jpg,8,28,14.97,0.0,0.0,0
0000289_00801_d_0000815.jpg,25,45,33.54,0.0,0.0,0
0000289_00801_d_0000815.jpg,30,46,37.15,0.0,0.0,0
0000289_00801_d_0000815.jpg,21,40,28.98,0.0,0.0,0
0000289_00801_d_0000815.jpg,30,59,42.07,0.0,0.0,0
0000289_00801_d_0000815.jpg,30,48,37.95,0.0,0.0,0
0000289_00801_d_0000815.jpg,23,22,22.49,0.8763,0.1675,1
0000289_00801_d_0000815.jpg,26,32,28.84,0.0,0.0,0
0000289_00801_d_0000815.jpg,21,22,21.49,0.0,0.0,0
0000289_01001_d_0000816.jpg,28,40,33.47,0.0,0.0,0
0000289_01001_d_0000816.jpg,27,35,30.74,0.0,0.0,0
0000289_01001_d_0000816.jpg,33,53,41.82,0.0,0.0,0
0000289_01001_d_0000816.jpg,24,34,28.57,0.0,0.0,0
0000289_01001_d_0000816.jpg,19,48,30.2,0.8844,0.4079,1
0000289_01001_d_0000816.jpg,13,38,22.23,0.0,0.0,0
0000289_01001_d_0000816.jpg,9,22,14.07,0.0078,0.1763,0
0000289_01201_d_0000817.jpg,20,47,30.66,0.881,0.5403,1
0000289_01201_d_0000817.jpg,24,48,33.94,0.7291,0.6345,1
0000289_01201_d_0000817.jpg,20,32,25.3,0.0,0.0,0
0000289_01201_d_0000817.jpg,20,31,24.9,0.0,0.0,0
0000289_01201_d_0000817.jpg,16,35,23.66,0.0,0.0,0
0000289_01201_d_0000817.jpg,14,25,18.71,0.0,0.0,0
0000289_01201_d_0000817.jpg,10,31,17.61,0.0,0.0,0
0000289_01201_d_0000817.jpg,11,31,18.47,0.0,0.0,0
0000289_01201_d_0000817.jpg,9,20,13.42,0.0,0.0,0
0000289_01401_d_0000818.jpg,24,52,35.33,0.0,0.0,0
0000289_01401_d_0000818.jpg,17,47,28.27,0.7914,0.5976,1
0000289_01401_d_0000818.jpg,20,54,32.86,0.8067,0.6617,1
0000289_01401_d_0000818.jpg,42,38,39.95,0.3313,0.3129,0
0000289_01401_d_0000818.jpg,32,50,40.0,0.6178,0.289,1
0000289_01401_d_0000818.jpg,16,47,27.42,0.8715,0.7671,1
0000289_01401_d_0000818.jpg,16,44,26.53,0.8132,0.6256,1
0000289_01401_d_0000818.jpg,10,28,16.73,0.0,0.0,0
0000289_01401_d_0000818.jpg,12,28,18.33,0.0,0.0,0
0000289_01601_d_0000819.jpg,5,17,9.22,0.0,0.0,0
0000289_01601_d_0000819.jpg,7,16,10.58,0.0,0.0,0
0000289_01601_d_0000819.jpg,8,16,11.31,0.0,0.0,0
0000289_01601_d_0000819.jpg,15,28,20.49,0.0,0.0,0
0000289_01601_d_0000819.jpg,12,25,17.32,0.0,0.0,0
0000289_01601_d_0000819.jpg,13,43,23.64,0.8893,0.6535,1
0000289_01601_d_0000819.jpg,16,44,26.53,0.6558,0.6794,1
0000289_01601_d_0000819.jpg,7,25,13.23,0.0,0.0,0
0000289_02001_d_0000821.jpg,21,35,27.11,0.0,0.0,0
0000289_02001_d_0000821.jpg,16,40,25.3,0.0,0.0,0
0000289_02001_d_0000821.jpg,19,38,26.87,0.0,0.0,0
0000289_02001_d_0000821.jpg,10,25,15.81,0.0,0.0,0
0000289_02001_d_0000821.jpg,26,37,31.02,0.0,0.0,0
0000289_02001_d_0000821.jpg,12,21,15.87,0.0,0.0,0
0000289_02001_d_0000821.jpg,11,25,16.58,0.0,0.0,0
0000289_02001_d_0000821.jpg,11,26,16.91,0.0,0.0,0
0000289_02001_d_0000821.jpg,9,24,14.7,0.0,0.0,0
0000289_02001_d_0000821.jpg,9,22,14.07,0.0,0.0,0
0000289_02001_d_0000821.jpg,14,38,23.07,0.0,0.0,0
0000289_02001_d_0000821.jpg,12,30,18.97,0.0,0.0,0
0000289_02001_d_0000821.jpg,18,36,25.46,0.0,0.0,0
0000289_02201_d_0000822.jpg,46,29,36.52,0.0,0.0,0
0000289_02201_d_0000822.jpg,35,29,31.86,0.0,0.0,0
0000289_02201_d_0000822.jpg,28,33,30.4,0.0,0.0,0
0000289_02201_d_0000822.jpg,17,21,18.89,0.0,0.0,0
0000289_02201_d_0000822.jpg,21,34,26.72,0.0,0.0,0
0000289_02201_d_0000822.jpg,20,34,26.08,0.0,0.0,0
0000289_02201_d_0000822.jpg,23,26,24.45,0.0,0.0,0
0000289_02201_d_0000822.jpg,22,26,23.92,0.0,0.0,0
0000289_02401_d_0000823.jpg,11,36,19.9,0.0,0.0,0
0000289_02401_d_0000823.jpg,12,35,20.49,0.8832,0.3101,1
0000289_02401_d_0000823.jpg,16,34,23.32,0.8617,0.1849,1
0000289_02401_d_0000823.jpg,9,31,16.7,0.6449,0.3199,1
0000289_02401_d_0000823.jpg,10,18,13.42,0.0,0.0,0
0000289_02401_d_0000823.jpg,9,16,12.0,0.0,0.0,0
0000289_02401_d_0000823.jpg,9,13,10.82,0.5543,0.3339,1
0000289_02401_d_0000823.jpg,5,19,9.75,0.0,0.0,0
0000289_02401_d_0000823.jpg,11,26,16.91,0.0,0.0,0
0000289_02401_d_0000823.jpg,8,19,12.33,0.0,0.0,0
0000289_02401_d_0000823.jpg,20,30,24.49,0.0,0.0,0
0000289_02401_d_0000823.jpg,19,33,25.04,0.0,0.0,0
0000289_02401_d_0000823.jpg,17,31,22.96,0.0,0.0,0
0000289_02401_d_0000823.jpg,21,22,21.49,0.0185,0.1554,0
0000289_02601_d_0000824.jpg,23,26,24.45,0.0,0.0,0
0000289_02601_d_0000824.jpg,18,31,23.62,0.0,0.0,0
0000289_02601_d_0000824.jpg,22,36,28.14,0.0,0.0,0
0000289_02601_d_0000824.jpg,12,20,15.49,0.0,0.0,0
0000289_02601_d_0000824.jpg,12,22,16.25,0.0,0.0,0
0000289_02601_d_0000824.jpg,14,27,19.44,0.6366,0.1682,1
0000289_02601_d_0000824.jpg,10,35,18.71,0.0,0.0,0
0000289_02601_d_0000824.jpg,10,32,17.89,0.0,0.0,0
0000289_02601_d_0000824.jpg,16,38,24.66,0.0,0.0,0
0000289_02601_d_0000824.jpg,13,23,17.29,0.0,0.0,0
0000289_02601_d_0000824.jpg,14,32,21.17,0.0,0.0,0
0000289_02601_d_0000824.jpg,14,31,20.83,0.0,0.0,0
0000289_02601_d_0000824.jpg,7,20,11.83,0.0,0.0,0
0000289_03001_d_0000826.jpg,15,31,21.56,0.8051,0.2752,1
0000289_03001_d_0000826.jpg,16,27,20.78,0.8739,0.592,1
0000289_03001_d_0000826.jpg,18,38,26.15,0.0,0.0,0
0000289_03001_d_0000826.jpg,21,28,24.25,0.0,0.0,0
0000289_03001_d_0000826.jpg,11,31,18.47,0.0,0.0,0
0000289_03001_d_0000826.jpg,11,31,18.47,0.0,0.0,0
0000289_03001_d_0000826.jpg,13,25,18.03,0.6987,0.214,1
0000289_03001_d_0000826.jpg,11,26,16.91,0.0,0.0,0
0000289_03001_d_0000826.jpg,12,22,16.25,0.0,0.0,0
0000289_03001_d_0000826.jpg,11,23,15.91,0.0,0.0,0
0000289_03201_d_0000827.jpg,10,26,16.12,0.0,0.0,0
0000289_03201_d_0000827.jpg,20,39,27.93,0.0,0.0,0
0000289_03201_d_0000827.jpg,21,48,31.75,0.0,0.0,0
0000289_03201_d_0000827.jpg,25,34,29.15,0.638,0.3898,1
0000289_03201_d_0000827.jpg,15,27,20.12,0.0,0.0,0
0000289_03201_d_0000827.jpg,15,28,20.49,0.0,0.0,0
0000289_03201_d_0000827.jpg,12,31,19.29,0.0,0.0,0
0000289_03201_d_0000827.jpg,18,33,24.37,0.0,0.0,0
0000289_03201_d_0000827.jpg,12,28,18.33,0.0,0.0,0
0000289_03201_d_0000827.jpg,15,23,18.57,0.0,0.0,0
0000289_03201_d_0000827.jpg,11,27,17.23,0.0,0.0,0
0000289_03201_d_0000827.jpg,9,24,14.7,0.0,0.0,0
0000289_03201_d_0000827.jpg,9,22,14.07,0.0,0.0,0
0000289_03201_d_0000827.jpg,11,16,13.27,0.0,0.0,0
0000289_03201_d_0000827.jpg,8,22,13.27,0.0,0.0,0
0000289_03201_d_0000827.jpg,6,22,11.49,0.0,0.0,0
0000289_03201_d_0000827.jpg,6,19,10.68,0.0,0.0,0
0000289_03201_d_0000827.jpg,8,18,12.0,0.0,0.0,0
0000289_03201_d_0000827.jpg,8,12,9.8,0.0,0.0,0
0000289_03401_d_0000828.jpg,12,35,20.49,0.8535,0.2173,1
0000289_03401_d_0000828.jpg,24,54,36.0,0.7164,0.7259,1
0000289_03401_d_0000828.jpg,20,47,30.66,0.758,0.2388,1
0000289_03401_d_0000828.jpg,11,29,17.86,0.0016,0.1614,0
0000289_03401_d_0000828.jpg,12,22,16.25,0.0,0.0,0
0000289_03401_d_0000828.jpg,12,21,15.87,0.0,0.0,0
0000289_03401_d_0000828.jpg,11,17,13.67,0.0,0.0,0
0000289_03401_d_0000828.jpg,11,21,15.2,0.0,0.0,0
0000289_03401_d_0000828.jpg,14,24,18.33,0.0,0.0,0
0000289_03401_d_0000828.jpg,12,25,17.32,0.0,0.0,0
0000289_03401_d_0000828.jpg,13,25,18.03,0.8476,0.3945,1
0000289_03401_d_0000828.jpg,15,26,19.75,0.7634,0.2243,1
0000289_03401_d_0000828.jpg,11,22,15.56,0.0,0.0,0
0000289_03401_d_0000828.jpg,12,23,16.61,0.0,0.0,0
0000289_03401_d_0000828.jpg,16,31,22.27,0.0,0.0,0
0000289_03401_d_0000828.jpg,9,25,15.0,0.0,0.0,0
0000289_03401_d_0000828.jpg,7,22,12.41,0.0,0.0,0
0000289_03401_d_0000828.jpg,6,22,11.49,0.0,0.0,0
0000289_03401_d_0000828.jpg,7,22,12.41,0.0,0.0,0
0000289_03601_d_0000829.jpg,21,27,23.81,0.328,0.4055,0
0000289_03601_d_0000829.jpg,21,50,32.4,0.0,0.0,0
0000289_03601_d_0000829.jpg,17,37,25.08,0.0,0.0,0
0000289_03601_d_0000829.jpg,10,18,13.42,0.0,0.0,0
0000289_03601_d_0000829.jpg,12,20,15.49,0.0,0.0,0
0000289_03601_d_0000829.jpg,13,24,17.66,0.0,0.0,0
0000289_03601_d_0000829.jpg,10,28,16.73,0.0,0.0,0
0000289_03601_d_0000829.jpg,6,20,10.95,0.0,0.0,0
0000289_03601_d_0000829.jpg,7,23,12.69,0.0,0.0,0
0000289_03601_d_0000829.jpg,9,15,11.62,0.0,0.0,0
0000289_03601_d_0000829.jpg,13,22,16.91,0.0,0.0,0
0000289_03601_d_0000829.jpg,7,25,13.23,0.0,0.0,0
0000289_03601_d_0000829.jpg,10,23,15.17,0.0,0.0,0
0000289_03601_d_0000829.jpg,9,27,15.59,0.0,0.0,0
0000289_03601_d_0000829.jpg,7,21,12.12,0.0,0.0,0
0000289_03601_d_0000829.jpg,9,14,11.22,0.0,0.0,0
0000289_03601_d_0000829.jpg,9,15,11.62,0.0,0.0,0
0000289_03601_d_0000829.jpg,9,12,10.39,0.0,0.0,0
0000289_03601_d_0000829.jpg,9,25,15.0,0.0,0.0,0
0000289_03601_d_0000829.jpg,8,30,15.49,0.0,0.0,0
0000289_03601_d_0000829.jpg,6,25,12.25,0.0,0.0,0
0000289_03601_d_0000829.jpg,6,24,12.0,0.1416,0.2843,0
0000289_03601_d_0000829.jpg,5,23,10.72,0.3034,0.3148,0
0000289_03601_d_0000829.jpg,6,23,11.75,0.6424,0.232,1
0000289_03601_d_0000829.jpg,8,23,13.56,0.0,0.0,0
0000289_03601_d_0000829.jpg,6,22,11.49,0.0,0.0,0
0000289_03601_d_0000829.jpg,7,21,12.12,0.0,0.0,0
0000289_03601_d_0000829.jpg,7,23,12.69,0.0,0.0,0
0000289_03601_d_0000829.jpg,6,19,10.68,0.0,0.0,0
0000289_03601_d_0000829.jpg,7,15,10.25,0.0,0.0,0
0000289_03601_d_0000829.jpg,6,10,7.75,0.0,0.0,0
0000289_03601_d_0000829.jpg,7,20,11.83,0.0,0.0,0
0000289_03601_d_0000829.jpg,9,25,15.0,0.0,0.0,0
0000289_03601_d_0000829.jpg,10,22,14.83,0.0,0.0,0
0000289_03601_d_0000829.jpg,9,20,13.42,0.0,0.0,0
0000289_03601_d_0000829.jpg,8,19,12.33,0.0,0.0,0
0000289_03801_d_0000830.jpg,30,47,37.55,0.0,0.0,0
0000289_03801_d_0000830.jpg,33,39,35.87,0.0995,0.2084,0
0000289_03801_d_0000830.jpg,14,31,20.83,0.0,0.0,0
0000289_03801_d_0000830.jpg,19,27,22.65,0.0,0.0,0
0000289_03801_d_0000830.jpg,18,32,24.0,0.0,0.0,0
0000289_03801_d_0000830.jpg,26,57,38.5,0.8142,0.7653,1
0000289_03801_d_0000830.jpg,8,17,11.66,0.0,0.0,0
0000289_03801_d_0000830.jpg,7,18,11.22,0.0,0.0,0
0000289_03801_d_0000830.jpg,8,19,12.33,0.0,0.0,0
0000289_03801_d_0000830.jpg,10,28,16.73,0.0,0.0,0
0000289_03801_d_0000830.jpg,10,26,16.12,0.0,0.0,0
0000289_03801_d_0000830.jpg,10,27,16.43,0.0,0.0,0
0000289_03801_d_0000830.jpg,9,23,14.39,0.0,0.0,0
0000289_03801_d_0000830.jpg,9,28,15.87,0.0,0.0,0
0000289_03801_d_0000830.jpg,7,30,14.49,0.0,0.0,0
0000289_03801_d_0000830.jpg,7,29,14.25,0.0,0.0,0
0000289_03801_d_0000830.jpg,6,30,13.42,0.0,0.0,0
0000289_03801_d_0000830.jpg,8,25,14.14,0.0,0.0,0
0000289_03801_d_0000830.jpg,7,29,14.25,0.0,0.0,0
0000289_03801_d_0000830.jpg,10,27,16.43,0.0,0.0,0
0000289_03801_d_0000830.jpg,11,21,15.2,0.0,0.0,0
0000289_03801_d_0000830.jpg,7,24,12.96,0.0,0.0,0
0000289_03801_d_0000830.jpg,8,27,14.7,0.0,0.0,0
0000289_03801_d_0000830.jpg,7,18,11.22,0.0,0.0,0
0000289_03801_d_0000830.jpg,6,23,11.75,0.0,0.0,0
0000289_03801_d_0000830.jpg,5,23,10.72,0.0,0.0,0
0000289_03801_d_0000830.jpg,6,17,10.1,0.0,0.0,0
0000289_03801_d_0000830.jpg,7,21,12.12,0.0,0.0,0
0000289_03801_d_0000830.jpg,7,16,10.58,0.0,0.0,0
0000289_03801_d_0000830.jpg,7,25,13.23,0.0,0.0,0
0000289_03801_d_0000830.jpg,8,23,13.56,0.0,0.0,0
0000289_03801_d_0000830.jpg,7,19,11.53,0.0,0.0,0
0000289_03801_d_0000830.jpg,9,22,14.07,0.0,0.0,0
0000289_03801_d_0000830.jpg,5,15,8.66,0.0,0.0,0
0000289_03801_d_0000830.jpg,7,26,13.49,0.0,0.0,0
0000289_03801_d_0000830.jpg,11,29,17.86,0.0,0.0,0
0000289_03801_d_0000830.jpg,7,26,13.49,0.0,0.0,0
0000289_03801_d_0000830.jpg,7,23,12.69,0.0,0.0,0
0000289_03801_d_0000830.jpg,9,17,12.37,0.0,0.0,0
0000289_03801_d_0000830.jpg,6,14,9.17,0.0,0.0,0
0000289_03801_d_0000830.jpg,8,27,14.7,0.0,0.0,0
0000289_03801_d_0000830.jpg,8,26,14.42,0.521,0.1601,1
0000289_03801_d_0000830.jpg,9,29,16.16,0.2366,0.2005,0
0000289_03801_d_0000830.jpg,9,30,16.43,0.5113,0.2423,1
0000289_03801_d_0000830.jpg,6,30,13.42,0.5118,0.3584,1
0000289_03801_d_0000830.jpg,7,31,14.73,0.4322,0.1999,0
0000289_03801_d_0000830.jpg,6,27,12.73,0.3884,0.2958,0
0000289_03801_d_0000830.jpg,7,25,13.23,0.5898,0.3414,1
0000289_03801_d_0000830.jpg,7,25,13.23,0.4988,0.156,0
0000289_03801_d_0000830.jpg,6,26,12.49,0.3114,0.4068,0
0000289_04001_d_0000831.jpg,23,46,32.53,0.6721,0.856,1
0000289_04001_d_0000831.jpg,14,33,21.49,0.0,0.0,0
0000289_04001_d_0000831.jpg,13,30,19.75,0.3785,0.3199,0
0000289_04001_d_0000831.jpg,10,33,18.17,0.5793,0.1683,1
0000289_04001_d_0000831.jpg,8,36,16.97,0.2781,0.1833,0
0000289_04001_d_0000831.jpg,9,35,17.75,0.6659,0.3214,1
0000289_04001_d_0000831.jpg,15,35,22.91,0.8104,0.2858,1
0000289_04001_d_0000831.jpg,9,38,18.49,0.0,0.0,0
0000289_04001_d_0000831.jpg,9,37,18.25,0.0,0.0,0
0000289_04001_d_0000831.jpg,8,28,14.97,0.0,0.0,0
0000289_04001_d_0000831.jpg,11,31,18.47,0.4831,0.1684,0
0000289_04001_d_0000831.jpg,11,28,17.55,0.0,0.0,0
0000289_04001_d_0000831.jpg,15,20,17.32,0.0,0.0,0
0000289_04001_d_0000831.jpg,11,33,19.05,0.0,0.0,0
0000289_04001_d_0000831.jpg,8,34,16.49,0.659,0.5044,1
0000289_04001_d_0000831.jpg,8,28,14.97,0.1653,0.1733,0
0000289_04001_d_0000831.jpg,7,21,12.12,0.3888,0.1973,0
0000289_04001_d_0000831.jpg,9,31,16.7,0.0,0.0,0
0000289_04001_d_0000831.jpg,10,24,15.49,0.0,0.0,0
0000289_04001_d_0000831.jpg,8,31,15.75,0.0,0.0,0
0000289_04001_d_0000831.jpg,12,31,19.29,0.0,0.0,0
0000289_04001_d_0000831.jpg,7,28,14.0,0.0,0.0,0
0000289_04001_d_0000831.jpg,6,15,9.49,0.1491,0.1718,0
0000289_04001_d_0000831.jpg,8,28,14.97,0.0,0.0,0
0000289_04001_d_0000831.jpg,8,25,14.14,0.0,0.0,0
0000289_04001_d_0000831.jpg,19,32,24.66,0.0,0.0,0
0000289_04001_d_0000831.jpg,14,38,23.07,0.0,0.0,0
0000289_04001_d_0000831.jpg,14,28,19.8,0.87,0.3775,1
0000289_04001_d_0000831.jpg,13,26,18.38,0.0,0.0,0
0000289_04001_d_0000831.jpg,11,21,15.2,0.0,0.0,0
0000289_04001_d_0000831.jpg,7,21,12.12,0.0,0.0,0
0000289_04001_d_0000831.jpg,7,22,12.41,0.0,0.0,0
0000289_04001_d_0000831.jpg,7,23,12.69,0.0,0.0,0
0000289_04001_d_0000831.jpg,11,21,15.2,0.0,0.0,0
0000289_04001_d_0000831.jpg,13,18,15.3,0.0,0.0,0
0000289_04001_d_0000831.jpg,23,44,31.81,0.0,0.0,0
0000289_04001_d_0000831.jpg,25,44,33.17,0.0,0.0,0
0000289_04201_d_0000832.jpg,26,43,33.44,0.5698,0.1965,1
0000289_04201_d_0000832.jpg,7,20,11.83,0.1186,0.628,0
0000289_04201_d_0000832.jpg,16,40,25.3,0.8782,0.7325,1
0000289_04201_d_0000832.jpg,14,43,24.54,0.7748,0.2392,1
0000289_04201_d_0000832.jpg,16,40,25.3,0.4053,0.4331,0
0000289_04201_d_0000832.jpg,13,26,18.38,0.7153,0.2996,1
0000289_04201_d_0000832.jpg,22,43,30.76,0.0,0.0,0
0000289_04201_d_0000832.jpg,18,39,26.5,0.0,0.0,0
0000289_04201_d_0000832.jpg,14,31,20.83,0.0,0.0,0
0000289_04201_d_0000832.jpg,12,27,18.0,0.5034,0.509,1
0000289_04201_d_0000832.jpg,15,21,17.75,0.496,0.3215,0
0000289_04201_d_0000832.jpg,9,18,12.73,0.0,0.0,0
0000289_04201_d_0000832.jpg,9,21,13.75,0.0,0.0,0
0000289_04201_d_0000832.jpg,14,41,23.96,0.8013,0.5646,1
0000289_04201_d_0000832.jpg,10,44,20.98,0.0,0.0,0
0000289_04201_d_0000832.jpg,12,44,22.98,0.2099,0.1513,0
0000289_04201_d_0000832.jpg,11,43,21.75,0.7252,0.2711,1
0000289_04201_d_0000832.jpg,13,41,23.09,0.0,0.0,0
0000289_04201_d_0000832.jpg,11,37,20.17,0.0,0.0,0
0000289_04201_d_0000832.jpg,10,29,17.03,0.1108,0.1893,0
0000289_04201_d_0000832.jpg,10,32,17.89,0.7774,0.2766,1
0000289_04201_d_0000832.jpg,10,34,18.44,0.0,0.0,0
0000289_04201_d_0000832.jpg,9,37,18.25,0.0,0.0,0
0000289_04201_d_0000832.jpg,11,37,20.17,0.0,0.0,0
0000289_04201_d_0000832.jpg,6,29,13.19,0.0,0.0,0
0000289_04201_d_0000832.jpg,8,31,15.75,0.0,0.0,0
0000289_04201_d_0000832.jpg,8,26,14.42,0.0,0.0,0
0000289_04201_d_0000832.jpg,10,25,15.81,0.0,0.0,0
0000289_04201_d_0000832.jpg,13,43,23.64,0.2124,0.186,0
0000289_04201_d_0000832.jpg,15,40,24.49,0.7739,0.3249,1
0000289_04201_d_0000832.jpg,12,38,21.35,0.5373,0.2515,1
0000289_04201_d_0000832.jpg,13,38,22.23,0.5301,0.2867,1
0000289_04201_d_0000832.jpg,13,37,21.93,0.0442,0.3313,0
0000289_04201_d_0000832.jpg,11,33,19.05,0.5126,0.4243,1
0000289_04201_d_0000832.jpg,14,44,24.82,0.7733,0.4608,1
0000289_04201_d_0000832.jpg,13,43,23.64,0.3294,0.1932,0
0000289_04201_d_0000832.jpg,10,46,21.45,0.6048,0.1866,1
0000289_04201_d_0000832.jpg,17,37,25.08,0.536,0.4086,1
0000289_04201_d_0000832.jpg,12,41,22.18,0.752,0.1855,1
0000289_04201_d_0000832.jpg,14,38,23.07,0.0,0.0,0
0000289_04201_d_0000832.jpg,13,31,20.07,0.0,0.0,0
0000289_04201_d_0000832.jpg,9,29,16.16,0.0,0.0,0
0000289_04201_d_0000832.jpg,9,27,15.59,0.0,0.0,0
0000289_04201_d_0000832.jpg,6,12,8.49,0.0,0.0,0
0000289_04201_d_0000832.jpg,10,30,17.32,0.0,0.0,0
0000289_04401_d_0000833.jpg,31,43,36.51,0.7135,0.2635,1
0000289_04401_d_0000833.jpg,34,56,43.63,0.117,0.4996,0
0000289_04401_d_0000833.jpg,26,39,31.84,0.5948,0.1656,1
0000289_04401_d_0000833.jpg,13,48,24.98,0.072,0.2759,0
0000289_04401_d_0000833.jpg,7,24,12.96,0.009,0.1826,0
0000289_04401_d_0000833.jpg,20,42,28.98,0.0,0.0,0
0000289_04401_d_0000833.jpg,19,41,27.91,0.646,0.4484,1
0000289_04401_d_0000833.jpg,31,52,40.15,0.8426,0.2627,1
0000289_04401_d_0000833.jpg,29,45,36.12,0.4524,0.4758,0
0000289_04401_d_0000833.jpg,12,27,18.0,0.7152,0.2504,1
0000289_04401_d_0000833.jpg,12,31,19.29,0.8876,0.2822,1
0000289_04401_d_0000833.jpg,12,26,17.66,0.0,0.0,0
0000289_04401_d_0000833.jpg,9,21,13.75,0.0,0.0,0
0000289_04401_d_0000833.jpg,9,20,13.42,0.0,0.0,0
0000289_04401_d_0000833.jpg,18,36,25.46,0.0,0.0,0
0000289_04401_d_0000833.jpg,14,39,23.37,0.7269,0.1988,1
0000289_04401_d_0000833.jpg,14,47,25.65,0.0,0.0,0
0000289_04401_d_0000833.jpg,16,48,27.71,0.2685,0.3954,0
0000289_04401_d_0000833.jpg,24,46,33.23,0.7813,0.728,1
0000289_04401_d_0000833.jpg,15,51,27.66,0.8521,0.4376,1
0000289_04401_d_0000833.jpg,16,48,27.71,0.142,0.296,0
0000289_04401_d_0000833.jpg,19,50,30.82,0.5634,0.167,1
0000289_04401_d_0000833.jpg,15,37,23.56,0.113,0.2523,0
0000289_04401_d_0000833.jpg,16,43,26.23,0.0,0.0,0
0000289_04401_d_0000833.jpg,18,38,26.15,0.1114,0.4117,0
0000289_04401_d_0000833.jpg,22,43,30.76,0.8437,0.3596,1
0000289_04401_d_0000833.jpg,16,48,27.71,0.8366,0.2385,1
0000289_04401_d_0000833.jpg,22,51,33.5,0.5707,0.1961,1
0000289_04401_d_0000833.jpg,17,44,27.35,0.6846,0.3206,1
0000289_04401_d_0000833.jpg,25,44,33.17,0.5997,0.2899,1
0000289_04401_d_0000833.jpg,21,49,32.08,0.6015,0.2605,1
0000289_04401_d_0000833.jpg,18,51,30.3,0.7917,0.2986,1
0000289_04401_d_0000833.jpg,19,47,29.88,0.5065,0.3002,1
0000289_04401_d_0000833.jpg,15,38,23.87,0.2242,0.4286,0
0000289_04401_d_0000833.jpg,17,43,27.04,0.0,0.0,0
0000289_04401_d_0000833.jpg,15,38,23.87,0.8217,0.4906,1
0000289_04401_d_0000833.jpg,16,45,26.83,0.8276,0.5423,1
0000289_04401_d_0000833.jpg,15,49,27.11,0.6893,0.1751,1
0000289_04401_d_0000833.jpg,16,40,25.3,0.9464,0.4341,1
0000289_04401_d_0000833.jpg,13,42,23.37,0.6039,0.3573,1
0000289_04401_d_0000833.jpg,14,41,23.96,0.565,0.3275,1
0000289_04401_d_0000833.jpg,14,30,20.49,0.5331,0.1847,1
0000289_04401_d_0000833.jpg,11,37,20.17,0.1728,0.2086,0
0000289_04401_d_0000833.jpg,13,35,21.33,0.0,0.0,0
0000289_04401_d_0000833.jpg,12,38,21.35,0.0,0.0,0
0000289_04401_d_0000833.jpg,12,36,20.78,0.0,0.0,0
0000289_04401_d_0000833.jpg,9,38,18.49,0.0,0.0,0
0000289_04401_d_0000833.jpg,11,35,19.62,0.4369,0.3162,0
0000289_04401_d_0000833.jpg,10,31,17.61,0.4813,0.1757,0
0000289_04401_d_0000833.jpg,8,27,14.7,0.0,0.0,0
0000289_04401_d_0000833.jpg,9,27,15.59,0.0,0.0,0
0000289_04401_d_0000833.jpg,11,37,20.17,0.0,0.0,0
0000289_04601_d_0000834.jpg,17,51,29.44,0.7295,0.2554,1
0000289_04601_d_0000834.jpg,23,51,34.25,0.7184,0.5578,1
0000289_04601_d_0000834.jpg,26,56,38.16,0.9166,0.6225,1
0000289_04601_d_0000834.jpg,20,39,27.93,0.2167,0.2488,0
0000289_04601_d_0000834.jpg,25,58,38.08,0.2662,0.1681,0
0000289_04601_d_0000834.jpg,40,50,44.72,0.0,0.0,0
0000289_04601_d_0000834.jpg,42,59,49.78,0.0,0.0,0
0000289_04601_d_0000834.jpg,17,44,27.35,0.9025,0.7275,1
0000289_04601_d_0000834.jpg,18,43,27.82,0.9157,0.7407,1
0000289_04601_d_0000834.jpg,16,63,31.75,0.4767,0.329,0
0000289_04601_d_0000834.jpg,19,62,34.32,0.6767,0.4046,1
0000289_04601_d_0000834.jpg,17,62,32.47,0.7419,0.361,1
0000289_04601_d_0000834.jpg,32,63,44.9,0.8664,0.7797,1
0000289_04601_d_0000834.jpg,20,56,33.47,0.2317,0.1782,0
0000289_04601_d_0000834.jpg,21,51,32.73,0.5429,0.2455,1
0000289_04601_d_0000834.jpg,24,60,37.95,0.438,0.1532,0
0000289_04601_d_0000834.jpg,25,59,38.41,0.7359,0.4426,1
0000289_04601_d_0000834.jpg,32,58,43.08,0.6092,0.4428,1
0000289_04601_d_0000834.jpg,26,65,41.11,0.7049,0.5247,1
0000289_04601_d_0000834.jpg,26,54,37.47,0.6254,0.4597,1
0000289_04601_d_0000834.jpg,36,58,45.69,0.6536,0.4747,1
0000289_04601_d_0000834.jpg,21,51,32.73,0.7771,0.7316,1
0000289_04601_d_0000834.jpg,18,43,27.82,0.0,0.0,0
0000289_04601_d_0000834.jpg,11,34,19.34,0.0,0.0,0
0000289_04601_d_0000834.jpg,35,70,49.5,0.0,0.0,0
0000289_04601_d_0000834.jpg,40,58,48.17,0.0,0.0,0
0000289_04601_d_0000834.jpg,36,65,48.37,0.0475,0.1694,0
0000289_04601_d_0000834.jpg,28,60,40.99,0.7515,0.2607,1
0000289_04601_d_0000834.jpg,41,59,49.18,0.768,0.1587,1
0000289_04601_d_0000834.jpg,32,55,41.95,0.6778,0.2591,1
0000289_04601_d_0000834.jpg,38,59,47.35,0.2769,0.2024,0
0000289_04601_d_0000834.jpg,10,28,16.73,0.7487,0.6315,1
0000289_04601_d_0000834.jpg,17,39,25.75,0.8558,0.5149,1
0000289_04601_d_0000834.jpg,13,31,20.07,0.0,0.0,0
0000289_04601_d_0000834.jpg,11,31,18.47,0.1354,0.2211,0
0000289_04601_d_0000834.jpg,14,37,22.76,0.7827,0.1877,1
0000289_04601_d_0000834.jpg,13,21,16.52,0.0,0.0,0
0000289_04601_d_0000834.jpg,12,23,16.61,0.0,0.0,0
0000289_04601_d_0000834.jpg,14,35,22.14,0.7998,0.6188,1
0000289_04601_d_0000834.jpg,11,38,20.45,0.0,0.0,0
0000289_04601_d_0000834.jpg,22,47,32.16,0.5683,0.174,1
0000289_04601_d_0000834.jpg,19,44,28.91,0.609,0.2381,1
0000289_04601_d_0000834.jpg,15,51,27.66,0.8486,0.2068,1
0000289_04601_d_0000834.jpg,16,46,27.13,0.0,0.0,0
0000289_04601_d_0000834.jpg,20,49,31.3,0.0,0.0,0
0000289_04601_d_0000834.jpg,17,50,29.15,0.5337,0.366,1
0000289_04601_d_0000834.jpg,19,52,31.43,0.6985,0.1516,1
0000289_04601_d_0000834.jpg,19,55,32.33,0.1621,0.5185,0
0000289_04601_d_0000834.jpg,21,56,34.29,0.7828,0.4941,1
0000289_04601_d_0000834.jpg,26,61,39.82,0.8123,0.5748,1
0000289_04601_d_0000834.jpg,19,52,31.43,0.0,0.0,0
0000289_04601_d_0000834.jpg,17,47,28.27,0.0,0.0,0
0000289_04601_d_0000834.jpg,18,40,26.83,0.0,0.0,0
0000289_04601_d_0000834.jpg,28,58,40.3,0.8098,0.3702,1
0000289_04801_d_0000835.jpg,8,19,12.33,0.0,0.0,0
0000289_04801_d_0000835.jpg,8,20,12.65,0.0,0.0,0
0000289_04801_d_0000835.jpg,10,22,14.83,0.0,0.0,0
0000289_04801_d_0000835.jpg,15,42,25.1,0.0,0.0,0
0000289_04801_d_0000835.jpg,16,49,28.0,0.7152,0.6608,1
0000289_04801_d_0000835.jpg,27,56,38.88,0.1448,0.1542,0
0000289_04801_d_0000835.jpg,25,58,38.08,0.0,0.0,0
0000289_04801_d_0000835.jpg,11,30,18.17,0.0,0.0,0
0000289_04801_d_0000835.jpg,9,24,14.7,0.0,0.0,0
0000289_04801_d_0000835.jpg,16,42,25.92,0.8071,0.2635,1
0000289_04801_d_0000835.jpg,10,28,16.73,0.0,0.0,0
0000289_04801_d_0000835.jpg,13,28,19.08,0.0,0.0,0
0000289_04801_d_0000835.jpg,14,17,15.43,0.0,0.0,0
0000289_04801_d_0000835.jpg,13,13,13.0,0.0,0.0,0
0000289_04801_d_0000835.jpg,11,19,14.46,0.0,0.0,0
0000289_04801_d_0000835.jpg,11,23,15.91,0.0,0.0,0
0000289_04801_d_0000835.jpg,10,22,14.83,0.0,0.0,0
0000289_04801_d_0000835.jpg,15,47,26.55,0.0,0.0,0
0000289_04801_d_0000835.jpg,16,29,21.54,0.0,0.0,0
0000289_04801_d_0000835.jpg,22,30,25.69,0.0,0.0,0
0000289_04801_d_0000835.jpg,27,71,43.78,0.7898,0.243,1
0000289_04801_d_0000835.jpg,30,65,44.16,0.6029,0.1956,1
0000289_04801_d_0000835.jpg,36,64,48.0,0.1997,0.2124,0
0000289_04801_d_0000835.jpg,29,65,43.42,0.0,0.0,0
0000289_04801_d_0000835.jpg,22,53,34.15,0.5832,0.3617,1
0000289_04801_d_0000835.jpg,14,42,24.25,0.7156,0.2719,1
0000289_04801_d_0000835.jpg,16,43,26.23,0.8486,0.6229,1
0000289_04801_d_0000835.jpg,33,19,25.04,0.0,0.0,0
0000289_04801_d_0000835.jpg,29,18,22.85,0.0,0.0,0
0000289_04801_d_0000835.jpg,25,59,38.41,0.385,0.3627,0
0000289_04801_d_0000835.jpg,25,71,42.13,0.8804,0.6509,1
0000289_04801_d_0000835.jpg,29,45,36.12,0.9265,0.6338,1
0000289_05001_d_0000836.jpg,30,40,34.64,0.6281,0.6091,1
0000289_05001_d_0000836.jpg,27,44,34.47,0.7987,0.3507,1
0000289_05001_d_0000836.jpg,35,55,43.87,0.0,0.0,0
0000289_05001_d_0000836.jpg,28,61,41.33,0.9449,0.8015,1
0000289_05001_d_0000836.jpg,17,37,25.08,0.8795,0.6942,1
0000289_05001_d_0000836.jpg,16,34,23.32,0.0,0.0,0
0000289_05001_d_0000836.jpg,10,17,13.04,0.0,0.0,0
0000289_05001_d_0000836.jpg,14,30,20.49,0.0,0.0,0
0000289_05001_d_0000836.jpg,11,39,20.71,0.4729,0.2466,0
0000289_05001_d_0000836.jpg,12,39,21.63,0.7458,0.3128,1
0000289_05001_d_0000836.jpg,12,41,22.18,0.8545,0.2698,1
0000289_05001_d_0000836.jpg,17,37,25.08,0.1696,0.3349,0
0000289_05001_d_0000836.jpg,13,23,17.29,0.0,0.0,0
0000289_05001_d_0000836.jpg,12,32,19.6,0.712,0.3592,1
0000289_05001_d_0000836.jpg,14,29,20.15,0.1956,0.38,0
0000289_05001_d_0000836.jpg,16,35,23.66,0.0,0.0,0
0000289_05001_d_0000836.jpg,14,36,22.45,0.0,0.0,0
0000289_05001_d_0000836.jpg,15,33,22.25,0.0,0.0,0
0000289_05001_d_0000836.jpg,31,61,43.49,0.9056,0.4483,1
0000289_05001_d_0000836.jpg,40,60,48.99,0.9364,0.7468,1
0000289_05001_d_0000836.jpg,15,35,22.91,0.5853,0.238,1
0000289_05001_d_0000836.jpg,19,37,26.51,0.0,0.0,0
0000289_05001_d_0000836.jpg,11,24,16.25,0.0,0.0,0
0000289_05001_d_0000836.jpg,7,28,14.0,0.0,0.0,0
0000289_05001_d_0000836.jpg,8,22,13.27,0.0,0.0,0
0000289_05201_d_0000837.jpg,23,46,32.53,0.0,0.0,0
0000289_05201_d_0000837.jpg,18,38,26.15,0.0,0.0,0
0000289_05201_d_0000837.jpg,25,39,31.22,0.0592,0.1529,0
0000289_05201_d_0000837.jpg,16,34,23.32,0.0,0.0,0
0000289_05201_d_0000837.jpg,10,22,14.83,0.0,0.0,0
0000289_05201_d_0000837.jpg,9,25,15.0,0.0,0.0,0
0000289_05201_d_0000837.jpg,12,28,18.33,0.0,0.0,0
0000289_05201_d_0000837.jpg,9,14,11.22,0.0,0.0,0
0000289_05201_d_0000837.jpg,12,30,18.97,0.0,0.0,0
0000289_05201_d_0000837.jpg,16,31,22.27,0.0,0.0,0
0000289_05201_d_0000837.jpg,8,30,15.49,0.0,0.0,0
0000289_05201_d_0000837.jpg,17,40,26.08,0.0,0.0,0
0000289_05201_d_0000837.jpg,17,42,26.72,0.0,0.0,0
0000289_05201_d_0000837.jpg,22,45,31.46,0.0,0.0,0
0000289_05201_d_0000837.jpg,9,25,15.0,0.1507,0.2239,0
0000289_05201_d_0000837.jpg,12,34,20.2,0.7024,0.3804,1
0000289_05201_d_0000837.jpg,17,41,26.4,0.7575,0.5236,1
0000289_05201_d_0000837.jpg,26,40,32.25,0.1611,0.3035,0
0000289_05201_d_0000837.jpg,18,51,30.3,0.7735,0.7501,1
0000289_05201_d_0000837.jpg,20,46,30.33,0.0,0.0,0
0000289_05201_d_0000837.jpg,35,54,43.47,0.9099,0.5374,1
0000289_05201_d_0000837.jpg,34,50,41.23,0.0,0.0,0
0000289_05201_d_0000837.jpg,17,45,27.66,0.0,0.0,0
0000289_05201_d_0000837.jpg,15,49,27.11,0.0,0.0,0
0000289_05401_d_0000838.jpg,36,58,45.69,0.0,0.0,0
0000289_05401_d_0000838.jpg,33,59,44.12,0.6528,0.1655,1
0000289_05401_d_0000838.jpg,32,56,42.33,0.0,0.0,0
0000289_05401_d_0000838.jpg,21,45,30.74,0.0,0.0,0
0000289_05401_d_0000838.jpg,20,41,28.64,0.001,0.238,0
0000289_05401_d_0000838.jpg,22,46,31.81,0.0,0.0,0
0000289_05401_d_0000838.jpg,27,43,34.07,0.0,0.0,0
0000289_05401_d_0000838.jpg,17,48,28.57,0.0,0.0,0
0000289_05401_d_0000838.jpg,26,40,32.25,0.6008,0.1569,1
0000289_05401_d_0000838.jpg,21,50,32.4,0.4044,0.1936,0
0000289_05401_d_0000838.jpg,17,22,19.34,0.0,0.0,0
0000289_05401_d_0000838.jpg,19,35,25.79,0.0,0.0,0
0000289_05401_d_0000838.jpg,18,35,25.1,0.0,0.0,0
0000289_05401_d_0000838.jpg,14,28,19.8,0.0,0.0,0
0000289_05401_d_0000838.jpg,11,28,17.55,0.0,0.0,0
0000289_05401_d_0000838.jpg,10,25,15.81,0.0,0.0,0
0000289_05401_d_0000838.jpg,8,21,12.96,0.0,0.0,0
0000289_05401_d_0000838.jpg,11,26,16.91,0.0,0.0,0
0000289_05401_d_0000838.jpg,11,26,16.91,0.0,0.0,0
0000289_05401_d_0000838.jpg,7,16,10.58,0.0,0.0,0
0000289_05401_d_0000838.jpg,7,18,11.22,0.0,0.0,0
0000289_05401_d_0000838.jpg,9,19,13.08,0.0,0.0,0
0000289_05401_d_0000838.jpg,8,17,11.66,0.0,0.0,0
0000289_05401_d_0000838.jpg,10,13,11.4,0.0,0.0,0
0000289_05401_d_0000838.jpg,10,28,16.73,0.0,0.0,0
0000289_05401_d_0000838.jpg,18,32,24.0,0.8689,0.211,1
0000289_05401_d_0000838.jpg,15,31,21.56,0.6991,0.4265,1
0000289_05401_d_0000838.jpg,19,45,29.24,0.7825,0.402,1
0000289_05601_d_0000839.jpg,38,69,51.21,0.0396,0.1997,0
0000289_05601_d_0000839.jpg,28,67,43.31,0.0,0.0,0
0000289_05601_d_0000839.jpg,18,27,22.05,0.0,0.0,0
0000289_05601_d_0000839.jpg,20,44,29.66,0.0,0.0,0
0000289_05601_d_0000839.jpg,15,36,23.24,0.0,0.0,0
0000289_05601_d_0000839.jpg,17,44,27.35,0.0,0.0,0
0000289_05601_d_0000839.jpg,19,44,28.91,0.0,0.0,0
0000289_05601_d_0000839.jpg,26,56,38.16,0.7269,0.2727,1
0000289_05601_d_0000839.jpg,19,44,28.91,0.0,0.0,0
0000289_05601_d_0000839.jpg,21,54,33.67,0.0,0.0,0
0000289_05601_d_0000839.jpg,15,38,23.87,0.0,0.0,0
0000289_05601_d_0000839.jpg,20,37,27.2,0.7398,0.3925,1
0000289_05601_d_0000839.jpg,15,40,24.49,0.8904,0.5162,1
0000289_05601_d_0000839.jpg,25,34,29.15,0.0,0.0,0
0000289_05601_d_0000839.jpg,16,38,24.66,0.8123,0.5927,1
0000289_05601_d_0000839.jpg,16,28,21.17,0.0,0.0,0
0000289_05601_d_0000839.jpg,11,33,19.05,0.0,0.0,0
0000289_05601_d_0000839.jpg,17,28,21.82,0.0,0.0,0
0000289_05601_d_0000839.jpg,15,24,18.97,0.0229,0.3734,0
0000289_05601_d_0000839.jpg,13,26,18.38,0.1667,0.3265,0
0000289_05601_d_0000839.jpg,14,26,19.08,0.021,0.2208,0
0000289_05601_d_0000839.jpg,10,17,13.04,0.0,0.0,0
0000289_05601_d_0000839.jpg,8,29,15.23,0.4805,0.5455,0
0000289_05601_d_0000839.jpg,9,28,15.87,0.5513,0.4717,1
0000289_05601_d_0000839.jpg,8,26,14.42,0.0,0.0,0
0000289_05601_d_0000839.jpg,10,27,16.43,0.0,0.0,0
0000289_05601_d_0000839.jpg,6,18,10.39,0.0,0.0,0
0000289_05601_d_0000839.jpg,6,19,10.68,0.0,0.0,0
0000289_05601_d_0000839.jpg,8,18,12.0,0.0,0.0,0
0000289_05601_d_0000839.jpg,6,14,9.17,0.0,0.0,0
0000289_05601_d_0000839.jpg,6,16,9.8,0.0,0.0,0
0000289_05601_d_0000839.jpg,5,13,8.06,0.0,0.0,0
0000289_05801_d_0000840.jpg,22,31,26.12,0.0,0.0,0
0000289_05801_d_0000840.jpg,18,27,22.05,0.4045,0.2302,0
0000289_05801_d_0000840.jpg,17,42,26.72,0.0,0.0,0
0000289_05801_d_0000840.jpg,26,52,36.77,0.7552,0.248,1
0000289_05801_d_0000840.jpg,23,53,34.91,0.6006,0.3802,1
0000289_05801_d_0000840.jpg,31,32,31.5,0.0,0.0,0
0000289_05801_d_0000840.jpg,23,49,33.57,0.7784,0.6638,1
0000289_05801_d_0000840.jpg,16,36,24.0,0.0,0.0,0
0000289_05801_d_0000840.jpg,9,35,17.75,0.0,0.0,0
0000289_05801_d_0000840.jpg,15,25,19.36,0.0224,0.1707,0
0000289_05801_d_0000840.jpg,15,30,21.21,0.0,0.0,0
0000289_05801_d_0000840.jpg,14,30,20.49,0.0168,0.156,0
0000289_05801_d_0000840.jpg,18,46,28.77,0.0,0.0,0
0000289_05801_d_0000840.jpg,28,64,42.33,0.0,0.0,0
0000289_05801_d_0000840.jpg,8,28,14.97,0.0,0.0,0
0000289_05801_d_0000840.jpg,13,39,22.52,0.6602,0.5779,1
0000289_05801_d_0000840.jpg,14,40,23.66,0.0,0.0,0
0000289_05801_d_0000840.jpg,9,20,13.42,0.0,0.0,0
0000289_05801_d_0000840.jpg,6,22,11.49,0.0,0.0,0
0000289_05801_d_0000840.jpg,7,22,12.41,0.0,0.0,0
0000289_05801_d_0000840.jpg,4,20,8.94,0.0,0.0,0
0000289_05801_d_0000840.jpg,4,15,7.75,0.0,0.0,0
0000289_05801_d_0000840.jpg,5,15,8.66,0.0,0.0,0
0000289_05801_d_0000840.jpg,11,14,12.41,0.0,0.0,0
0000289_05801_d_0000840.jpg,7,18,11.22,0.0,0.0,0
0000289_05801_d_0000840.jpg,61,22,36.63,0.0,0.0,0
0000289_06001_d_0000841.jpg,47,47,47.0,0.0,0.0,0
0000289_06001_d_0000841.jpg,23,65,38.67,0.721,0.7488,1
0000289_06001_d_0000841.jpg,26,65,41.11,0.8138,0.7464,1
0000289_06001_d_0000841.jpg,25,53,36.4,0.8318,0.6563,1
0000289_06001_d_0000841.jpg,30,31,30.5,0.0,0.0,0
0000289_06001_d_0000841.jpg,23,50,33.91,0.0,0.0,0
0000289_06001_d_0000841.jpg,20,42,28.98,0.7314,0.3383,1
0000289_06001_d_0000841.jpg,24,30,26.83,0.0,0.0,0
0000289_06001_d_0000841.jpg,11,32,18.76,0.0,0.0,0
0000289_06001_d_0000841.jpg,10,35,18.71,0.0,0.0,0
0000289_06001_d_0000841.jpg,11,33,19.05,0.0,0.0,0
0000289_06001_d_0000841.jpg,14,29,20.15,0.0,0.0,0
0000289_06001_d_0000841.jpg,13,30,19.75,0.0,0.0,0
0000289_06001_d_0000841.jpg,13,31,20.07,0.7411,0.1811,1
0000289_06001_d_0000841.jpg,13,21,16.52,0.0,0.0,0
0000289_06001_d_0000841.jpg,9,22,14.07,0.0,0.0,0
0000289_06001_d_0000841.jpg,9,26,15.3,0.0,0.0,0
0000289_06001_d_0000841.jpg,10,27,16.43,0.0,0.0,0
0000289_06001_d_0000841.jpg,9,26,15.3,0.0,0.0,0
0000289_06001_d_0000841.jpg,9,20,13.42,0.0,0.0,0
0000289_06001_d_0000841.jpg,8,17,11.66,0.0,0.0,0
0000289_06001_d_0000841.jpg,7,16,10.58,0.0,0.0,0
0000289_06001_d_0000841.jpg,5,12,7.75,0.0,0.0,0
0000289_06001_d_0000841.jpg,5,14,8.37,0.0,0.0,0
0000289_06201_d_0000842.jpg,32,63,44.9,0.3534,0.1568,0
0000289_06201_d_0000842.jpg,30,51,39.12,0.0,0.0,0
0000289_06201_d_0000842.jpg,40,43,41.47,0.8507,0.2017,1
0000289_06201_d_0000842.jpg,20,59,34.35,0.7149,0.5137,1
0000289_06201_d_0000842.jpg,33,64,45.96,0.8523,0.151,1
0000289_06201_d_0000842.jpg,16,22,18.76,0.2279,0.2611,0
0000289_06201_d_0000842.jpg,33,61,44.87,0.9194,0.4078,1
0000289_06201_d_0000842.jpg,26,56,38.16,0.6655,0.5627,1
0000289_06201_d_0000842.jpg,20,45,30.0,0.0,0.0,0
0000289_06201_d_0000842.jpg,18,51,30.3,0.0636,0.2566,0
0000289_06201_d_0000842.jpg,17,21,18.89,0.0,0.0,0
0000289_06201_d_0000842.jpg,11,17,13.67,0.0,0.0,0
0000289_06201_d_0000842.jpg,12,17,14.28,0.0,0.0,0
0000289_06201_d_0000842.jpg,10,36,18.97,0.0,0.0,0
0000289_06201_d_0000842.jpg,9,34,17.49,0.0,0.0,0
0000289_06201_d_0000842.jpg,9,34,17.49,0.0,0.0,0
0000289_06201_d_0000842.jpg,15,27,20.12,0.0,0.0,0
0000289_06201_d_0000842.jpg,9,22,14.07,0.0,0.0,0
0000289_06201_d_0000842.jpg,11,20,14.83,0.0,0.0,0
0000289_06201_d_0000842.jpg,14,20,16.73,0.0,0.0,0
0000289_06201_d_0000842.jpg,11,21,15.2,0.0,0.0,0
0000289_06201_d_0000842.jpg,15,31,21.56,0.0,0.0,0
0000289_06201_d_0000842.jpg,11,25,16.58,0.0,0.0,0
0000289_06201_d_0000842.jpg,7,16,10.58,0.0,0.0,0
0000289_06401_d_0000843.jpg,25,58,38.08,0.8256,0.7076,1
0000289_06401_d_0000843.jpg,10,35,18.71,0.0,0.0,0
0000289_06401_d_0000843.jpg,14,33,21.49,0.0,0.0,0
0000289_06401_d_0000843.jpg,10,43,20.74,0.693,0.5236,1
0000289_06401_d_0000843.jpg,13,41,23.09,0.7724,0.4413,1
0000289_06401_d_0000843.jpg,12,43,22.72,0.8136,0.1976,1
0000289_06401_d_0000843.jpg,12,33,19.9,0.8717,0.4338,1
0000289_06401_d_0000843.jpg,7,21,12.12,0.0,0.0,0
0000289_06401_d_0000843.jpg,7,35,15.65,0.1913,0.2286,0
0000289_06401_d_0000843.jpg,9,35,17.75,0.5125,0.2691,1
0000289_06401_d_0000843.jpg,5,17,9.22,0.0,0.0,0
0000289_06401_d_0000843.jpg,12,26,17.66,0.0,0.0,0
0000289_06401_d_0000843.jpg,7,22,12.41,0.0,0.0,0
0000289_06401_d_0000843.jpg,7,24,12.96,0.0,0.0,0
0000289_06401_d_0000843.jpg,7,10,8.37,0.0,0.0,0
0000289_06401_d_0000843.jpg,8,24,13.86,0.0,0.0,0
0000289_06401_d_0000843.jpg,9,21,13.75,0.0,0.0,0
0000289_06401_d_0000843.jpg,9,17,12.37,0.0,0.0,0
0000289_06401_d_0000843.jpg,7,19,11.53,0.0,0.0,0
0000289_06401_d_0000843.jpg,33,39,35.87,0.6383,0.2033,1
0000289_06401_d_0000843.jpg,20,37,27.2,0.0858,0.3178,0
0000289_06601_d_0000844.jpg,17,46,27.96,0.6185,0.1781,1
0000289_06601_d_0000844.jpg,9,34,17.49,0.0,0.0,0
0000289_06601_d_0000844.jpg,7,10,8.37,0.0,0.0,0
0000289_06601_d_0000844.jpg,7,12,9.17,0.0,0.0,0
0000289_06601_d_0000844.jpg,7,13,9.54,0.0,0.0,0
0000289_06601_d_0000844.jpg,9,12,10.39,0.0,0.0,0
0000289_06601_d_0000844.jpg,10,14,11.83,0.0,0.0,0
0000289_06601_d_0000844.jpg,9,24,14.7,0.0,0.0,0
0000289_06601_d_0000844.jpg,14,18,15.87,0.0,0.0,0
0000289_06601_d_0000844.jpg,11,17,13.67,0.0,0.0,0
0000289_06601_d_0000844.jpg,9,31,16.7,0.0,0.0,0
0000289_06601_d_0000844.jpg,12,15,13.42,0.0,0.0,0
0000289_06601_d_0000844.jpg,12,20,15.49,0.0,0.0,0
0000289_06601_d_0000844.jpg,20,52,32.25,0.8934,0.773,1
0000289_06601_d_0000844.jpg,21,53,33.36,0.8048,0.8009,1
0000289_06601_d_0000844.jpg,16,62,31.5,0.8064,0.81,1
0000289_06601_d_0000844.jpg,12,21,15.87,0.0,0.0,0
0000289_06601_d_0000844.jpg,12,21,15.87,0.0,0.0,0
0000289_06601_d_0000844.jpg,11,42,21.49,0.0,0.0,0
0000289_06601_d_0000844.jpg,31,46,37.76,0.0,0.0,0
0000289_06601_d_0000844.jpg,18,28,22.45,0.0,0.0,0
0000289_06601_d_0000844.jpg,17,26,21.02,0.0,0.0,0
0000289_06601_d_0000844.jpg,14,47,25.65,0.0463,0.4876,0
0000289_06601_d_0000844.jpg,18,48,29.39,0.7578,0.3188,1
0000289_06601_d_0000844.jpg,22,27,24.37,0.0,0.0,0
0000289_06801_d_0000845.jpg,5,13,8.06,0.0,0.0,0
0000289_06801_d_0000845.jpg,5,13,8.06,0.0,0.0,0
0000289_06801_d_0000845.jpg,5,14,8.37,0.0,0.0,0
0000289_06801_d_0000845.jpg,5,15,8.66,0.0,0.0,0
0000289_06801_d_0000845.jpg,7,17,10.91,0.0,0.0,0
0000289_06801_d_0000845.jpg,7,15,10.25,0.0,0.0,0
0000289_06801_d_0000845.jpg,7,16,10.58,0.0,0.0,0
0000289_06801_d_0000845.jpg,7,15,10.25,0.0,0.0,0
0000289_06801_d_0000845.jpg,9,20,13.42,0.0,0.0,0
0000289_06801_d_0000845.jpg,10,20,14.14,0.0,0.0,0
0000289_06801_d_0000845.jpg,12,32,19.6,0.0,0.0,0
0000289_06801_d_0000845.jpg,12,29,18.65,0.0,0.0,0
0000289_06801_d_0000845.jpg,8,22,13.27,0.007,0.2046,0
0000289_06801_d_0000845.jpg,8,17,11.66,0.0,0.0,0
0000289_06801_d_0000845.jpg,20,27,23.24,0.0,0.0,0
0000289_06801_d_0000845.jpg,17,18,17.49,0.0837,0.2057,0
0000289_06801_d_0000845.jpg,14,32,21.17,0.0,0.0,0
0000289_06801_d_0000845.jpg,14,22,17.55,0.0,0.0,0
0000289_06801_d_0000845.jpg,14,24,18.33,0.0,0.0,0
0000289_06801_d_0000845.jpg,13,30,19.75,0.0,0.0,0
0000289_06801_d_0000845.jpg,17,33,23.69,0.8741,0.3835,1
0000289_06801_d_0000845.jpg,14,19,16.31,0.0,0.0,0
0000289_06801_d_0000845.jpg,8,14,10.58,0.0,0.0,0
0000289_06801_d_0000845.jpg,9,17,12.37,0.0,0.0,0
0000289_06801_d_0000845.jpg,8,12,9.8,0.0,0.0,0
0000289_06801_d_0000845.jpg,7,9,7.94,0.0,0.0,0
0000289_06801_d_0000845.jpg,10,26,16.12,0.0,0.0,0
0000289_06801_d_0000845.jpg,13,21,16.52,0.0,0.0,0
0000289_06801_d_0000845.jpg,6,16,9.8,0.0,0.0,0
0000289_06801_d_0000845.jpg,6,17,10.1,0.0,0.0,0
0000289_06801_d_0000845.jpg,7,12,9.17,0.0,0.0,0
0000289_07001_d_0000846.jpg,12,14,12.96,0.0,0.0,0
0000289_07001_d_0000846.jpg,14,17,15.43,0.0,0.0,0
0000289_07001_d_0000846.jpg,11,18,14.07,0.0,0.0,0
0000289_07001_d_0000846.jpg,8,12,9.8,0.0,0.0,0
0000289_07001_d_0000846.jpg,9,15,11.62,0.0,0.0,0
0000289_07001_d_0000846.jpg,11,15,12.85,0.0,0.0,0
0000289_07001_d_0000846.jpg,15,21,17.75,0.0128,0.265,0
0000289_07001_d_0000846.jpg,10,19,13.78,0.0077,0.2753,0
0000289_07001_d_0000846.jpg,10,18,13.42,0.0,0.0,0
0000289_07001_d_0000846.jpg,10,21,14.49,0.0,0.0,0
0000289_07001_d_0000846.jpg,16,12,13.86,0.0,0.0,0
0000289_07001_d_0000846.jpg,15,10,12.25,0.0,0.0,0
0000289_07001_d_0000846.jpg,8,17,11.66,0.0,0.0,0
0000289_07001_d_0000846.jpg,9,17,12.37,0.0,0.0,0
0000289_07001_d_0000846.jpg,9,22,14.07,0.0,0.0,0
0000289_07001_d_0000846.jpg,11,18,14.07,0.0,0.0,0
0000289_07001_d_0000846.jpg,11,15,12.85,0.0,0.0,0
0000289_07001_d_0000846.jpg,17,20,18.44,0.0,0.0,0
0000289_07001_d_0000846.jpg,10,12,10.95,0.0,0.0,0
0000289_07001_d_0000846.jpg,11,12,11.49,0.0,0.0,0
0000289_07001_d_0000846.jpg,10,11,10.49,0.0,0.0,0
0000289_07001_d_0000846.jpg,11,20,14.83,0.0,0.0,0
0000289_07001_d_0000846.jpg,14,19,16.31,0.0,0.0,0
0000289_07001_d_0000846.jpg,9,16,12.0,0.0,0.0,0
0000289_07001_d_0000846.jpg,14,18,15.87,0.0,0.0,0
0000289_07201_d_0000847.jpg,20,12,15.49,0.0,0.0,0
0000289_07201_d_0000847.jpg,14,16,14.97,0.0,0.0,0
0000289_07201_d_0000847.jpg,17,20,18.44,0.0,0.0,0
0000289_07201_d_0000847.jpg,22,17,19.34,0.0,0.0,0
0000289_07201_d_0000847.jpg,23,19,20.9,0.0451,0.2782,0
0000289_07201_d_0000847.jpg,18,18,18.0,0.0,0.0,0
0000290_04001_d_0000867.jpg,5,17,9.22,0.0,0.0,0
0000290_04001_d_0000867.jpg,7,21,12.12,0.0,0.0,0
0000290_04001_d_0000867.jpg,8,15,10.95,0.0,0.0,0
0000290_04001_d_0000867.jpg,16,19,17.44,0.5899,0.3661,1
0000290_04001_d_0000867.jpg,20,30,24.49,0.0,0.0,0
0000290_04001_d_0000867.jpg,9,17,12.37,0.0,0.0,0
0000290_04001_d_0000867.jpg,10,21,14.49,0.0,0.0,0
0000290_04001_d_0000867.jpg,5,16,8.94,0.0,0.0,0
0000290_04001_d_0000867.jpg,6,18,10.39,0.0,0.0,0
0000290_04001_d_0000867.jpg,7,13,9.54,0.0,0.0,0
0000290_04001_d_0000867.jpg,8,19,12.33,0.0,0.0,0
0000290_04001_d_0000867.jpg,11,24,16.25,0.5534,0.3742,1
0000290_04001_d_0000867.jpg,12,23,16.61,0.7425,0.19,1
0000290_04001_d_0000867.jpg,11,23,15.91,0.4156,0.4805,0
0000290_04001_d_0000867.jpg,14,26,19.08,0.0,0.0,0
0000290_04001_d_0000867.jpg,12,18,14.7,0.7006,0.3889,1
0000290_04001_d_0000867.jpg,7,19,11.53,0.373,0.2315,0
0000290_04001_d_0000867.jpg,15,35,22.91,0.0,0.0,0
0000291_00001_d_0000868.jpg,14,32,21.17,0.4022,0.3656,0
0000291_00001_d_0000868.jpg,10,36,18.97,0.0,0.0,0
0000291_00001_d_0000868.jpg,14,35,22.14,0.843,0.1505,1
0000291_00001_d_0000868.jpg,9,36,18.0,0.0,0.0,0
0000291_00001_d_0000868.jpg,15,42,25.1,0.8445,0.5627,1
0000291_00001_d_0000868.jpg,8,31,15.75,0.0,0.0,0
0000291_00001_d_0000868.jpg,7,30,14.49,0.0,0.0,0
0000291_00001_d_0000868.jpg,9,25,15.0,0.0,0.0,0
0000291_00001_d_0000868.jpg,9,26,15.3,0.0,0.0,0
0000291_00001_d_0000868.jpg,15,22,18.17,0.4187,0.2027,0
0000291_00001_d_0000868.jpg,16,32,22.63,0.7054,0.1646,1
0000291_00001_d_0000868.jpg,7,17,10.91,0.0,0.0,0
0000291_00001_d_0000868.jpg,9,15,11.62,0.0,0.0,0
0000291_00001_d_0000868.jpg,7,20,11.83,0.0,0.0,0
0000291_00001_d_0000868.jpg,7,18,11.22,0.0,0.0,0
0000291_00001_d_0000868.jpg,6,18,10.39,0.0,0.0,0
0000291_00001_d_0000868.jpg,4,11,6.63,0.0,0.0,0
0000291_00001_d_0000868.jpg,5,13,8.06,0.0,0.0,0
0000291_00001_d_0000868.jpg,5,13,8.06,0.0,0.0,0
0000291_00001_d_0000868.jpg,7,7,7.0,0.0,0.0,0
0000291_00001_d_0000868.jpg,4,9,6.0,0.0,0.0,0
0000291_00001_d_0000868.jpg,4,5,4.47,0.0,0.0,0
0000291_00001_d_0000868.jpg,18,36,25.46,0.7727,0.33,1
0000291_00001_d_0000868.jpg,14,34,21.82,0.649,0.1834,1
0000291_00001_d_0000868.jpg,9,31,16.7,0.7119,0.5542,1
0000291_00001_d_0000868.jpg,9,35,17.75,0.7892,0.1896,1
0000291_00001_d_0000868.jpg,9,30,16.43,0.0,0.0,0
0000291_00001_d_0000868.jpg,12,25,17.32,0.6439,0.1618,1
0000291_00001_d_0000868.jpg,10,33,18.17,0.5357,0.2316,1
0000291_00001_d_0000868.jpg,14,24,18.33,0.0636,0.1814,0
0000291_00001_d_0000868.jpg,14,35,22.14,0.0,0.0,0
0000291_00001_d_0000868.jpg,12,22,16.25,0.6136,0.1642,1
0000291_00001_d_0000868.jpg,15,20,17.32,0.6283,0.1755,1
0000291_00001_d_0000868.jpg,13,19,15.72,0.0,0.0,0
0000291_00001_d_0000868.jpg,13,22,16.91,0.0,0.0,0
0000291_00001_d_0000868.jpg,14,24,18.33,0.0,0.0,0
0000291_00001_d_0000868.jpg,17,23,19.77,0.0,0.0,0
0000291_00001_d_0000868.jpg,12,20,15.49,0.0,0.0,0
0000291_00001_d_0000868.jpg,10,19,13.78,0.0,0.0,0
0000291_00001_d_0000868.jpg,12,19,15.1,0.0,0.0,0
0000291_00001_d_0000868.jpg,15,18,16.43,0.0342,0.3078,0
0000291_00001_d_0000868.jpg,14,22,17.55,0.123,0.1534,0
0000291_00001_d_0000868.jpg,14,21,17.15,0.0,0.0,0
0000291_00001_d_0000868.jpg,14,23,17.94,0.7175,0.1519,1
0000291_00001_d_0000868.jpg,13,28,19.08,0.0317,0.2419,0
0000291_00001_d_0000868.jpg,9,31,16.7,0.0659,0.1695,0
0000291_00001_d_0000868.jpg,8,33,16.25,0.0,0.0,0
0000291_00001_d_0000868.jpg,11,30,18.17,0.0,0.0,0
0000291_00001_d_0000868.jpg,8,29,15.23,0.0,0.0,0
0000291_00001_d_0000868.jpg,13,35,21.33,0.7998,0.3885,1
0000291_00001_d_0000868.jpg,10,41,20.25,0.7607,0.2178,1
0000291_00001_d_0000868.jpg,11,26,16.91,0.0,0.0,0
0000291_00001_d_0000868.jpg,13,21,16.52,0.0,0.0,0
0000291_00001_d_0000868.jpg,10,18,13.42,0.0,0.0,0
0000291_00001_d_0000868.jpg,8,16,11.31,0.0,0.0,0
0000291_00001_d_0000868.jpg,9,20,13.42,0.0,0.0,0
0000291_00001_d_0000868.jpg,9,25,15.0,0.0,0.0,0
0000291_00001_d_0000868.jpg,7,24,12.96,0.0,0.0,0
0000291_00001_d_0000868.jpg,12,19,15.1,0.0,0.0,0
0000291_00001_d_0000868.jpg,11,17,13.67,0.0,0.0,0
0000291_00001_d_0000868.jpg,9,15,11.62,0.0,0.0,0
0000291_00001_d_0000868.jpg,7,15,10.25,0.0,0.0,0
0000291_00001_d_0000868.jpg,5,15,8.66,0.0,0.0,0
0000291_00001_d_0000868.jpg,5,15,8.66,0.0,0.0,0
0000291_00001_d_0000868.jpg,4,15,7.75,0.0,0.0,0
0000291_00001_d_0000868.jpg,4,12,6.93,0.0,0.0,0
0000291_00001_d_0000868.jpg,5,12,7.75,0.0,0.0,0
0000291_00001_d_0000868.jpg,3,7,4.58,0.0,0.0,0
0000291_00001_d_0000868.jpg,5,17,9.22,0.0,0.0,0
0000291_00001_d_0000868.jpg,3,10,5.48,0.0,0.0,0
0000291_00001_d_0000868.jpg,3,8,4.9,0.0,0.0,0
0000291_00001_d_0000868.jpg,3,9,5.2,0.0,0.0,0
0000291_00001_d_0000868.jpg,3,8,4.9,0.0,0.0,0
0000291_00001_d_0000868.jpg,3,7,4.58,0.0,0.0,0
0000291_00001_d_0000868.jpg,3,9,5.2,0.0,0.0,0
0000291_00001_d_0000868.jpg,3,7,4.58,0.0,0.0,0
0000291_00001_d_0000868.jpg,3,7,4.58,0.0,0.0,0
0000291_00001_d_0000868.jpg,3,8,4.9,0.0,0.0,0
0000291_00001_d_0000868.jpg,3,9,5.2,0.0,0.0,0
0000291_00001_d_0000868.jpg,5,6,5.48,0.0,0.0,0
0000291_00001_d_0000868.jpg,4,7,5.29,0.0,0.0,0
0000291_00001_d_0000868.jpg,3,6,4.24,0.0,0.0,0
0000291_00001_d_0000868.jpg,3,7,4.58,0.0,0.0,0
0000291_00201_d_0000869.jpg,16,35,23.66,0.6212,0.6479,1
0000291_00201_d_0000869.jpg,10,29,17.03,0.7911,0.4044,1
0000291_00201_d_0000869.jpg,12,34,20.2,0.5725,0.2553,1
0000291_00201_d_0000869.jpg,11,31,18.47,0.6403,0.1705,1
0000291_00201_d_0000869.jpg,15,36,23.24,0.889,0.343,1
0000291_00201_d_0000869.jpg,11,29,17.86,0.0,0.0,0
0000291_00201_d_0000869.jpg,10,34,18.44,0.0,0.0,0
0000291_00201_d_0000869.jpg,11,32,18.76,0.7908,0.6268,1
0000291_00201_d_0000869.jpg,7,28,14.0,0.0,0.0,0
0000291_00201_d_0000869.jpg,8,17,11.66,0.0,0.0,0
0000291_00201_d_0000869.jpg,9,33,17.23,0.0,0.0,0
0000291_00201_d_0000869.jpg,7,18,11.22,0.0,0.0,0
0000291_00201_d_0000869.jpg,7,18,11.22,0.0,0.0,0
0000291_00201_d_0000869.jpg,8,22,13.27,0.0,0.0,0
0000291_00201_d_0000869.jpg,8,19,12.33,0.0,0.0,0
0000291_00201_d_0000869.jpg,12,32,19.6,0.0,0.0,0
0000291_00201_d_0000869.jpg,17,25,20.62,0.554,0.1853,1
0000291_00201_d_0000869.jpg,6,15,9.49,0.0,0.0,0
0000291_00201_d_0000869.jpg,5,14,8.37,0.0,0.0,0
0000291_00201_d_0000869.jpg,7,15,10.25,0.0,0.0,0
0000291_00201_d_0000869.jpg,5,11,7.42,0.0,0.0,0
0000291_00201_d_0000869.jpg,4,14,7.48,0.0,0.0,0
0000291_00201_d_0000869.jpg,5,12,7.75,0.0,0.0,0
0000291_00201_d_0000869.jpg,7,13,9.54,0.0,0.0,0
0000291_00201_d_0000869.jpg,7,9,7.94,0.0,0.0,0
0000291_00201_d_0000869.jpg,7,17,10.91,0.0,0.0,0
0000291_00201_d_0000869.jpg,13,10,11.4,0.0,0.0,0
0000291_00201_d_0000869.jpg,6,22,11.49,0.0,0.0,0
0000291_00201_d_0000869.jpg,8,22,13.27,0.0,0.0,0
0000291_00201_d_0000869.jpg,8,24,13.86,0.0,0.0,0
0000291_00201_d_0000869.jpg,11,27,17.23,0.0,0.0,0
0000291_00201_d_0000869.jpg,12,29,18.65,0.0,0.0,0
0000291_00201_d_0000869.jpg,10,31,17.61,0.0399,0.3997,0
0000291_00201_d_0000869.jpg,11,30,18.17,0.002,0.4306,0
0000291_00201_d_0000869.jpg,9,30,16.43,0.0,0.0,0
0000291_00201_d_0000869.jpg,10,34,18.44,0.8522,0.1893,1
0000291_00201_d_0000869.jpg,14,23,17.94,0.0,0.0,0
0000291_00201_d_0000869.jpg,9,32,16.97,0.7461,0.6273,1
0000291_00201_d_0000869.jpg,11,26,16.91,0.0,0.0,0
0000291_00201_d_0000869.jpg,10,33,18.17,0.0,0.0,0
0000291_00401_d_0000870.jpg,12,32,19.6,0.6679,0.4944,1
0000291_00401_d_0000870.jpg,11,30,18.17,0.5654,0.1665,1
0000291_00401_d_0000870.jpg,12,30,18.97,0.0,0.0,0
0000291_00401_d_0000870.jpg,10,28,16.73,0.0,0.0,0
0000291_00401_d_0000870.jpg,31,42,36.08,0.6752,0.1504,1
0000291_00401_d_0000870.jpg,18,43,27.82,0.5748,0.3692,1
0000291_00401_d_0000870.jpg,21,23,21.98,0.5511,0.2373,1
0000291_00401_d_0000870.jpg,16,20,17.89,0.5934,0.2064,1
0000291_00401_d_0000870.jpg,14,18,15.87,0.0,0.0,0
0000291_00401_d_0000870.jpg,16,21,18.33,0.06,0.1825,0
0000291_00401_d_0000870.jpg,12,19,15.1,0.0,0.0,0
0000291_00401_d_0000870.jpg,12,20,15.49,0.0,0.0,0
0000291_00401_d_0000870.jpg,11,16,13.27,0.0,0.0,0
0000291_00401_d_0000870.jpg,9,15,11.62,0.0,0.0,0
0000291_00401_d_0000870.jpg,11,17,13.67,0.0,0.0,0
0000291_00401_d_0000870.jpg,11,26,16.91,0.6571,0.3993,1
0000291_00401_d_0000870.jpg,14,30,20.49,0.5672,0.4891,1
0000291_00401_d_0000870.jpg,12,30,18.97,0.7896,0.4564,1
0000291_00401_d_0000870.jpg,16,20,17.89,0.0,0.0,0
0000291_00401_d_0000870.jpg,9,30,16.43,0.7597,0.2871,1
0000291_00401_d_0000870.jpg,9,27,15.59,0.6535,0.2031,1
0000291_00401_d_0000870.jpg,10,28,16.73,0.028,0.1951,0
0000291_00401_d_0000870.jpg,10,26,16.12,0.0,0.0,0
0000291_00401_d_0000870.jpg,7,23,12.69,0.0,0.0,0
0000291_00401_d_0000870.jpg,11,26,16.91,0.0,0.0,0
0000291_00401_d_0000870.jpg,10,18,13.42,0.0,0.0,0
0000291_00401_d_0000870.jpg,11,29,17.86,0.0,0.0,0
0000291_00401_d_0000870.jpg,13,36,21.63,0.6336,0.2467,1
0000291_00401_d_0000870.jpg,8,22,13.27,0.0,0.0,0
0000291_00401_d_0000870.jpg,6,18,10.39,0.0,0.0,0
0000291_00401_d_0000870.jpg,6,21,11.22,0.0,0.0,0
0000291_00401_d_0000870.jpg,6,16,9.8,0.0,0.0,0
0000291_00401_d_0000870.jpg,5,16,8.94,0.0,0.0,0
0000291_00401_d_0000870.jpg,5,13,8.06,0.0,0.0,0
0000291_00401_d_0000870.jpg,4,11,6.63,0.0,0.0,0
0000291_00401_d_0000870.jpg,6,10,7.75,0.0,0.0,0
0000291_00401_d_0000870.jpg,4,11,6.63,0.1351,0.1527,0
0000291_00401_d_0000870.jpg,4,9,6.0,0.0,0.0,0
0000291_00401_d_0000870.jpg,5,10,7.07,0.0,0.0,0
0000291_00401_d_0000870.jpg,9,14,11.22,0.0,0.0,0
0000291_00401_d_0000870.jpg,4,15,7.75,0.0,0.0,0
0000291_00401_d_0000870.jpg,8,23,13.56,0.0,0.0,0
0000291_00401_d_0000870.jpg,11,17,13.67,0.0,0.0,0
0000291_00401_d_0000870.jpg,6,15,9.49,0.0,0.0,0
0000291_00401_d_0000870.jpg,4,14,7.48,0.0,0.0,0
0000291_00401_d_0000870.jpg,4,11,6.63,0.0,0.0,0
0000291_00401_d_0000870.jpg,3,8,4.9,0.0,0.0,0
0000291_00401_d_0000870.jpg,2,7,3.74,0.0,0.0,0
0000291_00401_d_0000870.jpg,3,7,4.58,0.0,0.0,0
0000291_00401_d_0000870.jpg,4,10,6.32,0.0,0.0,0
0000291_00401_d_0000870.jpg,2,9,4.24,0.0,0.0,0
0000291_00401_d_0000870.jpg,4,10,6.32,0.0,0.0,0
0000291_00401_d_0000870.jpg,3,7,4.58,0.0,0.0,0
0000291_00401_d_0000870.jpg,3,8,4.9,0.0,0.0,0
0000291_00401_d_0000870.jpg,4,10,6.32,0.0,0.0,0
0000291_00401_d_0000870.jpg,3,12,6.0,0.0,0.0,0
0000291_00401_d_0000870.jpg,3,9,5.2,0.0,0.0,0
0000291_00401_d_0000870.jpg,6,14,9.17,0.0,0.0,0
0000291_00401_d_0000870.jpg,3,9,5.2,0.0,0.0,0
0000291_00401_d_0000870.jpg,10,12,10.95,0.0,0.0,0
0000291_00401_d_0000870.jpg,8,27,14.7,0.0,0.0,0
0000291_00401_d_0000870.jpg,9,19,13.08,0.0564,0.1944,0
0000291_00401_d_0000870.jpg,10,21,14.49,0.0,0.0,0
0000291_00401_d_0000870.jpg,5,19,9.75,0.0,0.0,0
0000291_00401_d_0000870.jpg,5,20,10.0,0.0,0.0,0
0000291_00401_d_0000870.jpg,10,31,17.61,0.0,0.0,0
0000291_00401_d_0000870.jpg,17,36,24.74,0.7166,0.2162,1
0000291_00401_d_0000870.jpg,16,37,24.33,0.7712,0.2265,1
0000291_00401_d_0000870.jpg,13,33,20.71,0.0,0.0,0
0000291_00401_d_0000870.jpg,15,31,21.56,0.8094,0.231,1
0000291_00601_d_0000871.jpg,29,36,32.31,0.7323,0.5958,1
0000291_00601_d_0000871.jpg,18,33,24.37,0.0,0.0,0
0000291_00601_d_0000871.jpg,17,28,21.82,0.0904,0.2011,0
0000291_00601_d_0000871.jpg,16,35,23.66,0.5307,0.2542,1
0000291_00601_d_0000871.jpg,21,37,27.87,0.0,0.0,0
0000291_00601_d_0000871.jpg,15,36,23.24,0.0,0.0,0
0000291_00601_d_0000871.jpg,18,37,25.81,0.0,0.0,0
0000291_00601_d_0000871.jpg,15,36,23.24,0.4467,0.5613,0
0000291_00601_d_0000871.jpg,15,44,25.69,0.0,0.0,0
0000291_00601_d_0000871.jpg,18,28,22.45,0.0,0.0,0
0000291_00601_d_0000871.jpg,14,25,18.71,0.0,0.0,0
0000291_00601_d_0000871.jpg,12,22,16.25,0.0,0.0,0
0000291_00601_d_0000871.jpg,15,36,23.24,0.7844,0.4641,1
0000291_00601_d_0000871.jpg,34,37,35.47,0.0,0.0,0
0000291_00601_d_0000871.jpg,20,56,33.47,0.8116,0.5258,1
0000291_00601_d_0000871.jpg,26,53,37.12,0.0,0.0,0
0000291_00601_d_0000871.jpg,26,54,37.47,0.1256,0.2754,0
0000291_00601_d_0000871.jpg,28,33,30.4,0.0,0.0,0
0000291_00601_d_0000871.jpg,29,34,31.4,0.0,0.0,0
0000291_00601_d_0000871.jpg,27,34,30.3,0.0,0.0,0
0000291_00601_d_0000871.jpg,30,32,30.98,0.0,0.0,0
0000291_00601_d_0000871.jpg,31,66,45.23,0.0,0.0,0
0000291_00601_d_0000871.jpg,23,61,37.46,0.0,0.0,0
0000291_00601_d_0000871.jpg,23,52,34.58,0.3252,0.2284,0
0000291_00601_d_0000871.jpg,29,55,39.94,0.7366,0.4574,1
0000291_00601_d_0000871.jpg,33,53,41.82,0.092,0.4983,0
0000291_00601_d_0000871.jpg,32,51,40.4,0.8537,0.493,1
0000291_00601_d_0000871.jpg,26,38,31.43,0.0,0.0,0
0000291_00601_d_0000871.jpg,23,44,31.81,0.0,0.0,0
0000291_00601_d_0000871.jpg,21,22,21.49,0.0,0.0,0
0000291_00601_d_0000871.jpg,15,37,23.56,0.7315,0.1525,1
0000291_00601_d_0000871.jpg,13,17,14.87,0.0,0.0,0
0000291_00601_d_0000871.jpg,13,20,16.12,0.0,0.0,0
0000291_00601_d_0000871.jpg,14,21,17.15,0.0,0.0,0
0000291_00601_d_0000871.jpg,15,38,23.87,0.0,0.0,0
0000291_00601_d_0000871.jpg,14,36,22.45,0.0,0.0,0
0000291_00601_d_0000871.jpg,14,36,22.45,0.0,0.0,0
0000291_00601_d_0000871.jpg,16,35,23.66,0.681,0.2584,1
0000291_00601_d_0000871.jpg,14,22,17.55,0.4422,0.4782,0
0000291_00601_d_0000871.jpg,15,30,21.21,0.7226,0.2715,1
0000291_00601_d_0000871.jpg,16,20,17.89,0.0,0.0,0
0000291_00601_d_0000871.jpg,10,27,16.43,0.0,0.0,0
0000291_00601_d_0000871.jpg,12,24,16.97,0.0,0.0,0
0000291_00601_d_0000871.jpg,11,22,15.56,0.0,0.0,0
0000291_00601_d_0000871.jpg,9,22,14.07,0.0,0.0,0
0000291_00601_d_0000871.jpg,11,30,18.17,0.7839,0.1638,1
0000291_00601_d_0000871.jpg,12,12,12.0,0.0,0.0,0
0000291_00601_d_0000871.jpg,7,20,11.83,0.0,0.0,0
0000291_00601_d_0000871.jpg,8,19,12.33,0.0,0.0,0
0000291_00601_d_0000871.jpg,8,20,12.65,0.0,0.0,0
0000291_00601_d_0000871.jpg,10,17,13.04,0.0,0.0,0
0000291_00601_d_0000871.jpg,9,21,13.75,0.0,0.0,0
0000291_00601_d_0000871.jpg,8,17,11.66,0.0,0.0,0
0000291_00601_d_0000871.jpg,8,20,12.65,0.0,0.0,0
0000291_00601_d_0000871.jpg,9,11,9.95,0.0,0.0,0
0000291_01001_d_0000873.jpg,23,26,24.45,0.6643,0.5609,1
0000291_01001_d_0000873.jpg,30,27,28.46,0.0,0.0,0
0000291_01001_d_0000873.jpg,24,33,28.14,0.6654,0.2562,1
0000291_01001_d_0000873.jpg,26,30,27.93,0.5718,0.4461,1
0000291_01001_d_0000873.jpg,24,17,20.2,0.0,0.0,0
0000291_01001_d_0000873.jpg,22,25,23.45,0.8863,0.2081,1
0000291_01001_d_0000873.jpg,16,21,18.33,0.0575,0.1678,0
0000291_01001_d_0000873.jpg,31,17,22.96,0.0,0.0,0
0000291_01001_d_0000873.jpg,26,16,20.4,0.0,0.0,0
0000291_01001_d_0000873.jpg,27,18,22.05,0.0,0.0,0
0000291_01001_d_0000873.jpg,26,27,26.5,0.0,0.0,0
0000291_01001_d_0000873.jpg,31,22,26.12,0.0,0.0,0
0000291_01001_d_0000873.jpg,27,29,27.98,0.0093,0.7241,0
0000291_01001_d_0000873.jpg,37,56,45.52,0.8801,0.7241,1
0000291_01001_d_0000873.jpg,29,37,32.76,0.5267,0.4984,1
0000291_01001_d_0000873.jpg,29,56,40.3,0.7161,0.5,1
0000291_01001_d_0000873.jpg,26,37,31.02,0.5644,0.1848,1
0000291_01001_d_0000873.jpg,17,30,22.58,0.0,0.0,0
0000291_01001_d_0000873.jpg,18,32,24.0,0.0,0.0,0
0000291_01001_d_0000873.jpg,18,45,28.46,0.7953,0.7081,1
0000291_01001_d_0000873.jpg,16,32,22.63,0.8304,0.2859,1
0000291_01001_d_0000873.jpg,12,29,18.65,0.7614,0.23,1
0000291_01001_d_0000873.jpg,12,18,14.7,0.0,0.0,0
0000291_01001_d_0000873.jpg,12,16,13.86,0.0,0.0,0
0000291_01001_d_0000873.jpg,10,19,13.78,0.0,0.0,0
0000291_01001_d_0000873.jpg,10,17,13.04,0.0,0.0,0
0000291_01001_d_0000873.jpg,12,14,12.96,0.0,0.0,0
0000291_01001_d_0000873.jpg,11,15,12.85,0.081,0.1584,0
0000291_01001_d_0000873.jpg,12,13,12.49,0.0,0.0,0
0000291_01001_d_0000873.jpg,13,16,14.42,0.0,0.0,0
0000291_01001_d_0000873.jpg,12,13,12.49,0.0,0.0,0
0000291_01001_d_0000873.jpg,11,16,13.27,0.0,0.0,0
0000291_01001_d_0000873.jpg,9,18,12.73,0.0,0.0,0
0000291_01001_d_0000873.jpg,13,19,15.72,0.0,0.0,0
0000291_01001_d_0000873.jpg,11,17,13.67,0.0,0.0,0
0000291_01001_d_0000873.jpg,16,20,17.89,0.297,0.1749,0
0000291_01001_d_0000873.jpg,11,19,14.46,0.0,0.0,0
0000291_01001_d_0000873.jpg,10,30,17.32,0.0,0.0,0
0000291_01001_d_0000873.jpg,10,11,10.49,0.0,0.0,0
0000291_01001_d_0000873.jpg,9,16,12.0,0.0202,0.152,0
0000291_01001_d_0000873.jpg,10,32,17.89,0.3759,0.1603,0
0000291_01001_d_0000873.jpg,12,19,15.1,0.0,0.0,0
0000291_01001_d_0000873.jpg,10,30,17.32,0.0,0.0,0
0000291_01001_d_0000873.jpg,11,27,17.23,0.865,0.3973,1
0000291_01001_d_0000873.jpg,9,29,16.16,0.0,0.0,0
0000291_01001_d_0000873.jpg,10,24,15.49,0.0,0.0,0
0000291_01001_d_0000873.jpg,9,26,15.3,0.0,0.0,0
0000291_01001_d_0000873.jpg,7,17,10.91,0.0,0.0,0
0000291_01001_d_0000873.jpg,10,20,14.14,0.0,0.0,0
0000291_01001_d_0000873.jpg,8,21,12.96,0.0,0.0,0
0000291_01001_d_0000873.jpg,8,23,13.56,0.0,0.0,0
0000291_01001_d_0000873.jpg,8,18,12.0,0.0,0.0,0
0000291_01001_d_0000873.jpg,7,17,10.91,0.0,0.0,0
0000291_01001_d_0000873.jpg,7,17,10.91,0.0,0.0,0
0000291_01001_d_0000873.jpg,5,17,9.22,0.0,0.0,0
0000291_01001_d_0000873.jpg,8,13,10.2,0.0,0.0,0
0000291_01001_d_0000873.jpg,5,15,8.66,0.0,0.0,0
0000291_01001_d_0000873.jpg,4,13,7.21,0.0,0.0,0
0000291_01001_d_0000873.jpg,8,6,6.93,0.0,0.0,0
0000291_01001_d_0000873.jpg,5,16,8.94,0.0,0.0,0
0000291_01001_d_0000873.jpg,12,24,16.97,0.5864,0.4548,1
0000291_01001_d_0000873.jpg,16,33,22.98,0.7317,0.5413,1
0000291_01001_d_0000873.jpg,12,22,16.25,0.0,0.0,0
0000291_01001_d_0000873.jpg,10,26,16.12,0.0,0.0,0
0000291_01001_d_0000873.jpg,10,28,16.73,0.0,0.0,0
0000291_01001_d_0000873.jpg,14,30,20.49,0.8043,0.3713,1
0000291_01001_d_0000873.jpg,13,17,14.87,0.5028,0.4072,1
0000291_01001_d_0000873.jpg,11,30,18.17,0.6965,0.2432,1
0000291_01001_d_0000873.jpg,9,30,16.43,0.0,0.0,0
0000291_01001_d_0000873.jpg,13,28,19.08,0.0,0.0,0
0000291_01001_d_0000873.jpg,11,15,12.85,0.0,0.0,0
0000291_01001_d_0000873.jpg,9,23,14.39,0.0,0.0,0
0000291_01001_d_0000873.jpg,8,19,12.33,0.0,0.0,0
0000291_01001_d_0000873.jpg,10,19,13.78,0.0,0.0,0
0000291_01001_d_0000873.jpg,7,18,11.22,0.0,0.0,0
0000291_01001_d_0000873.jpg,7,17,10.91,0.0,0.0,0
0000291_01001_d_0000873.jpg,8,13,10.2,0.0,0.0,0
0000291_01201_d_0000874.jpg,26,53,37.12,0.6378,0.4781,1
0000291_01201_d_0000874.jpg,28,42,34.29,0.0,0.0,0
0000291_01201_d_0000874.jpg,22,31,26.12,0.0,0.0,0
0000291_01201_d_0000874.jpg,24,30,26.83,0.2458,0.2326,0
0000291_01201_d_0000874.jpg,28,25,26.46,0.0,0.0,0
0000291_01201_d_0000874.jpg,25,33,28.72,0.0,0.0,0
0000291_01201_d_0000874.jpg,31,36,33.41,0.688,0.3011,1
0000291_01201_d_0000874.jpg,21,45,30.74,0.2233,0.4123,0
0000291_01201_d_0000874.jpg,20,32,25.3,0.8637,0.4208,1
0000291_01201_d_0000874.jpg,20,56,33.47,0.1366,0.321,0
0000291_01201_d_0000874.jpg,23,55,35.57,0.0576,0.4115,0
0000291_01201_d_0000874.jpg,21,58,34.9,0.5376,0.2811,1
0000291_01201_d_0000874.jpg,22,56,35.1,0.0,0.0,0
0000291_01201_d_0000874.jpg,25,55,37.08,0.0,0.0,0
0000291_01201_d_0000874.jpg,24,57,36.99,0.0,0.0,0
0000291_01201_d_0000874.jpg,26,30,27.93,0.8621,0.3788,1
0000291_01201_d_0000874.jpg,26,46,34.58,0.8871,0.462,1
0000291_01201_d_0000874.jpg,18,28,22.45,0.1261,0.454,0
0000291_01201_d_0000874.jpg,20,29,24.08,0.0,0.0,0
0000291_01201_d_0000874.jpg,36,50,42.43,0.0,0.0,0
0000291_01201_d_0000874.jpg,31,39,34.77,0.0,0.0,0
0000291_01201_d_0000874.jpg,31,40,35.21,0.0,0.0,0
0000291_01201_d_0000874.jpg,43,41,41.99,0.0,0.0,0
0000291_01201_d_0000874.jpg,30,60,42.43,0.7668,0.1568,1
0000291_01201_d_0000874.jpg,25,32,28.28,0.0,0.0,0
0000291_01201_d_0000874.jpg,31,58,42.4,0.9547,0.2229,1
0000291_01201_d_0000874.jpg,35,49,41.41,0.0,0.0,0
0000291_01201_d_0000874.jpg,27,58,39.57,0.1895,0.1835,0
0000291_01201_d_0000874.jpg,26,33,29.29,0.0264,0.1508,0
0000291_01201_d_0000874.jpg,24,34,28.57,0.0,0.0,0
0000291_01201_d_0000874.jpg,24,28,25.92,0.0,0.0,0
0000291_01201_d_0000874.jpg,22,45,31.46,0.0792,0.1607,0
0000291_01201_d_0000874.jpg,18,28,22.45,0.0,0.0,0
0000291_01201_d_0000874.jpg,21,44,30.4,0.0,0.0,0
0000291_01201_d_0000874.jpg,23,46,32.53,0.6272,0.1892,1
0000291_01201_d_0000874.jpg,18,46,28.77,0.2677,0.2247,0
0000291_01201_d_0000874.jpg,20,29,24.08,0.0,0.0,0
0000291_01201_d_0000874.jpg,19,30,23.87,0.0,0.0,0
0000291_01201_d_0000874.jpg,24,52,35.33,0.0,0.0,0
0000291_01201_d_0000874.jpg,25,43,32.79,0.0,0.0,0
0000291_01201_d_0000874.jpg,24,46,33.23,0.0,0.0,0
0000291_01201_d_0000874.jpg,18,51,30.3,0.0,0.0,0
0000291_01201_d_0000874.jpg,23,42,31.08,0.0,0.0,0
0000291_01201_d_0000874.jpg,18,40,26.83,0.0,0.0,0
0000291_01201_d_0000874.jpg,19,42,28.25,0.8789,0.1654,1
0000291_01201_d_0000874.jpg,19,42,28.25,0.0,0.0,0
0000291_01201_d_0000874.jpg,27,44,34.47,0.4422,0.3552,0
0000291_01201_d_0000874.jpg,13,46,24.45,0.3736,0.2381,0
0000291_01201_d_0000874.jpg,15,35,22.91,0.5082,0.1554,1
0000291_01201_d_0000874.jpg,17,29,22.2,0.0,0.0,0
0000291_01201_d_0000874.jpg,17,40,26.08,0.401,0.3001,0
0000291_01201_d_0000874.jpg,14,44,24.82,0.414,0.2205,0
0000291_01201_d_0000874.jpg,18,35,25.1,0.3897,0.2133,0
0000291_01201_d_0000874.jpg,21,32,25.92,0.0,0.0,0
0000291_01201_d_0000874.jpg,23,43,31.45,0.717,0.4308,1
0000291_01201_d_0000874.jpg,14,32,21.17,0.6447,0.2276,1
0000291_01201_d_0000874.jpg,14,15,14.49,0.0,0.0,0
0000291_01201_d_0000874.jpg,13,24,17.66,0.0,0.0,0
0000291_01201_d_0000874.jpg,12,16,13.86,0.0,0.0,0
0000291_01201_d_0000874.jpg,9,18,12.73,0.0,0.0,0
0000291_01201_d_0000874.jpg,10,19,13.78,0.6241,0.2501,1
0000291_01201_d_0000874.jpg,10,19,13.78,0.3489,0.1813,0
0000291_01201_d_0000874.jpg,10,14,11.83,0.0,0.0,0
0000291_01201_d_0000874.jpg,12,30,18.97,0.7548,0.3864,1
0000291_01201_d_0000874.jpg,14,21,17.15,0.0,0.0,0
0000291_01201_d_0000874.jpg,12,20,15.49,0.0,0.0,0
0000291_01201_d_0000874.jpg,10,18,13.42,0.0,0.0,0
0000291_01201_d_0000874.jpg,11,17,13.67,0.0,0.0,0
0000291_01201_d_0000874.jpg,10,18,13.42,0.0,0.0,0
0000291_01201_d_0000874.jpg,13,20,16.12,0.0,0.0,0
0000291_01201_d_0000874.jpg,9,21,13.75,0.0,0.0,0
0000291_01201_d_0000874.jpg,10,18,13.42,0.0,0.0,0
0000291_01201_d_0000874.jpg,10,22,14.83,0.0,0.0,0
0000291_01201_d_0000874.jpg,10,19,13.78,0.0,0.0,0
0000291_01201_d_0000874.jpg,10,15,12.25,0.0,0.0,0
0000291_01201_d_0000874.jpg,13,34,21.02,0.0,0.0,0
0000291_01201_d_0000874.jpg,11,30,18.17,0.0,0.0,0
0000291_01201_d_0000874.jpg,9,27,15.59,0.0,0.0,0
0000291_01201_d_0000874.jpg,8,29,15.23,0.0,0.0,0
0000291_01201_d_0000874.jpg,11,32,18.76,0.1174,0.3504,0
0000291_01201_d_0000874.jpg,11,24,16.25,0.7202,0.2074,1
0000291_01201_d_0000874.jpg,12,30,18.97,0.7541,0.3394,1
0000291_01201_d_0000874.jpg,12,31,19.29,0.8385,0.3376,1
0000291_01201_d_0000874.jpg,10,29,17.03,0.0561,0.3445,0
0000291_01201_d_0000874.jpg,10,26,16.12,0.3519,0.1736,0
0000291_01201_d_0000874.jpg,10,13,11.4,0.0,0.0,0
0000291_01201_d_0000874.jpg,18,31,23.62,0.7078,0.1517,1
0000291_01201_d_0000874.jpg,10,27,16.43,0.0,0.0,0
0000291_01201_d_0000874.jpg,10,28,16.73,0.0,0.0,0
0000291_01201_d_0000874.jpg,10,25,15.81,0.0,0.0,0
0000291_01201_d_0000874.jpg,8,20,12.65,0.0,0.0,0
0000291_01201_d_0000874.jpg,7,16,10.58,0.0,0.0,0
0000291_01201_d_0000874.jpg,9,11,9.95,0.0,0.0,0
0000291_01201_d_0000874.jpg,8,18,12.0,0.0,0.0,0
0000291_01201_d_0000874.jpg,9,20,13.42,0.0,0.0,0
0000291_01201_d_0000874.jpg,11,22,15.56,0.0,0.0,0
0000291_01201_d_0000874.jpg,6,19,10.68,0.0,0.0,0
0000291_01201_d_0000874.jpg,5,17,9.22,0.0,0.0,0
0000291_01201_d_0000874.jpg,7,17,10.91,0.1635,0.1627,0
0000291_01201_d_0000874.jpg,6,18,10.39,0.0,0.0,0
0000291_01201_d_0000874.jpg,7,18,11.22,0.4751,0.3241,0
0000291_01201_d_0000874.jpg,18,37,25.81,0.9135,0.6508,1
0000291_01201_d_0000874.jpg,15,24,18.97,0.7244,0.2019,1
0000291_01201_d_0000874.jpg,21,29,24.68,0.866,0.243,1
0000291_01201_d_0000874.jpg,13,22,16.91,0.0,0.0,0
0000291_01201_d_0000874.jpg,9,19,13.08,0.0,0.0,0
0000291_01201_d_0000874.jpg,18,27,22.05,0.0,0.0,0
0000291_01201_d_0000874.jpg,15,34,22.58,0.7997,0.3983,1
0000291_01201_d_0000874.jpg,10,21,14.49,0.0,0.0,0
0000291_01201_d_0000874.jpg,11,23,15.91,0.0,0.0,0
0000291_01201_d_0000874.jpg,21,35,27.11,0.0,0.0,0
0000291_01201_d_0000874.jpg,15,33,22.25,0.0,0.0,0
0000291_01201_d_0000874.jpg,15,30,21.21,0.0,0.0,0
0000291_01201_d_0000874.jpg,10,17,13.04,0.0,0.0,0
0000291_01401_d_0000875.jpg,35,31,32.94,0.7945,0.2575,1
0000291_01401_d_0000875.jpg,29,46,36.52,0.7763,0.6156,1
0000291_01401_d_0000875.jpg,37,43,39.89,0.7614,0.63,1
0000291_01401_d_0000875.jpg,24,42,31.75,0.0917,0.2036,0
0000291_01401_d_0000875.jpg,17,41,26.4,0.8114,0.5601,1
0000291_01401_d_0000875.jpg,16,34,23.32,0.0,0.0,0
0000291_01401_d_0000875.jpg,13,21,16.52,0.0,0.0,0
0000291_01401_d_0000875.jpg,11,21,15.2,0.0,0.0,0
0000291_01401_d_0000875.jpg,13,21,16.52,0.0167,0.1627,0
0000291_01401_d_0000875.jpg,11,17,13.67,0.016,0.2194,0
0000291_01401_d_0000875.jpg,17,19,17.97,0.0,0.0,0
0000291_01401_d_0000875.jpg,13,17,14.87,0.0,0.0,0
0000291_01401_d_0000875.jpg,11,20,14.83,0.0,0.0,0
0000291_01401_d_0000875.jpg,11,24,16.25,0.0,0.0,0
0000291_01401_d_0000875.jpg,15,23,18.57,0.098,0.2307,0
0000291_01401_d_0000875.jpg,13,18,15.3,0.0,0.0,0
0000291_01401_d_0000875.jpg,12,18,14.7,0.0,0.0,0
0000291_01401_d_0000875.jpg,13,20,16.12,0.0,0.0,0
0000291_01401_d_0000875.jpg,11,18,14.07,0.0,0.0,0
0000291_01401_d_0000875.jpg,12,25,17.32,0.0,0.0,0
0000291_01401_d_0000875.jpg,11,20,14.83,0.0,0.0,0
0000291_01401_d_0000875.jpg,14,21,17.15,0.0058,0.257,0
0000291_01401_d_0000875.jpg,11,34,19.34,0.5895,0.2669,1
0000291_01401_d_0000875.jpg,13,32,20.4,0.5677,0.2426,1
0000291_01401_d_0000875.jpg,10,19,13.78,0.0591,0.2345,0
0000291_01401_d_0000875.jpg,12,24,16.97,0.0,0.0,0
0000291_01401_d_0000875.jpg,15,34,22.58,0.6003,0.1589,1
0000291_01401_d_0000875.jpg,11,31,18.47,0.0,0.0,0
0000291_01401_d_0000875.jpg,12,32,19.6,0.0,0.0,0
0000291_01401_d_0000875.jpg,10,31,17.61,0.6387,0.33,1
0000291_01401_d_0000875.jpg,10,28,16.73,0.3395,0.5017,0
0000291_01401_d_0000875.jpg,14,32,21.17,0.4422,0.1631,0
0000291_01401_d_0000875.jpg,7,29,14.25,0.0,0.0,0
0000291_01401_d_0000875.jpg,9,26,15.3,0.0,0.0,0
0000291_01401_d_0000875.jpg,9,24,14.7,0.0,0.0,0
0000291_01401_d_0000875.jpg,5,23,10.72,0.0,0.0,0
0000291_01401_d_0000875.jpg,12,12,12.0,0.0,0.0,0
0000291_01401_d_0000875.jpg,7,19,11.53,0.0,0.0,0
0000291_01401_d_0000875.jpg,6,22,11.49,0.0,0.0,0
0000291_01401_d_0000875.jpg,6,19,10.68,0.0,0.0,0
0000291_01401_d_0000875.jpg,7,18,11.22,0.0,0.0,0
0000291_01401_d_0000875.jpg,5,16,8.94,0.0,0.0,0
0000291_01401_d_0000875.jpg,6,17,10.1,0.0,0.0,0
0000291_01401_d_0000875.jpg,5,16,8.94,0.0,0.0,0
0000291_01401_d_0000875.jpg,5,18,9.49,0.0,0.0,0
0000291_01401_d_0000875.jpg,4,12,6.93,0.0,0.0,0
0000291_01401_d_0000875.jpg,6,16,9.8,0.0,0.0,0
0000291_01401_d_0000875.jpg,5,16,8.94,0.0,0.0,0
0000291_01401_d_0000875.jpg,9,20,13.42,0.0,0.0,0
0000291_01401_d_0000875.jpg,20,43,29.33,0.8757,0.6268,1
0000291_01401_d_0000875.jpg,21,41,29.34,0.9251,0.527,1
0000291_01401_d_0000875.jpg,20,42,28.98,0.0,0.0,0
0000291_01401_d_0000875.jpg,22,37,28.53,0.8236,0.5309,1
0000291_01401_d_0000875.jpg,11,38,20.45,0.843,0.4131,1
0000291_01401_d_0000875.jpg,13,44,23.92,0.7698,0.5283,1
0000291_01401_d_0000875.jpg,14,29,20.15,0.0,0.0,0
0000291_01401_d_0000875.jpg,11,31,18.47,0.0,0.0,0
0000291_01401_d_0000875.jpg,15,32,21.91,0.0,0.0,0
0000291_01401_d_0000875.jpg,13,33,20.71,0.0,0.0,0
0000291_01401_d_0000875.jpg,9,34,17.49,0.0066,0.1586,0
0000291_01401_d_0000875.jpg,13,26,18.38,0.6455,0.2884,1
0000291_01401_d_0000875.jpg,14,18,15.87,0.0,0.0,0
0000291_01401_d_0000875.jpg,9,23,14.39,0.0,0.0,0
0000291_01401_d_0000875.jpg,7,14,9.9,0.0,0.0,0
0000291_01401_d_0000875.jpg,10,21,14.49,0.0,0.0,0
0000291_01401_d_0000875.jpg,9,24,14.7,0.0,0.0,0
0000291_01401_d_0000875.jpg,8,20,12.65,0.0,0.0,0
0000291_01401_d_0000875.jpg,6,15,9.49,0.0,0.0,0
0000291_01601_d_0000876.jpg,19,40,27.57,0.0,0.0,0
0000291_01601_d_0000876.jpg,26,31,28.39,0.0,0.0,0
0000291_01601_d_0000876.jpg,22,39,29.29,0.0,0.0,0
0000291_01601_d_0000876.jpg,39,43,40.95,0.495,0.6381,0
0000291_01601_d_0000876.jpg,35,42,38.34,0.7095,0.2929,1
0000291_01601_d_0000876.jpg,28,49,37.04,0.7939,0.6999,1
0000291_01601_d_0000876.jpg,31,40,35.21,0.6866,0.3639,1
0000291_01601_d_0000876.jpg,24,44,32.5,0.0,0.0,0
0000291_01601_d_0000876.jpg,20,39,27.93,0.7971,0.63,1
0000291_01601_d_0000876.jpg,19,34,25.42,0.436,0.1771,0
0000291_01601_d_0000876.jpg,17,39,25.75,0.8402,0.5157,1
0000291_01601_d_0000876.jpg,13,33,20.71,0.8258,0.2639,1
0000291_01601_d_0000876.jpg,17,36,24.74,0.0,0.0,0
0000291_01601_d_0000876.jpg,17,29,22.2,0.0,0.0,0
0000291_01601_d_0000876.jpg,16,26,20.4,0.0,0.0,0
0000291_01601_d_0000876.jpg,11,26,16.91,0.0,0.0,0
0000291_01601_d_0000876.jpg,18,23,20.35,0.0,0.0,0
0000291_01601_d_0000876.jpg,15,24,18.97,0.0484,0.161,0
0000291_01601_d_0000876.jpg,12,24,16.97,0.0,0.0,0
0000291_01601_d_0000876.jpg,12,23,16.61,0.0,0.0,0
0000291_01601_d_0000876.jpg,19,24,21.35,0.0384,0.2055,0
0000291_01601_d_0000876.jpg,13,21,16.52,0.0,0.0,0
0000291_01601_d_0000876.jpg,12,23,16.61,0.0,0.0,0
0000291_01601_d_0000876.jpg,16,25,20.0,0.0,0.0,0
0000291_01601_d_0000876.jpg,14,37,22.76,0.7084,0.3676,1
0000291_01601_d_0000876.jpg,13,19,15.72,0.0539,0.203,0
0000291_01601_d_0000876.jpg,14,23,17.94,0.6442,0.2811,1
0000291_01601_d_0000876.jpg,15,31,21.56,0.8538,0.5912,1
0000291_01601_d_0000876.jpg,21,33,26.32,0.8133,0.227,1
0000291_01601_d_0000876.jpg,34,42,37.79,0.4456,0.2642,0
0000291_01601_d_0000876.jpg,39,52,45.03,0.1882,0.1664,0
0000291_01601_d_0000876.jpg,41,53,46.62,0.1552,0.3179,0
0000291_01601_d_0000876.jpg,49,49,49.0,0.4994,0.4413,0
0000291_01601_d_0000876.jpg,42,56,48.5,0.3387,0.3214,0
0000291_01601_d_0000876.jpg,49,68,57.72,0.4702,0.6073,0
0000291_01601_d_0000876.jpg,46,37,41.26,0.0941,0.1524,0
0000291_01601_d_0000876.jpg,49,56,52.38,0.125,0.2891,0
0000291_01601_d_0000876.jpg,36,33,34.47,0.0,0.0,0
0000291_01601_d_0000876.jpg,29,37,32.76,0.2816,0.159,0
0000291_01601_d_0000876.jpg,31,37,33.87,0.0098,0.4299,0
0000291_01601_d_0000876.jpg,53,50,51.48,0.4241,0.4243,0
0000291_01601_d_0000876.jpg,47,60,53.1,0.1088,0.1683,0
0000291_01601_d_0000876.jpg,35,39,36.95,0.06,0.1893,0
0000291_01601_d_0000876.jpg,16,49,28.0,0.9255,0.5862,1
0000291_01601_d_0000876.jpg,21,44,30.4,0.8908,0.6169,1
0000291_01601_d_0000876.jpg,22,24,22.98,0.8319,0.3588,1
0000291_01601_d_0000876.jpg,27,50,36.74,0.0,0.0,0
0000291_01801_d_0000877.jpg,7,16,10.58,0.0,0.0,0
0000291_01801_d_0000877.jpg,9,20,13.42,0.0,0.0,0
0000291_01801_d_0000877.jpg,7,11,8.77,0.0,0.0,0
0000291_01801_d_0000877.jpg,11,21,15.2,0.0,0.0,0
0000291_01801_d_0000877.jpg,15,25,19.36,0.0,0.0,0
0000291_01801_d_0000877.jpg,17,43,27.04,0.0,0.0,0
0000291_01801_d_0000877.jpg,31,51,39.76,0.3712,0.2512,0
0000291_01801_d_0000877.jpg,20,53,32.56,0.5108,0.1777,1
0000291_01801_d_0000877.jpg,32,56,42.33,0.7208,0.3524,1
0000291_01801_d_0000877.jpg,25,66,40.62,0.5552,0.1876,1
0000291_01801_d_0000877.jpg,35,39,36.95,0.0,0.0,0
0000291_01801_d_0000877.jpg,32,57,42.71,0.0,0.0,0
0000291_01801_d_0000877.jpg,27,34,30.3,0.0,0.0,0
0000291_01801_d_0000877.jpg,31,36,33.41,0.0,0.0,0
0000291_01801_d_0000877.jpg,27,33,29.85,0.0,0.0,0
0000291_01801_d_0000877.jpg,18,34,24.74,0.0,0.0,0
0000291_01801_d_0000877.jpg,26,44,33.82,0.0,0.0,0
0000291_01801_d_0000877.jpg,22,42,30.4,0.9381,0.3183,1
0000291_01801_d_0000877.jpg,14,50,26.46,0.696,0.4432,1
0000291_01801_d_0000877.jpg,14,50,26.46,0.654,0.2419,1
0000291_01801_d_0000877.jpg,13,30,19.75,0.8138,0.4399,1
0000291_01801_d_0000877.jpg,17,37,25.08,0.8124,0.5176,1
0000291_01801_d_0000877.jpg,15,34,22.58,0.7849,0.661,1
0000291_01801_d_0000877.jpg,15,27,20.12,0.6577,0.3605,1
0000291_01801_d_0000877.jpg,13,31,20.07,0.7477,0.7061,1
0000291_01801_d_0000877.jpg,11,27,17.23,0.0,0.0,0
0000291_01801_d_0000877.jpg,16,20,17.89,0.0,0.0,0
0000291_01801_d_0000877.jpg,22,41,30.03,0.8234,0.7492,1
0000291_01801_d_0000877.jpg,10,20,14.14,0.0,0.0,0
0000291_01801_d_0000877.jpg,9,26,15.3,0.0,0.0,0
0000291_01801_d_0000877.jpg,9,16,12.0,0.0,0.0,0
0000291_01801_d_0000877.jpg,9,21,13.75,0.3423,0.3431,0
0000291_01801_d_0000877.jpg,9,19,13.08,0.3418,0.1893,0
0000291_02001_d_0000878.jpg,9,7,7.94,0.0,0.0,0
0000291_02001_d_0000878.jpg,7,19,11.53,0.0,0.0,0
0000291_02001_d_0000878.jpg,19,40,27.57,0.0,0.0,0
0000291_02001_d_0000878.jpg,13,36,21.63,0.0,0.0,0
0000291_02001_d_0000878.jpg,12,24,16.97,0.0,0.0,0
0000291_02001_d_0000878.jpg,7,14,9.9,0.0,0.0,0
0000291_02001_d_0000878.jpg,6,13,8.83,0.0,0.0,0
0000291_02001_d_0000878.jpg,6,13,8.83,0.0,0.0,0
0000291_02001_d_0000878.jpg,6,12,8.49,0.0,0.0,0
0000291_02001_d_0000878.jpg,14,30,20.49,0.7605,0.6801,1
0000291_02001_d_0000878.jpg,18,38,26.15,0.0491,0.3334,0
0000291_02001_d_0000878.jpg,11,33,19.05,0.6141,0.2673,1
0000291_02001_d_0000878.jpg,16,38,24.66,0.7741,0.4735,1
0000291_02001_d_0000878.jpg,17,22,19.34,0.6922,0.1981,1
0000291_02001_d_0000878.jpg,16,21,18.33,0.0,0.0,0
0000291_02001_d_0000878.jpg,13,21,16.52,0.0,0.0,0
0000291_02001_d_0000878.jpg,20,22,20.98,0.0,0.0,0
0000291_02001_d_0000878.jpg,13,19,15.72,0.0,0.0,0
0000291_02001_d_0000878.jpg,12,26,17.66,0.0,0.0,0
0000291_02001_d_0000878.jpg,15,24,18.97,0.0,0.0,0
0000291_02001_d_0000878.jpg,12,22,16.25,0.0,0.0,0
0000291_02001_d_0000878.jpg,15,28,20.49,0.0,0.0,0
0000291_02001_d_0000878.jpg,16,26,20.4,0.0,0.0,0
0000291_02001_d_0000878.jpg,25,28,26.46,0.0288,0.2837,0
0000291_02001_d_0000878.jpg,12,24,16.97,0.1148,0.1656,0
0000291_02001_d_0000878.jpg,16,23,19.18,0.2426,0.2549,0
0000291_02001_d_0000878.jpg,18,28,22.45,0.0,0.0,0
0000291_02001_d_0000878.jpg,19,27,22.65,0.0732,0.2488,0
0000291_02001_d_0000878.jpg,18,37,25.81,0.0,0.0,0
0000291_02001_d_0000878.jpg,22,36,28.14,0.7164,0.2319,1
0000291_02001_d_0000878.jpg,19,39,27.22,0.8025,0.2921,1
0000291_02001_d_0000878.jpg,23,39,29.95,0.0,0.0,0
0000291_02001_d_0000878.jpg,23,38,29.56,0.0,0.0,0
0000291_02001_d_0000878.jpg,21,40,28.98,0.0,0.0,0
0000291_02001_d_0000878.jpg,24,42,31.75,0.6693,0.4283,1
0000291_02001_d_0000878.jpg,16,43,26.23,0.8678,0.7009,1
0000291_02001_d_0000878.jpg,22,52,33.82,0.8561,0.6641,1
0000291_02001_d_0000878.jpg,27,55,38.54,0.8399,0.6471,1
0000291_02001_d_0000878.jpg,25,54,36.74,0.7276,0.5439,1
0000291_02001_d_0000878.jpg,25,55,37.08,0.8038,0.1731,1
0000291_02001_d_0000878.jpg,25,47,34.28,0.3339,0.1587,0
0000291_02001_d_0000878.jpg,18,44,28.14,0.004,0.3698,0
0000291_02001_d_0000878.jpg,27,44,34.47,0.0,0.0,0
0000291_02001_d_0000878.jpg,32,60,43.82,0.7477,0.4066,1
0000291_02001_d_0000878.jpg,50,62,55.68,0.1456,0.1574,0
0000291_02001_d_0000878.jpg,29,55,39.94,0.8896,0.2083,1
0000291_02001_d_0000878.jpg,30,49,38.34,0.0,0.0,0
0000291_02001_d_0000878.jpg,24,59,37.63,0.0,0.0,0
0000291_02001_d_0000878.jpg,21,57,34.6,0.0,0.0,0
0000291_02001_d_0000878.jpg,21,57,34.6,0.0,0.0,0
0000291_02001_d_0000878.jpg,25,48,34.64,0.0,0.0,0
0000291_02001_d_0000878.jpg,22,59,36.03,0.8426,0.36,1
0000291_02001_d_0000878.jpg,23,46,32.53,0.0,0.0,0
0000291_02001_d_0000878.jpg,21,43,30.05,0.0,0.0,0
0000291_02001_d_0000878.jpg,23,57,36.21,0.0,0.0,0
0000291_02001_d_0000878.jpg,20,49,31.3,0.0,0.0,0
0000291_02001_d_0000878.jpg,20,35,26.46,0.0,0.0,0
0000291_02001_d_0000878.jpg,21,50,32.4,0.0,0.0,0
0000291_02001_d_0000878.jpg,25,55,37.08,0.0,0.0,0
0000291_02001_d_0000878.jpg,33,47,39.38,0.0,0.0,0
0000291_02001_d_0000878.jpg,30,49,38.34,0.0,0.0,0
0000291_02001_d_0000878.jpg,25,20,22.36,0.0,0.0,0
0000291_02001_d_0000878.jpg,34,26,29.73,0.0,0.0,0
0000291_02001_d_0000878.jpg,32,25,28.28,0.0,0.0,0
0000291_02001_d_0000878.jpg,23,60,37.15,0.0,0.0,0
0000291_02001_d_0000878.jpg,26,59,39.17,0.0,0.0,0
0000291_02001_d_0000878.jpg,21,53,33.36,0.0,0.0,0
0000291_02001_d_0000878.jpg,12,40,21.91,0.0,0.0,0
0000291_02001_d_0000878.jpg,16,27,20.78,0.1542,0.2046,0
0000291_02001_d_0000878.jpg,19,22,20.45,0.0,0.0,0
0000291_02001_d_0000878.jpg,18,33,24.37,0.3107,0.5065,0
0000291_02001_d_0000878.jpg,33,34,33.5,0.1628,0.231,0
0000291_02001_d_0000878.jpg,23,29,25.83,0.0,0.0,0
0000291_02001_d_0000878.jpg,26,31,28.39,0.0,0.0,0
0000291_02001_d_0000878.jpg,23,30,26.27,0.0,0.0,0
0000291_02001_d_0000878.jpg,19,27,22.65,0.0,0.0,0
0000291_02001_d_0000878.jpg,19,52,31.43,0.0,0.0,0
0000291_02001_d_0000878.jpg,11,28,17.55,0.0,0.0,0
0000291_02001_d_0000878.jpg,24,32,27.71,0.0,0.0,0
0000291_02001_d_0000878.jpg,44,41,42.47,0.0,0.0,0
0000291_02001_d_0000878.jpg,29,45,36.12,0.2928,0.1854,0
0000291_02001_d_0000878.jpg,28,31,29.46,0.0,0.0,0
0000291_02001_d_0000878.jpg,28,28,28.0,0.0,0.0,0
0000291_02001_d_0000878.jpg,43,50,46.37,0.0,0.0,0
0000291_02201_d_0000879.jpg,18,42,27.5,0.0,0.0,0
0000291_02201_d_0000879.jpg,18,40,26.83,0.0,0.0,0
0000291_02201_d_0000879.jpg,13,40,22.8,0.0,0.0,0
0000291_02201_d_0000879.jpg,14,26,19.08,0.0,0.0,0
0000291_02201_d_0000879.jpg,22,45,31.46,0.0,0.0,0
0000291_02201_d_0000879.jpg,24,29,26.38,0.0,0.0,0
0000291_02201_d_0000879.jpg,28,53,38.52,0.0,0.0,0
0000291_02201_d_0000879.jpg,25,59,38.41,0.6707,0.6188,1
0000291_02201_d_0000879.jpg,31,50,39.37,0.063,0.4948,0
0000291_02201_d_0000879.jpg,25,45,33.54,0.0128,0.4948,0
0000291_02201_d_0000879.jpg,36,58,45.69,0.8676,0.1613,1
0000291_02201_d_0000879.jpg,26,56,38.16,0.0835,0.1921,0
0000291_02201_d_0000879.jpg,30,58,41.71,0.75,0.2449,1
0000291_02201_d_0000879.jpg,23,50,33.91,0.6852,0.3156,1
0000291_02201_d_0000879.jpg,23,50,33.91,0.8365,0.6917,1
0000291_02201_d_0000879.jpg,23,50,33.91,0.0,0.0,0
0000291_02201_d_0000879.jpg,22,59,36.03,0.0,0.0,0
0000291_02201_d_0000879.jpg,32,60,43.82,0.0,0.0,0
0000291_02201_d_0000879.jpg,24,34,28.57,0.0,0.0,0
0000291_02201_d_0000879.jpg,30,36,32.86,0.0,0.0,0
0000291_02201_d_0000879.jpg,46,28,35.89,0.0319,0.1922,0
0000291_02201_d_0000879.jpg,48,36,41.57,0.0,0.0,0
0000291_02201_d_0000879.jpg,27,31,28.93,0.0,0.0,0
0000291_02201_d_0000879.jpg,24,57,36.99,0.0,0.0,0
0000291_02201_d_0000879.jpg,23,66,38.96,0.0001,0.2455,0
0000291_02201_d_0000879.jpg,26,58,38.83,0.1138,0.1868,0
0000291_02201_d_0000879.jpg,21,52,33.05,0.0,0.0,0
0000291_02201_d_0000879.jpg,16,44,26.53,0.0,0.0,0
0000291_02201_d_0000879.jpg,20,30,24.49,0.0,0.0,0
0000291_02201_d_0000879.jpg,18,24,20.78,0.0,0.0,0
0000291_02201_d_0000879.jpg,30,32,30.98,0.0,0.0,0
0000291_02201_d_0000879.jpg,19,56,32.62,0.0,0.0,0
0000291_02201_d_0000879.jpg,13,20,16.12,0.7527,0.1547,1
0000291_02201_d_0000879.jpg,31,52,40.15,0.8343,0.6549,1
0000291_02201_d_0000879.jpg,23,44,31.81,0.8645,0.7021,1
0000291_02201_d_0000879.jpg,23,49,33.57,0.6859,0.3689,1
0000291_02201_d_0000879.jpg,22,46,31.81,0.8013,0.4645,1
0000291_02201_d_0000879.jpg,23,46,32.53,0.0,0.0,0
0000291_02201_d_0000879.jpg,22,40,29.66,0.0,0.0,0
0000291_02201_d_0000879.jpg,14,20,16.73,0.151,0.2614,0
0000291_02201_d_0000879.jpg,16,42,25.92,0.693,0.3078,1
0000291_02201_d_0000879.jpg,16,30,21.91,0.2429,0.2053,0
0000291_02201_d_0000879.jpg,14,24,18.33,0.0,0.0,0
0000291_02201_d_0000879.jpg,17,24,20.2,0.0,0.0,0
0000291_02201_d_0000879.jpg,13,22,16.91,0.0,0.0,0
0000291_02201_d_0000879.jpg,19,24,21.35,0.0,0.0,0
0000291_02201_d_0000879.jpg,17,23,19.77,0.0,0.0,0
0000291_02201_d_0000879.jpg,15,22,18.17,0.0,0.0,0
0000291_02201_d_0000879.jpg,21,22,21.49,0.0,0.0,0
0000291_02201_d_0000879.jpg,15,22,18.17,0.0,0.0,0
0000291_02201_d_0000879.jpg,20,21,20.49,0.0,0.0,0
0000291_02201_d_0000879.jpg,16,28,21.17,0.4087,0.182,0
0000291_02201_d_0000879.jpg,15,19,16.88,0.0,0.0,0
0000291_02201_d_0000879.jpg,21,25,22.91,0.0,0.0,0
0000291_02201_d_0000879.jpg,18,21,19.44,0.0,0.0,0
0000291_02201_d_0000879.jpg,16,27,20.78,0.0,0.0,0
0000291_02201_d_0000879.jpg,15,37,23.56,0.6171,0.1574,1
0000291_02201_d_0000879.jpg,11,28,17.55,0.182,0.2212,0
0000291_02201_d_0000879.jpg,10,26,16.12,0.0,0.0,0
0000291_02201_d_0000879.jpg,12,21,15.87,0.0,0.0,0
0000291_02201_d_0000879.jpg,10,14,11.83,0.0,0.0,0
0000291_02201_d_0000879.jpg,9,14,11.22,0.0,0.0,0
0000291_02601_d_0000881.jpg,34,56,43.63,0.8599,0.768,1
0000291_02601_d_0000881.jpg,26,47,34.96,0.6728,0.5333,1
0000291_02601_d_0000881.jpg,20,44,29.66,0.0021,0.1673,0
0000291_02601_d_0000881.jpg,30,46,37.15,0.6803,0.2259,1
0000291_02601_d_0000881.jpg,18,43,27.82,0.6414,0.2972,1
0000291_02601_d_0000881.jpg,19,22,20.45,0.0,0.0,0
0000291_02601_d_0000881.jpg,16,24,19.6,0.0,0.0,0
0000291_02601_d_0000881.jpg,21,28,24.25,0.2409,0.176,0
0000291_02601_d_0000881.jpg,20,25,22.36,0.6443,0.1957,1
0000291_02601_d_0000881.jpg,19,22,20.45,0.0,0.0,0
0000291_02601_d_0000881.jpg,19,25,21.79,0.0,0.0,0
0000291_02601_d_0000881.jpg,19,26,22.23,0.0,0.0,0
0000291_02601_d_0000881.jpg,18,26,21.63,0.0002,0.3322,0
0000291_02601_d_0000881.jpg,19,30,23.87,0.0957,0.2743,0
0000291_02601_d_0000881.jpg,19,29,23.47,0.2593,0.4781,0
0000291_02601_d_0000881.jpg,25,28,26.46,0.0036,0.2571,0
0000291_02601_d_0000881.jpg,20,21,20.49,0.2105,0.3877,0
0000291_02601_d_0000881.jpg,24,26,24.98,0.3473,0.3281,0
0000291_02601_d_0000881.jpg,20,26,22.8,0.0,0.0,0
0000291_02601_d_0000881.jpg,24,47,33.59,0.0,0.0,0
0000291_02601_d_0000881.jpg,18,24,20.78,0.0,0.0,0
0000291_02601_d_0000881.jpg,10,27,16.43,0.7776,0.2036,1
0000291_02601_d_0000881.jpg,11,19,14.46,0.0,0.0,0
0000291_02601_d_0000881.jpg,13,19,15.72,0.6063,0.4371,1
0000291_02601_d_0000881.jpg,12,26,17.66,0.0,0.0,0
0000291_02601_d_0000881.jpg,14,21,17.15,0.0,0.0,0
0000291_02601_d_0000881.jpg,26,24,24.98,0.0,0.0,0
0000291_02601_d_0000881.jpg,31,39,34.77,0.0,0.0,0
0000291_02601_d_0000881.jpg,33,51,41.02,0.8156,0.2211,1
0000291_02601_d_0000881.jpg,29,60,41.71,0.7834,0.8208,1
0000291_02601_d_0000881.jpg,33,53,41.82,0.817,0.3665,1
0000291_02601_d_0000881.jpg,24,51,34.99,0.2612,0.2192,0
0000291_02601_d_0000881.jpg,24,46,33.23,0.6111,0.1503,1
0000291_02601_d_0000881.jpg,17,51,29.44,0.0,0.0,0
0000291_02601_d_0000881.jpg,22,45,31.46,0.0,0.0,0
0000291_02601_d_0000881.jpg,21,48,31.75,0.0,0.0,0
0000291_02601_d_0000881.jpg,20,46,30.33,0.0,0.0,0
0000291_02601_d_0000881.jpg,22,46,31.81,0.6395,0.4891,1
0000291_02601_d_0000881.jpg,19,51,31.13,0.0,0.0,0
0000291_02601_d_0000881.jpg,17,47,28.27,0.8644,0.1988,1
0000291_02601_d_0000881.jpg,18,56,31.75,0.7398,0.1999,1
0000291_02601_d_0000881.jpg,19,56,32.62,0.4921,0.4179,0
0000291_02601_d_0000881.jpg,29,69,44.73,0.7662,0.3138,1
0000291_02601_d_0000881.jpg,23,56,35.89,0.5815,0.5056,1
0000291_02601_d_0000881.jpg,29,60,41.71,0.0,0.0,0
0000291_02601_d_0000881.jpg,25,56,37.42,0.0,0.0,0
0000291_02601_d_0000881.jpg,30,26,27.93,0.4403,0.1696,0
0000291_02601_d_0000881.jpg,30,46,37.15,0.0,0.0,0
0000291_02601_d_0000881.jpg,30,41,35.07,0.0279,0.1958,0
0000291_02601_d_0000881.jpg,27,41,33.27,0.6881,0.3855,1
0000291_02601_d_0000881.jpg,41,25,32.02,0.0,0.0,0
0000291_02601_d_0000881.jpg,30,26,27.93,0.0,0.0,0
0000291_02601_d_0000881.jpg,26,29,27.46,0.0,0.0,0
0000291_02601_d_0000881.jpg,30,28,28.98,0.0,0.0,0
0000291_02601_d_0000881.jpg,29,32,30.46,0.0,0.0,0
0000291_02601_d_0000881.jpg,24,39,30.59,0.0,0.0,0
0000291_02601_d_0000881.jpg,22,36,28.14,0.0,0.0,0
0000291_02601_d_0000881.jpg,21,39,28.62,0.0526,0.2384,0
0000291_02601_d_0000881.jpg,26,36,30.59,0.0,0.0,0
0000291_02601_d_0000881.jpg,20,38,27.57,0.0,0.0,0
0000291_02601_d_0000881.jpg,27,55,38.54,0.7426,0.3002,1
0000291_02601_d_0000881.jpg,19,57,32.91,0.0,0.0,0
0000291_02601_d_0000881.jpg,22,46,31.81,0.0,0.0,0
0000291_02601_d_0000881.jpg,15,40,24.49,0.0106,0.1726,0
0000291_02601_d_0000881.jpg,21,57,34.6,0.0,0.0,0
0000291_02601_d_0000881.jpg,22,57,35.41,0.0,0.0,0
0000291_02601_d_0000881.jpg,21,59,35.2,0.0,0.0,0
0000291_02601_d_0000881.jpg,23,46,32.53,0.0,0.0,0
0000291_02601_d_0000881.jpg,22,56,35.1,0.0,0.0,0
0000291_02601_d_0000881.jpg,14,36,22.45,0.0,0.0,0
0000291_02601_d_0000881.jpg,17,46,27.96,0.7279,0.3682,1
0000291_02601_d_0000881.jpg,16,36,24.0,0.0,0.0,0
0000291_02601_d_0000881.jpg,16,38,24.66,0.0,0.0,0
0000291_02601_d_0000881.jpg,9,18,12.73,0.0,0.0,0
0000291_02601_d_0000881.jpg,9,17,12.37,0.0,0.0,0
0000291_02601_d_0000881.jpg,9,14,11.22,0.0,0.0,0
0000291_03201_d_0000884.jpg,34,40,36.88,0.0,0.0,0
0000291_03201_d_0000884.jpg,7,21,12.12,0.0,0.0,0
0000291_03201_d_0000884.jpg,7,16,10.58,0.0,0.0,0
0000291_03201_d_0000884.jpg,7,13,9.54,0.0,0.0,0
0000291_03201_d_0000884.jpg,5,19,9.75,0.0,0.0,0
0000291_03201_d_0000884.jpg,4,14,7.48,0.0,0.0,0
0000291_03201_d_0000884.jpg,5,9,6.71,0.0,0.0,0
0000291_03201_d_0000884.jpg,5,11,7.42,0.0,0.0,0
0000291_03201_d_0000884.jpg,5,13,8.06,0.0,0.0,0
0000291_03201_d_0000884.jpg,9,20,13.42,0.0,0.0,0
0000291_03201_d_0000884.jpg,6,17,10.1,0.0,0.0,0
0000291_03201_d_0000884.jpg,11,24,16.25,0.0,0.0,0
0000291_03201_d_0000884.jpg,9,31,16.7,0.0,0.0,0
0000291_03201_d_0000884.jpg,13,34,21.02,0.0,0.0,0
0000291_03201_d_0000884.jpg,11,29,17.86,0.0,0.0,0
0000291_03201_d_0000884.jpg,11,38,20.45,0.0,0.0,0
0000291_03201_d_0000884.jpg,16,42,25.92,0.7485,0.2386,1
0000291_03201_d_0000884.jpg,17,36,24.74,0.502,0.261,1
0000291_03201_d_0000884.jpg,14,46,25.38,0.7335,0.1906,1
0000291_03201_d_0000884.jpg,14,35,22.14,0.0268,0.2901,0
0000291_03201_d_0000884.jpg,11,37,20.17,0.5897,0.4429,1
0000291_03201_d_0000884.jpg,12,37,21.07,0.5981,0.3275,1
0000291_03201_d_0000884.jpg,15,34,22.58,0.0166,0.207,0
0000291_03201_d_0000884.jpg,18,19,18.49,0.0621,0.1671,0
0000291_03201_d_0000884.jpg,20,28,23.66,0.0,0.0,0
0000291_03201_d_0000884.jpg,9,30,16.43,0.0,0.0,0
0000291_03201_d_0000884.jpg,18,39,26.5,0.0,0.0,0
0000291_03201_d_0000884.jpg,21,41,29.34,0.6932,0.1647,1
0000291_03201_d_0000884.jpg,17,44,27.35,0.8511,0.25,1
0000291_03201_d_0000884.jpg,21,44,30.4,0.7298,0.2344,1
0000291_03201_d_0000884.jpg,25,49,35.0,0.8412,0.334,1
0000291_03201_d_0000884.jpg,16,49,28.0,0.7149,0.2957,1
0000291_03201_d_0000884.jpg,16,20,17.89,0.0,0.0,0
0000291_03201_d_0000884.jpg,12,34,20.2,0.0,0.0,0
0000291_03201_d_0000884.jpg,15,38,23.87,0.0,0.0,0
0000291_03201_d_0000884.jpg,13,30,19.75,0.0,0.0,0
0000291_03201_d_0000884.jpg,13,40,22.8,0.0,0.0,0
0000291_03201_d_0000884.jpg,16,46,27.13,0.0,0.0,0
0000291_03201_d_0000884.jpg,11,43,21.75,0.0,0.0,0
0000291_03201_d_0000884.jpg,16,32,22.63,0.0,0.0,0
0000291_03201_d_0000884.jpg,20,30,24.49,0.034,0.3587,0
0000291_03201_d_0000884.jpg,19,48,30.2,0.7992,0.3922,1
0000291_03201_d_0000884.jpg,21,32,25.92,0.0152,0.2924,0
0000291_03201_d_0000884.jpg,27,50,36.74,0.7373,0.4327,1
0000291_03201_d_0000884.jpg,23,43,31.45,0.3418,0.2356,0
0000291_03201_d_0000884.jpg,22,43,30.76,0.5943,0.1613,1
0000291_03201_d_0000884.jpg,19,49,30.51,0.4644,0.25,0
0000291_03201_d_0000884.jpg,32,48,39.19,0.0,0.0,0
0000291_03201_d_0000884.jpg,21,24,22.45,0.1601,0.4251,0
0000291_03201_d_0000884.jpg,25,30,27.39,0.0397,0.5552,0
0000291_03201_d_0000884.jpg,24,30,26.83,0.4761,0.2234,0
0000291_03201_d_0000884.jpg,26,53,37.12,0.8506,0.651,1
0000291_03201_d_0000884.jpg,29,44,35.72,0.8239,0.3239,1
0000291_03201_d_0000884.jpg,40,25,31.62,0.0,0.0,0
0000291_03201_d_0000884.jpg,25,26,25.5,0.0,0.0,0
0000291_03201_d_0000884.jpg,17,26,21.02,0.0,0.0,0
0000291_03201_d_0000884.jpg,19,30,23.87,0.0,0.0,0
0000291_03201_d_0000884.jpg,20,27,23.24,0.0,0.0,0
0000291_03201_d_0000884.jpg,26,22,23.92,0.0,0.0,0
0000291_03201_d_0000884.jpg,24,23,23.49,0.0004,0.3239,0
0000291_03201_d_0000884.jpg,18,47,29.09,0.9419,0.4395,1
0000291_03201_d_0000884.jpg,17,46,27.96,0.2393,0.1857,0
0000291_03201_d_0000884.jpg,15,44,25.69,0.0,0.0,0
0000291_03201_d_0000884.jpg,20,44,29.66,0.6742,0.4283,1
0000291_03201_d_0000884.jpg,18,50,30.0,0.0356,0.3065,0
0000291_03201_d_0000884.jpg,15,49,27.11,0.6223,0.1803,1
0000291_03201_d_0000884.jpg,13,46,24.45,0.4167,0.1585,0
0000291_03201_d_0000884.jpg,13,46,24.45,0.0413,0.1744,0
0000291_03201_d_0000884.jpg,12,49,24.25,0.0,0.0,0
0000291_03201_d_0000884.jpg,14,47,25.65,0.0,0.0,0
0000291_03201_d_0000884.jpg,13,44,23.92,0.0328,0.2667,0
0000291_03201_d_0000884.jpg,22,41,30.03,0.0356,0.1774,0
0000291_03201_d_0000884.jpg,16,44,26.53,0.0332,0.1611,0
0000291_03201_d_0000884.jpg,17,43,27.04,0.0,0.0,0
0000291_03201_d_0000884.jpg,17,47,28.27,0.0,0.0,0
0000291_03201_d_0000884.jpg,27,40,32.86,0.6917,0.3003,1
0000291_03201_d_0000884.jpg,25,42,32.4,0.9066,0.3452,1
0000291_03201_d_0000884.jpg,18,47,29.09,0.7903,0.6237,1
0000291_03201_d_0000884.jpg,31,52,40.15,0.5681,0.3726,1
0000291_03201_d_0000884.jpg,13,48,24.98,0.6312,0.5094,1
0000291_03201_d_0000884.jpg,26,46,34.58,0.5668,0.6369,1
0000291_03201_d_0000884.jpg,27,51,37.11,0.7035,0.521,1
0000291_03201_d_0000884.jpg,25,34,29.15,0.0,0.0,0
0000291_03201_d_0000884.jpg,18,37,25.81,0.8304,0.3483,1
0000291_03201_d_0000884.jpg,14,32,21.17,0.0,0.0,0
0000291_03201_d_0000884.jpg,11,26,16.91,0.6336,0.2609,1
0000291_03201_d_0000884.jpg,21,24,22.45,0.0,0.0,0
0000291_03201_d_0000884.jpg,24,25,24.49,0.0,0.0,0
0000291_03201_d_0000884.jpg,18,22,19.9,0.0,0.0,0
0000291_03201_d_0000884.jpg,24,32,27.71,0.6698,0.327,1
0000291_03201_d_0000884.jpg,22,26,23.92,0.0185,0.2336,0
0000291_03201_d_0000884.jpg,25,31,27.84,0.0,0.0,0
0000291_03201_d_0000884.jpg,20,26,22.8,0.0,0.0,0
0000291_03401_d_0000885.jpg,17,39,25.75,0.7902,0.5827,1
0000291_03401_d_0000885.jpg,15,34,22.58,0.0,0.0,0
0000291_03401_d_0000885.jpg,13,42,23.37,0.0001,0.4892,0
0000291_03401_d_0000885.jpg,20,46,30.33,0.8001,0.4586,1
0000291_03401_d_0000885.jpg,16,41,25.61,0.023,0.4263,0
0000291_03401_d_0000885.jpg,16,37,24.33,0.0826,0.2487,0
0000291_03401_d_0000885.jpg,29,33,30.94,0.1546,0.1572,0
0000291_03401_d_0000885.jpg,17,40,26.08,0.6875,0.4272,1
0000291_03401_d_0000885.jpg,19,40,27.57,0.6558,0.4387,1
0000291_03401_d_0000885.jpg,27,46,35.24,0.1282,0.2264,0
0000291_03401_d_0000885.jpg,19,44,28.91,0.5969,0.1963,1
0000291_03401_d_0000885.jpg,12,41,22.18,0.3244,0.1607,0
0000291_03401_d_0000885.jpg,19,26,22.23,0.0,0.0,0
0000291_03401_d_0000885.jpg,16,44,26.53,0.8654,0.6457,1
0000291_03401_d_0000885.jpg,20,43,29.33,0.0,0.0,0
0000291_03401_d_0000885.jpg,18,40,26.83,0.0,0.0,0
0000291_03401_d_0000885.jpg,18,47,29.09,0.0,0.0,0
0000291_03401_d_0000885.jpg,17,40,26.08,0.0,0.0,0
0000291_03401_d_0000885.jpg,14,20,16.73,0.0,0.0,0
0000291_03401_d_0000885.jpg,15,25,19.36,0.0,0.0,0
0000291_03401_d_0000885.jpg,14,23,17.94,0.0,0.0,0
0000291_03401_d_0000885.jpg,13,21,16.52,0.0,0.0,0
0000291_03401_d_0000885.jpg,17,24,20.2,0.0,0.0,0
0000291_03401_d_0000885.jpg,16,25,20.0,0.0386,0.1656,0
0000291_03401_d_0000885.jpg,21,50,32.4,0.1617,0.1848,0
0000291_03401_d_0000885.jpg,19,29,23.47,0.0,0.0,0
0000291_03401_d_0000885.jpg,23,29,25.83,0.0335,0.2024,0
0000291_03401_d_0000885.jpg,15,45,25.98,0.7114,0.5324,1
0000291_03401_d_0000885.jpg,17,47,28.27,0.0,0.0,0
0000291_03401_d_0000885.jpg,16,47,27.42,0.9007,0.4443,1
0000291_03401_d_0000885.jpg,17,42,26.72,0.5887,0.3141,1
0000291_03401_d_0000885.jpg,18,42,27.5,0.5559,0.3654,1
0000291_03401_d_0000885.jpg,13,25,18.03,0.0,0.0,0
0000291_03401_d_0000885.jpg,22,29,25.26,0.0,0.0,0
0000291_03401_d_0000885.jpg,20,24,21.91,0.0557,0.1656,0
0000291_03401_d_0000885.jpg,15,42,25.1,0.0039,0.3432,0
0000291_03401_d_0000885.jpg,14,40,23.66,0.0,0.0,0
0000291_03401_d_0000885.jpg,14,38,23.07,0.1237,0.311,0
0000291_03401_d_0000885.jpg,10,44,20.98,0.1106,0.2925,0
0000291_03401_d_0000885.jpg,12,48,24.0,0.082,0.3873,0
0000291_03401_d_0000885.jpg,14,42,24.25,0.0145,0.1586,0
0000291_03401_d_0000885.jpg,15,38,23.87,0.0,0.0,0
0000291_03401_d_0000885.jpg,19,46,29.56,0.8201,0.2207,1
0000291_03401_d_0000885.jpg,20,43,29.33,0.0,0.0,0
0000291_03401_d_0000885.jpg,22,41,30.03,0.0,0.0,0
0000291_03401_d_0000885.jpg,17,41,26.4,0.0,0.0,0
0000291_03401_d_0000885.jpg,17,43,27.04,0.0,0.0,0
0000291_03401_d_0000885.jpg,16,42,25.92,0.2181,0.4261,0
0000291_03401_d_0000885.jpg,19,45,29.24,0.7744,0.2553,1
0000291_03401_d_0000885.jpg,18,46,28.77,0.7233,0.1617,1
0000291_03401_d_0000885.jpg,32,29,30.46,0.0,0.0,0
0000291_03401_d_0000885.jpg,20,29,24.08,0.0,0.0,0
0000291_03401_d_0000885.jpg,15,38,23.87,0.0,0.0,0
0000291_03401_d_0000885.jpg,23,45,32.17,0.6506,0.5058,1
0000291_03401_d_0000885.jpg,18,38,26.15,0.578,0.2341,1
0000291_03401_d_0000885.jpg,14,26,19.08,0.8783,0.2158,1
0000291_03401_d_0000885.jpg,23,45,32.17,0.849,0.1531,1
0000291_03401_d_0000885.jpg,18,44,28.14,0.7723,0.3618,1
0000291_03401_d_0000885.jpg,20,27,23.24,0.863,0.3728,1
0000291_03401_d_0000885.jpg,16,25,20.0,0.2717,0.1696,0
0000291_03401_d_0000885.jpg,19,27,22.65,0.9339,0.2784,1
0000291_03401_d_0000885.jpg,16,25,20.0,0.1121,0.2682,0
0000291_03401_d_0000885.jpg,17,32,23.32,0.627,0.169,1
0000291_03401_d_0000885.jpg,16,26,20.4,0.5563,0.1982,1
0000291_03401_d_0000885.jpg,17,29,22.2,0.0333,0.7144,0
0000291_03401_d_0000885.jpg,18,27,22.05,0.2198,0.6843,0
0000291_03401_d_0000885.jpg,15,51,27.66,0.8956,0.6799,1
0000291_03401_d_0000885.jpg,15,27,20.12,0.0,0.0,0
0000291_03401_d_0000885.jpg,19,38,26.87,0.0,0.0,0
0000291_03401_d_0000885.jpg,21,46,31.08,0.7355,0.5172,1
0000291_03401_d_0000885.jpg,18,50,30.0,0.7493,0.1855,1
0000291_03401_d_0000885.jpg,17,54,30.3,0.4065,0.2581,0
0000291_03401_d_0000885.jpg,14,46,25.38,0.841,0.2723,1
0000291_03401_d_0000885.jpg,26,35,30.17,0.1683,0.1958,0
0000291_03401_d_0000885.jpg,20,29,24.08,0.8856,0.1823,1
0000291_03401_d_0000885.jpg,17,45,27.66,0.8832,0.7041,1
0000291_03401_d_0000885.jpg,17,48,28.57,0.9095,0.7312,1
0000291_03401_d_0000885.jpg,10,32,17.89,0.0548,0.1944,0
0000291_03401_d_0000885.jpg,14,44,24.82,0.0407,0.2859,0
0000291_03401_d_0000885.jpg,16,31,22.27,0.0637,0.1798,0
0000291_03401_d_0000885.jpg,15,20,17.32,0.0,0.0,0
0000291_03401_d_0000885.jpg,15,25,19.36,0.0,0.0,0
0000291_03401_d_0000885.jpg,16,23,19.18,0.0,0.0,0
0000291_03401_d_0000885.jpg,10,34,18.44,0.228,0.2149,0
0000291_03401_d_0000885.jpg,10,40,20.0,0.0583,0.159,0
0000291_03401_d_0000885.jpg,12,41,22.18,0.0,0.0,0
0000291_03401_d_0000885.jpg,12,22,16.25,0.2537,0.1563,0
0000291_03401_d_0000885.jpg,13,42,23.37,0.7975,0.2126,1
0000291_03401_d_0000885.jpg,13,43,23.64,0.6753,0.3059,1
0000291_03401_d_0000885.jpg,9,43,19.67,0.3353,0.4516,0
0000291_03401_d_0000885.jpg,12,43,22.72,0.7406,0.1793,1
0000291_03401_d_0000885.jpg,14,45,25.1,0.4858,0.2891,0
0000291_03401_d_0000885.jpg,15,36,23.24,0.2315,0.213,0
0000291_03401_d_0000885.jpg,12,41,22.18,0.3065,0.1936,0
0000291_03401_d_0000885.jpg,19,48,30.2,0.7935,0.7245,1
0000291_03401_d_0000885.jpg,10,37,19.24,0.0,0.0,0
0000291_03401_d_0000885.jpg,17,33,23.69,0.8436,0.5313,1
0000291_03401_d_0000885.jpg,13,32,20.4,0.7102,0.2643,1
0000291_03401_d_0000885.jpg,13,36,21.63,0.9165,0.7164,1
0000291_03401_d_0000885.jpg,17,31,22.96,0.8726,0.2037,1
0000291_03401_d_0000885.jpg,23,32,27.13,0.8389,0.2938,1
0000291_03401_d_0000885.jpg,17,29,22.2,0.0,0.0,0
0000291_03401_d_0000885.jpg,27,48,36.0,0.7981,0.5221,1
0000291_03401_d_0000885.jpg,31,58,42.4,0.7345,0.2091,1
0000291_03401_d_0000885.jpg,35,32,33.47,0.0297,0.2623,0
0000291_03401_d_0000885.jpg,32,38,34.87,0.0,0.0,0
0000291_03401_d_0000885.jpg,38,37,37.5,0.0,0.0,0
0000291_03401_d_0000885.jpg,31,39,34.77,0.0,0.0,0
0000291_03401_d_0000885.jpg,47,33,39.38,0.0,0.0,0
0000291_03401_d_0000885.jpg,32,40,35.78,0.0,0.0,0
0000291_03401_d_0000885.jpg,25,38,30.82,0.0473,0.1906,0
0000291_03401_d_0000885.jpg,38,66,50.08,0.0242,0.2112,0
0000291_03401_d_0000885.jpg,41,49,44.82,0.7656,0.2074,1
0000291_03401_d_0000885.jpg,31,50,39.37,0.3935,0.1562,0
0000291_03401_d_0000885.jpg,38,52,44.45,0.3361,0.1849,0
0000291_03401_d_0000885.jpg,43,35,38.79,0.0,0.0,0
0000291_03401_d_0000885.jpg,38,37,37.5,0.0,0.0,0
0000291_03401_d_0000885.jpg,38,34,35.94,0.7376,0.1641,1
0000291_03401_d_0000885.jpg,51,56,53.44,0.0,0.0,0
0000291_03401_d_0000885.jpg,38,59,47.35,0.0,0.0,0
0000291_03401_d_0000885.jpg,16,27,20.78,0.0,0.0,0
0000291_03401_d_0000885.jpg,26,41,32.65,0.4259,0.224,0
0000291_03401_d_0000885.jpg,36,46,40.69,0.0,0.0,0
0000291_03401_d_0000885.jpg,31,39,34.77,0.7581,0.2233,1
0000291_03401_d_0000885.jpg,34,37,35.47,0.6534,0.2142,1
0000291_03401_d_0000885.jpg,38,40,38.99,0.7928,0.1552,1
0000291_03601_d_0000886.jpg,29,63,42.74,0.7967,0.7655,1
0000291_03601_d_0000886.jpg,31,61,43.49,0.9107,0.7589,1
0000291_03601_d_0000886.jpg,25,41,32.02,0.0,0.0,0
0000291_03601_d_0000886.jpg,39,45,41.89,0.0009,0.1718,0
0000291_03601_d_0000886.jpg,35,44,39.24,0.0,0.0,0
0000291_03601_d_0000886.jpg,30,36,32.86,0.105,0.1989,0
0000291_03601_d_0000886.jpg,30,36,32.86,0.0,0.0,0
0000291_03601_d_0000886.jpg,30,36,32.86,0.1459,0.2596,0
0000291_03601_d_0000886.jpg,30,36,32.86,0.5556,0.1658,1
0000291_03601_d_0000886.jpg,29,35,31.86,0.4769,0.4211,0
0000291_03601_d_0000886.jpg,30,35,32.4,0.6502,0.1772,1
0000291_03601_d_0000886.jpg,29,36,32.31,0.5045,0.244,1
0000291_03601_d_0000886.jpg,30,36,32.86,0.166,0.1566,0
0000291_03601_d_0000886.jpg,30,35,32.4,0.0,0.0,0
0000291_03601_d_0000886.jpg,29,35,31.86,0.0,0.0,0
0000291_03601_d_0000886.jpg,29,35,31.86,0.0,0.0,0
0000291_03601_d_0000886.jpg,29,36,32.31,0.0,0.0,0
0000291_03601_d_0000886.jpg,30,36,32.86,0.0,0.0,0
0000291_03601_d_0000886.jpg,30,35,32.4,0.0,0.0,0
0000291_03601_d_0000886.jpg,29,35,31.86,0.0586,0.5301,0
0000291_03601_d_0000886.jpg,30,35,32.4,0.0,0.0,0
0000291_03601_d_0000886.jpg,30,35,32.4,0.0,0.0,0
0000291_03601_d_0000886.jpg,29,35,31.86,0.0,0.0,0
0000291_03601_d_0000886.jpg,30,35,32.4,0.0,0.0,0
0000291_03601_d_0000886.jpg,29,35,31.86,0.0,0.0,0
0000291_03601_d_0000886.jpg,29,36,32.31,0.0,0.0,0
0000291_03601_d_0000886.jpg,29,36,32.31,0.0,0.0,0
0000291_03601_d_0000886.jpg,30,36,32.86,0.0,0.0,0
0000291_03601_d_0000886.jpg,26,33,29.29,0.0,0.0,0
0000291_03601_d_0000886.jpg,26,33,29.29,0.0,0.0,0
0000291_03601_d_0000886.jpg,26,34,29.73,0.1946,0.1551,0
0000291_03601_d_0000886.jpg,26,33,29.29,0.079,0.1698,0
0000291_03601_d_0000886.jpg,38,34,35.94,0.0292,0.1973,0
0000291_03601_d_0000886.jpg,38,34,35.94,0.0916,0.2114,0
0000291_03601_d_0000886.jpg,29,36,32.31,0.1589,0.1715,0
0000291_03601_d_0000886.jpg,26,47,34.96,0.0,0.0,0
0000291_03601_d_0000886.jpg,26,46,34.58,0.0,0.0,0
0000291_03601_d_0000886.jpg,26,46,34.58,0.731,0.1503,1
0000291_03601_d_0000886.jpg,26,46,34.58,0.6709,0.5063,1
0000291_03601_d_0000886.jpg,26,34,29.73,0.0,0.0,0
0000291_03601_d_0000886.jpg,26,34,29.73,0.0,0.0,0
0000291_03601_d_0000886.jpg,28,50,37.42,0.0,0.0,0
0000291_03601_d_0000886.jpg,25,42,32.4,0.6735,0.7291,1
0000291_03601_d_0000886.jpg,23,43,31.45,0.0,0.0,0
0000291_03601_d_0000886.jpg,21,54,33.67,0.6423,0.1834,1
0000291_03601_d_0000886.jpg,14,28,19.8,0.0,0.0,0
0000291_03601_d_0000886.jpg,22,45,31.46,0.6779,0.406,1
0000291_03601_d_0000886.jpg,18,47,29.09,0.7382,0.1594,1
0000291_03601_d_0000886.jpg,24,49,34.29,0.7731,0.4486,1
0000291_03601_d_0000886.jpg,15,50,27.39,0.0,0.0,0
0000291_03601_d_0000886.jpg,22,43,30.76,0.7624,0.2375,1
0000291_03601_d_0000886.jpg,22,44,31.11,0.0346,0.2411,0
0000291_03601_d_0000886.jpg,18,47,29.09,0.9463,0.6092,1
0000291_03601_d_0000886.jpg,19,46,29.56,0.7412,0.5784,1
0000291_03601_d_0000886.jpg,16,42,25.92,0.761,0.4803,1
0000291_03601_d_0000886.jpg,17,38,25.42,0.4864,0.2845,0
0000291_03601_d_0000886.jpg,19,48,30.2,0.6071,0.2011,1
0000291_03601_d_0000886.jpg,13,32,20.4,0.6068,0.4716,1
0000291_03601_d_0000886.jpg,15,47,26.55,0.6108,0.4886,1
0000291_03601_d_0000886.jpg,10,36,18.97,0.6857,0.5663,1
0000291_03601_d_0000886.jpg,30,26,27.93,0.0,0.0,0
0000291_03601_d_0000886.jpg,20,26,22.8,0.6202,0.3592,1
0000291_03601_d_0000886.jpg,21,28,24.25,0.6246,0.3101,1
0000291_03601_d_0000886.jpg,20,26,22.8,0.1176,0.1566,0
0000291_03601_d_0000886.jpg,20,23,21.45,0.1605,0.4458,0
0000291_03601_d_0000886.jpg,24,29,26.38,0.0,0.0,0
0000291_03601_d_0000886.jpg,19,25,21.79,0.0071,0.376,0
0000291_03601_d_0000886.jpg,17,27,21.42,0.8381,0.2928,1
0000291_03601_d_0000886.jpg,20,29,24.08,0.0,0.0,0
0000291_03601_d_0000886.jpg,21,33,26.32,0.1014,0.258,0
0000291_03601_d_0000886.jpg,18,31,23.62,0.8077,0.2807,1
0000291_03601_d_0000886.jpg,15,25,19.36,0.0694,0.2922,0
0000291_03601_d_0000886.jpg,16,29,21.54,0.6941,0.4374,1
0000291_03801_d_0000887.jpg,43,74,56.41,0.6994,0.3282,1
0000291_03801_d_0000887.jpg,24,53,35.67,0.7055,0.4234,1
0000291_03801_d_0000887.jpg,29,49,37.7,0.0,0.0,0
0000291_03801_d_0000887.jpg,29,44,35.72,0.6778,0.1523,1
0000291_03801_d_0000887.jpg,26,53,37.12,0.0,0.0,0
0000291_03801_d_0000887.jpg,25,47,34.28,0.0,0.0,0
0000291_03801_d_0000887.jpg,21,45,30.74,0.9073,0.4348,1
0000291_03801_d_0000887.jpg,21,49,32.08,0.0,0.0,0
0000291_03801_d_0000887.jpg,39,61,48.77,0.8934,0.6529,1
0000291_03801_d_0000887.jpg,30,54,40.25,0.7883,0.2087,1
0000291_03801_d_0000887.jpg,31,54,40.91,0.7431,0.4115,1
0000291_03801_d_0000887.jpg,29,36,32.31,0.0,0.0,0
0000291_03801_d_0000887.jpg,26,31,28.39,0.1059,0.1967,0
0000291_03801_d_0000887.jpg,35,36,35.5,0.7731,0.1884,1
0000291_03801_d_0000887.jpg,35,44,39.24,0.772,0.308,1
0000291_03801_d_0000887.jpg,37,39,37.99,0.771,0.2197,1
0000291_03801_d_0000887.jpg,38,41,39.47,0.0,0.0,0
0000291_03801_d_0000887.jpg,25,37,30.41,0.0,0.0,0
0000291_03801_d_0000887.jpg,32,31,31.5,0.0,0.0,0
0000291_03801_d_0000887.jpg,30,37,33.32,0.6234,0.2055,1
0000291_03801_d_0000887.jpg,33,36,34.47,0.0647,0.2787,0
0000291_03801_d_0000887.jpg,38,28,32.62,0.0,0.0,0
0000291_03801_d_0000887.jpg,32,46,38.37,0.835,0.5366,1
0000291_03801_d_0000887.jpg,35,42,38.34,0.7818,0.6089,1
0000291_03801_d_0000887.jpg,31,28,29.46,0.0,0.0,0
0000291_03801_d_0000887.jpg,29,47,36.92,0.0,0.0,0
0000291_03801_d_0000887.jpg,35,42,38.34,0.0,0.0,0
0000291_03801_d_0000887.jpg,36,47,41.13,0.2484,0.1657,0
0000291_03801_d_0000887.jpg,41,36,38.42,0.065,0.182,0
0000291_03801_d_0000887.jpg,40,40,40.0,0.0,0.0,0
0000291_03801_d_0000887.jpg,37,37,37.0,0.0,0.0,0
0000291_03801_d_0000887.jpg,33,30,31.46,0.1046,0.1852,0
0000291_03801_d_0000887.jpg,23,33,27.55,0.0,0.0,0
0000291_03801_d_0000887.jpg,22,25,23.45,0.1142,0.1677,0
0000291_03801_d_0000887.jpg,24,33,28.14,0.0,0.0,0
0000291_03801_d_0000887.jpg,27,24,25.46,0.25,0.235,0
0000291_03801_d_0000887.jpg,28,25,26.46,0.0,0.0,0
0000291_03801_d_0000887.jpg,27,30,28.46,0.0,0.0,0
0000291_03801_d_0000887.jpg,37,35,35.99,0.0,0.0,0
0000291_03801_d_0000887.jpg,20,33,25.69,0.0,0.0,0
0000291_03801_d_0000887.jpg,30,29,29.5,0.0,0.0,0
0000291_03801_d_0000887.jpg,29,32,30.46,0.0,0.0,0
0000291_03801_d_0000887.jpg,26,29,27.46,0.0697,0.3654,0
0000291_03801_d_0000887.jpg,41,37,38.95,0.4417,0.2124,0
0000291_03801_d_0000887.jpg,38,48,42.71,0.7265,0.389,1
0000291_03801_d_0000887.jpg,27,26,26.5,0.2676,0.1502,0
0000291_03801_d_0000887.jpg,27,33,29.85,0.3163,0.2047,0
0000291_03801_d_0000887.jpg,33,29,30.94,0.2393,0.3924,0
0000291_03801_d_0000887.jpg,32,33,32.5,0.4307,0.3718,0
0000291_03801_d_0000887.jpg,32,31,31.5,0.2744,0.3968,0
0000291_03801_d_0000887.jpg,14,38,23.07,0.8303,0.4497,1
0000291_03801_d_0000887.jpg,12,39,21.63,0.5188,0.4248,1
0000291_03801_d_0000887.jpg,19,29,23.47,0.0,0.0,0
0000291_03801_d_0000887.jpg,16,20,17.89,0.1079,0.1873,0
0000291_03801_d_0000887.jpg,18,24,20.78,0.0,0.0,0
0000291_03801_d_0000887.jpg,22,25,23.45,0.0823,0.2283,0
0000291_03801_d_0000887.jpg,19,25,21.79,0.5579,0.3535,1
0000291_03801_d_0000887.jpg,20,29,24.08,0.6521,0.2397,1
0000291_03801_d_0000887.jpg,14,48,25.92,0.0,0.0,0
0000291_03801_d_0000887.jpg,16,44,26.53,0.2396,0.1532,0
0000291_03801_d_0000887.jpg,16,46,27.13,0.3671,0.166,0
0000291_03801_d_0000887.jpg,14,33,21.49,0.2021,0.2488,0
0000291_03801_d_0000887.jpg,14,46,25.38,0.0,0.0,0
0000291_03801_d_0000887.jpg,19,34,25.42,0.6783,0.1826,1
0000291_03801_d_0000887.jpg,12,42,22.45,0.4551,0.3127,0
0000291_03801_d_0000887.jpg,11,43,21.75,0.1286,0.3404,0
0000291_03801_d_0000887.jpg,10,45,21.21,0.0,0.0,0
0000291_03801_d_0000887.jpg,16,38,24.66,0.4575,0.3091,0
0000291_03801_d_0000887.jpg,13,44,23.92,0.4262,0.2973,0
0000291_03801_d_0000887.jpg,10,45,21.21,0.0,0.0,0
0000291_03801_d_0000887.jpg,13,46,24.45,0.2014,0.1989,0
0000291_03801_d_0000887.jpg,13,37,21.93,0.4633,0.2647,0
0000291_03801_d_0000887.jpg,15,45,25.98,0.3452,0.2715,0
0000291_03801_d_0000887.jpg,17,46,27.96,0.8614,0.5413,1
0000291_03801_d_0000887.jpg,21,47,31.42,0.7491,0.5946,1
0000291_03801_d_0000887.jpg,18,48,29.39,0.7875,0.5348,1
0000291_03801_d_0000887.jpg,20,49,31.3,0.7678,0.3587,1
0000291_03801_d_0000887.jpg,17,49,28.86,0.7342,0.2118,1
0000291_03801_d_0000887.jpg,23,43,31.45,0.808,0.1637,1
0000291_03801_d_0000887.jpg,21,45,30.74,0.6388,0.3068,1
0000291_03801_d_0000887.jpg,18,31,23.62,0.1089,0.5638,0
0000291_03801_d_0000887.jpg,18,26,21.63,0.2668,0.5491,0
0000291_03801_d_0000887.jpg,21,29,24.68,0.0492,0.4066,0
0000291_03801_d_0000887.jpg,17,29,22.2,0.7744,0.156,1
0000291_03801_d_0000887.jpg,22,30,25.69,0.6412,0.3008,1
0000291_03801_d_0000887.jpg,34,28,30.85,0.0353,0.4274,0
0000291_03801_d_0000887.jpg,15,26,19.75,0.0,0.0,0
0000291_03801_d_0000887.jpg,17,26,21.02,0.1167,0.2735,0
0000291_03801_d_0000887.jpg,20,38,27.57,0.0,0.0,0
0000291_03801_d_0000887.jpg,18,30,23.24,0.1308,0.2451,0
0000291_03801_d_0000887.jpg,17,32,23.32,0.0,0.0,0
0000291_03801_d_0000887.jpg,19,28,23.07,0.0,0.0,0
0000291_03801_d_0000887.jpg,18,27,22.05,0.0,0.0,0
0000291_03801_d_0000887.jpg,14,30,20.49,0.0,0.0,0
0000291_03801_d_0000887.jpg,21,21,21.0,0.0,0.0,0
0000291_03801_d_0000887.jpg,17,39,25.75,0.0,0.0,0
0000291_03801_d_0000887.jpg,22,50,33.17,0.6951,0.5715,1
0000291_03801_d_0000887.jpg,22,49,32.83,0.0,0.0,0
0000291_03801_d_0000887.jpg,19,46,29.56,0.0,0.0,0
0000291_03801_d_0000887.jpg,18,49,29.7,0.0,0.0,0
0000291_03801_d_0000887.jpg,16,26,20.4,0.0,0.0,0
0000291_03801_d_0000887.jpg,19,33,25.04,0.0504,0.4603,0
0000291_03801_d_0000887.jpg,20,29,24.08,0.0611,0.3274,0
0000291_03801_d_0000887.jpg,20,31,24.9,0.1221,0.2073,0
0000291_03801_d_0000887.jpg,23,45,32.17,0.0385,0.1934,0
0000291_03801_d_0000887.jpg,19,46,29.56,0.0,0.0,0
0000291_03801_d_0000887.jpg,24,51,34.99,0.1094,0.301,0
0000291_03801_d_0000887.jpg,24,45,32.86,0.0,0.0,0
0000291_03801_d_0000887.jpg,25,43,32.79,0.7564,0.3923,1
0000291_03801_d_0000887.jpg,18,43,27.82,0.0,0.0,0
0000291_03801_d_0000887.jpg,21,48,31.75,0.5566,0.2085,1
0000291_03801_d_0000887.jpg,24,46,33.23,0.6491,0.2518,1
0000291_03801_d_0000887.jpg,22,42,30.4,0.2481,0.2345,0
0000291_03801_d_0000887.jpg,21,50,32.4,0.8667,0.2569,1
0000291_03801_d_0000887.jpg,21,44,30.4,0.5557,0.21,1
0000291_03801_d_0000887.jpg,23,45,32.17,0.6735,0.3257,1
0000291_03801_d_0000887.jpg,24,48,33.94,0.8038,0.2366,1
0000291_03801_d_0000887.jpg,33,50,40.62,0.0,0.0,0
0000291_03801_d_0000887.jpg,18,51,30.3,0.1995,0.1777,0
0000291_03801_d_0000887.jpg,20,46,30.33,0.1752,0.2003,0
0000291_03801_d_0000887.jpg,17,21,18.89,0.0,0.0,0
0000291_03801_d_0000887.jpg,16,25,20.0,0.2474,0.1921,0
0000291_03801_d_0000887.jpg,15,21,17.75,0.078,0.3257,0
0000291_03801_d_0000887.jpg,17,24,20.2,0.0,0.0,0
0000291_03801_d_0000887.jpg,18,23,20.35,0.0,0.0,0
0000291_03801_d_0000887.jpg,18,27,22.05,0.0,0.0,0
0000291_03801_d_0000887.jpg,21,24,22.45,0.0,0.0,0
0000291_03801_d_0000887.jpg,19,23,20.9,0.0026,0.1886,0
0000291_03801_d_0000887.jpg,18,35,25.1,0.0,0.0,0
0000291_03801_d_0000887.jpg,16,36,24.0,0.0514,0.2637,0
0000291_03801_d_0000887.jpg,12,31,19.29,0.0,0.0,0
0000291_03801_d_0000887.jpg,12,32,19.6,0.0267,0.2403,0
0000291_03801_d_0000887.jpg,11,36,19.9,0.1017,0.3151,0
0000291_03801_d_0000887.jpg,15,32,21.91,0.0,0.0,0
0000291_03801_d_0000887.jpg,20,34,26.08,0.1103,0.1624,0
0000291_03801_d_0000887.jpg,18,35,25.1,0.0,0.0,0
0000291_03801_d_0000887.jpg,20,47,30.66,0.0,0.0,0
0000291_03801_d_0000887.jpg,19,40,27.57,0.0,0.0,0
0000291_03801_d_0000887.jpg,25,50,35.36,0.1378,0.247,0
0000291_03801_d_0000887.jpg,24,51,34.99,0.6834,0.2038,1
0000291_03801_d_0000887.jpg,22,48,32.5,0.1852,0.2974,0
0000291_03801_d_0000887.jpg,22,49,32.83,0.1975,0.2405,0
0000291_03801_d_0000887.jpg,16,48,27.71,0.0,0.0,0
0000291_03801_d_0000887.jpg,16,51,28.57,0.3044,0.1574,0
0000291_03801_d_0000887.jpg,16,51,28.57,0.0,0.0,0
0000291_03801_d_0000887.jpg,12,54,25.46,0.0,0.0,0
0000291_03801_d_0000887.jpg,12,50,24.49,0.0914,0.1535,0
0000291_03801_d_0000887.jpg,15,52,27.93,0.0,0.0,0
0000291_03801_d_0000887.jpg,14,47,25.65,0.0,0.0,0
0000291_03801_d_0000887.jpg,12,44,22.98,0.0021,0.2829,0
0000291_04001_d_0000888.jpg,36,45,40.25,0.6536,0.3395,1
0000291_04001_d_0000888.jpg,22,49,32.83,0.8879,0.5788,1
0000291_04001_d_0000888.jpg,31,40,35.21,0.6708,0.1762,1
0000291_04001_d_0000888.jpg,25,30,27.39,0.0,0.0,0
0000291_04001_d_0000888.jpg,22,50,33.17,0.5994,0.4132,1
0000291_04001_d_0000888.jpg,32,46,38.37,0.8441,0.1682,1
0000291_04001_d_0000888.jpg,23,40,30.33,0.0,0.0,0
0000291_04001_d_0000888.jpg,24,49,34.29,0.8069,0.5434,1
0000291_04001_d_0000888.jpg,24,32,27.71,0.0302,0.2033,0
0000291_04001_d_0000888.jpg,20,29,24.08,0.0,0.0,0
0000291_04001_d_0000888.jpg,22,30,25.69,0.0,0.0,0
0000291_04001_d_0000888.jpg,23,29,25.83,0.0,0.0,0
0000291_04001_d_0000888.jpg,23,33,27.55,0.073,0.1742,0
0000291_04001_d_0000888.jpg,25,33,28.72,0.3317,0.2225,0
0000291_04001_d_0000888.jpg,21,26,23.37,0.8126,0.2104,1
0000291_04001_d_0000888.jpg,21,23,21.98,0.0475,0.2686,0
0000291_04001_d_0000888.jpg,27,26,26.5,0.0,0.0,0
0000291_04001_d_0000888.jpg,23,25,23.98,0.0,0.0,0
0000291_04001_d_0000888.jpg,23,28,25.38,0.0,0.0,0
0000291_04001_d_0000888.jpg,27,31,28.93,0.0,0.0,0
0000291_04001_d_0000888.jpg,23,36,28.77,0.0,0.0,0
0000291_04001_d_0000888.jpg,16,40,25.3,0.6832,0.305,1
0000291_04001_d_0000888.jpg,20,43,29.33,0.733,0.1775,1
0000291_04001_d_0000888.jpg,16,39,24.98,0.8565,0.5086,1
0000291_04001_d_0000888.jpg,18,39,26.5,0.5328,0.5893,1
0000291_04001_d_0000888.jpg,18,38,26.15,0.7161,0.2605,1
0000291_04001_d_0000888.jpg,13,37,21.93,0.6876,0.2758,1
0000291_04001_d_0000888.jpg,16,37,24.33,0.4135,0.173,0
0000291_04001_d_0000888.jpg,11,27,17.23,0.0,0.0,0
0000291_04001_d_0000888.jpg,15,34,22.58,0.0,0.0,0
0000291_04001_d_0000888.jpg,32,43,37.09,0.6801,0.5849,1
0000291_04001_d_0000888.jpg,29,33,30.94,0.0,0.0,0
0000291_04001_d_0000888.jpg,27,47,35.62,0.1224,0.2125,0
0000291_04001_d_0000888.jpg,29,47,36.92,0.0,0.0,0
0000291_04001_d_0000888.jpg,25,19,21.79,0.0,0.0,0
0000291_04001_d_0000888.jpg,24,38,30.2,0.0,0.0,0
0000291_04001_d_0000888.jpg,24,42,31.75,0.2918,0.1562,0
0000291_04001_d_0000888.jpg,22,49,32.83,0.0,0.0,0
0000291_04001_d_0000888.jpg,19,42,28.25,0.0,0.0,0
0000291_04001_d_0000888.jpg,26,36,30.59,0.0,0.0,0
0000291_04001_d_0000888.jpg,21,39,28.62,0.0,0.0,0
0000291_04001_d_0000888.jpg,18,39,26.5,0.884,0.2572,1
0000291_04001_d_0000888.jpg,18,41,27.17,0.8035,0.301,1
0000291_04001_d_0000888.jpg,13,26,18.38,0.0,0.0,0
0000291_04001_d_0000888.jpg,15,27,20.12,0.0,0.0,0
0000291_04001_d_0000888.jpg,12,26,17.66,0.0538,0.1532,0
0000291_04201_d_0000889.jpg,27,52,37.47,0.8445,0.4802,1
0000291_04201_d_0000889.jpg,30,48,37.95,0.7829,0.6976,1
0000291_04201_d_0000889.jpg,31,57,42.04,0.5572,0.426,1
0000291_04201_d_0000889.jpg,26,39,31.84,0.7878,0.2881,1
0000291_04201_d_0000889.jpg,20,47,30.66,0.8648,0.2889,1
0000291_04201_d_0000889.jpg,24,48,33.94,0.8213,0.2784,1
0000291_04201_d_0000889.jpg,24,46,33.23,0.8183,0.4389,1
0000291_04201_d_0000889.jpg,21,45,30.74,0.8796,0.3608,1
0000291_04201_d_0000889.jpg,15,39,24.19,0.917,0.4892,1
0000291_04201_d_0000889.jpg,13,34,21.02,0.8287,0.2981,1
0000291_04201_d_0000889.jpg,13,41,23.09,0.7564,0.6383,1
0000291_04201_d_0000889.jpg,11,43,21.75,0.699,0.7239,1
0000291_04201_d_0000889.jpg,11,40,20.98,0.4449,0.5706,0
0000291_04201_d_0000889.jpg,17,45,27.66,0.7168,0.217,1
0000291_04201_d_0000889.jpg,24,33,28.14,0.7086,0.207,1
0000291_04201_d_0000889.jpg,14,23,17.94,0.7398,0.289,1
0000291_04201_d_0000889.jpg,23,30,26.27,0.7927,0.318,1
0000291_04201_d_0000889.jpg,21,23,21.98,0.0,0.0,0
0000291_04201_d_0000889.jpg,19,28,23.07,0.5597,0.2772,1
0000291_04201_d_0000889.jpg,16,29,21.54,0.808,0.2262,1
0000291_04201_d_0000889.jpg,22,30,25.69,0.0,0.0,0
0000291_04201_d_0000889.jpg,17,28,21.82,0.0,0.0,0
0000291_04201_d_0000889.jpg,20,26,22.8,0.0,0.0,0
0000291_04201_d_0000889.jpg,18,26,21.63,0.0,0.0,0
0000291_04201_d_0000889.jpg,15,24,18.97,0.0,0.0,0
0000291_04201_d_0000889.jpg,13,24,17.66,0.0,0.0,0
0000291_04201_d_0000889.jpg,8,25,14.14,0.4315,0.1575,0
0000291_04201_d_0000889.jpg,20,44,29.66,0.0,0.0,0
0000291_04201_d_0000889.jpg,20,51,31.94,0.0,0.0,0
0000291_04201_d_0000889.jpg,22,48,32.5,0.425,0.1537,0
0000291_04201_d_0000889.jpg,31,35,32.94,0.0,0.0,0
0000291_04201_d_0000889.jpg,17,44,27.35,0.0,0.0,0
0000291_04201_d_0000889.jpg,17,43,27.04,0.6245,0.1897,1
0000291_04201_d_0000889.jpg,19,44,28.91,0.0,0.0,0
0000291_04201_d_0000889.jpg,13,26,18.38,0.0,0.0,0
0000291_04201_d_0000889.jpg,14,36,22.45,0.7263,0.5239,1
0000291_04201_d_0000889.jpg,14,31,20.83,0.0,0.0,0
0000291_04401_d_0000890.jpg,11,26,16.91,0.8451,0.575,1
0000291_04401_d_0000890.jpg,19,28,23.07,0.0,0.0,0
0000291_04401_d_0000890.jpg,20,29,24.08,0.0,0.0,0
0000291_04401_d_0000890.jpg,18,33,24.37,0.0,0.0,0
0000291_04401_d_0000890.jpg,20,24,21.91,0.0,0.0,0
0000291_04401_d_0000890.jpg,23,32,27.13,0.0,0.0,0
0000291_04401_d_0000890.jpg,22,45,31.46,0.0,0.0,0
0000291_04401_d_0000890.jpg,16,44,26.53,0.0092,0.1579,0
0000291_04401_d_0000890.jpg,31,45,37.35,0.0941,0.204,0
0000291_04401_d_0000890.jpg,22,57,35.41,0.8111,0.172,1
0000291_04401_d_0000890.jpg,28,38,32.62,0.6374,0.4656,1
0000291_04401_d_0000890.jpg,26,45,34.21,0.8698,0.3307,1
0000291_04401_d_0000890.jpg,29,47,36.92,0.0772,0.4725,0
0000291_04401_d_0000890.jpg,20,50,31.62,0.0,0.0,0
0000291_04401_d_0000890.jpg,23,45,32.17,0.0,0.0,0
0000291_04401_d_0000890.jpg,22,42,30.4,0.0,0.0,0
0000291_04401_d_0000890.jpg,18,38,26.15,0.0,0.0,0
0000291_04401_d_0000890.jpg,25,42,32.4,0.5608,0.2326,1
0000291_04401_d_0000890.jpg,24,47,33.59,0.0,0.0,0
0000291_04401_d_0000890.jpg,31,37,33.87,0.0,0.0,0
0000291_04401_d_0000890.jpg,18,50,30.0,0.5937,0.3332,1
0000291_04401_d_0000890.jpg,27,49,36.37,0.8797,0.4524,1
0000291_04401_d_0000890.jpg,27,47,35.62,0.8831,0.1727,1
0000291_04401_d_0000890.jpg,24,53,35.67,0.9002,0.4215,1
0000291_04401_d_0000890.jpg,28,32,29.93,0.0,0.0,0
0000291_04401_d_0000890.jpg,21,30,25.1,0.8808,0.2079,1
0000291_04401_d_0000890.jpg,23,30,26.27,0.6715,0.1879,1
0000291_04401_d_0000890.jpg,22,29,25.26,0.0,0.0,0
0000291_04401_d_0000890.jpg,25,34,29.15,0.7071,0.165,1
0000291_04401_d_0000890.jpg,26,34,29.73,0.7926,0.1752,1
0000291_04401_d_0000890.jpg,19,26,22.23,0.8361,0.2238,1
0000291_04401_d_0000890.jpg,24,30,26.83,0.0,0.0,0
0000291_04401_d_0000890.jpg,19,19,19.0,0.0,0.0,0
0000291_04401_d_0000890.jpg,19,22,20.45,0.0,0.0,0
0000291_04401_d_0000890.jpg,26,31,28.39,0.0,0.0,0
0000291_04401_d_0000890.jpg,21,22,21.49,0.0,0.0,0
0000291_04401_d_0000890.jpg,22,27,24.37,0.0,0.0,0
0000291_04401_d_0000890.jpg,20,46,30.33,0.6263,0.2639,1
0000291_04401_d_0000890.jpg,13,36,21.63,0.8096,0.4152,1
0000291_04401_d_0000890.jpg,14,42,24.25,0.7691,0.1618,1
0000291_04401_d_0000890.jpg,13,37,21.93,0.8789,0.3622,1
0000291_04401_d_0000890.jpg,11,39,20.71,0.3044,0.4388,0
0000291_04401_d_0000890.jpg,12,31,19.29,0.4801,0.4068,0
0000291_04401_d_0000890.jpg,12,31,19.29,0.7314,0.2735,1
0000291_04401_d_0000890.jpg,15,39,24.19,0.7937,0.2079,1
0000291_04401_d_0000890.jpg,8,22,13.27,0.0,0.0,0
0000291_04401_d_0000890.jpg,15,27,20.12,0.0,0.0,0
0000291_05001_d_0000892.jpg,23,45,32.17,0.1413,0.1561,0
0000291_05001_d_0000892.jpg,25,51,35.71,0.0,0.0,0
0000291_05001_d_0000892.jpg,31,49,38.97,0.0,0.0,0
0000291_05001_d_0000892.jpg,25,28,26.46,0.0,0.0,0
0000291_05001_d_0000892.jpg,20,43,29.33,0.0,0.0,0
0000291_05001_d_0000892.jpg,23,43,31.45,0.0,0.0,0
0000291_05001_d_0000892.jpg,26,47,34.96,0.0,0.0,0
0000291_05001_d_0000892.jpg,41,21,29.34,0.0,0.0,0
0000291_05001_d_0000892.jpg,26,51,36.41,0.7282,0.3345,1
0000291_05001_d_0000892.jpg,28,30,28.98,0.0489,0.4983,0
0000291_05001_d_0000892.jpg,24,22,22.98,0.0,0.0,0
0000291_05001_d_0000892.jpg,20,23,21.45,0.0,0.0,0
0000291_05001_d_0000892.jpg,23,47,32.88,0.0,0.0,0
0000291_05001_d_0000892.jpg,36,47,41.13,0.0,0.0,0
0000291_05001_d_0000892.jpg,33,33,33.0,0.1981,0.1779,0
0000291_05001_d_0000892.jpg,27,27,27.0,0.0,0.0,0
0000291_05001_d_0000892.jpg,20,27,23.24,0.0,0.0,0
0000291_05001_d_0000892.jpg,23,46,32.53,0.8871,0.4929,1
0000291_05001_d_0000892.jpg,21,45,30.74,0.7701,0.4195,1
0000291_05001_d_0000892.jpg,17,43,27.04,0.3349,0.167,0
0000291_05001_d_0000892.jpg,21,46,31.08,0.0096,0.1606,0
0000291_05001_d_0000892.jpg,17,43,27.04,0.0773,0.5131,0
0000291_05001_d_0000892.jpg,22,41,30.03,0.8335,0.1536,1
0000291_05001_d_0000892.jpg,14,37,22.76,0.0,0.0,0
0000291_05001_d_0000892.jpg,13,40,22.8,0.0,0.0,0
0000291_05001_d_0000892.jpg,17,40,26.08,0.8266,0.4164,1
0000291_05001_d_0000892.jpg,18,38,26.15,0.4802,0.2641,0
0000291_05001_d_0000892.jpg,17,33,23.69,0.0,0.0,0
0000291_05001_d_0000892.jpg,17,43,27.04,0.0,0.0,0
0000291_05001_d_0000892.jpg,23,30,26.27,0.0,0.0,0
0000291_05001_d_0000892.jpg,11,24,16.25,0.0,0.0,0
0000291_05001_d_0000892.jpg,27,46,35.24,0.7001,0.5213,1
0000291_05001_d_0000892.jpg,35,41,37.88,0.8167,0.4204,1
0000291_05001_d_0000892.jpg,25,50,35.36,0.8584,0.5319,1
0000291_05001_d_0000892.jpg,19,50,30.82,0.7133,0.3866,1
0000291_05001_d_0000892.jpg,26,49,35.69,0.0238,0.2371,0
0000291_05001_d_0000892.jpg,26,47,34.96,0.8158,0.3387,1
0000291_05001_d_0000892.jpg,32,35,33.47,0.0,0.0,0
0000291_05001_d_0000892.jpg,27,32,29.39,0.0,0.0,0
0000291_05001_d_0000892.jpg,20,32,25.3,0.8339,0.153,1
0000291_05001_d_0000892.jpg,21,29,24.68,0.1666,0.3382,0
0000291_05001_d_0000892.jpg,21,27,23.81,0.0,0.0,0
0000291_05001_d_0000892.jpg,24,31,27.28,0.0676,0.2965,0
0000291_05001_d_0000892.jpg,25,33,28.72,0.3785,0.2268,0
0000291_05001_d_0000892.jpg,17,23,19.77,0.8524,0.3328,1
0000291_05001_d_0000892.jpg,21,26,23.37,0.0513,0.2131,0
0000291_05001_d_0000892.jpg,27,26,26.5,0.0,0.0,0
0000291_05001_d_0000892.jpg,21,27,23.81,0.8544,0.1553,1
0000291_05001_d_0000892.jpg,22,40,29.66,0.8897,0.3539,1
0000291_05001_d_0000892.jpg,17,44,27.35,0.9131,0.4105,1
0000291_05001_d_0000892.jpg,17,46,27.96,0.7612,0.4678,1
0000291_05001_d_0000892.jpg,17,31,22.96,0.7325,0.2211,1
0000291_05001_d_0000892.jpg,23,26,24.45,0.0,0.0,0
0000291_05001_d_0000892.jpg,13,9,10.82,0.0,0.0,0
0000291_05001_d_0000892.jpg,27,26,26.5,0.0,0.0,0
0000291_05001_d_0000892.jpg,21,24,22.45,0.0,0.0,0
0000291_05001_d_0000892.jpg,12,28,18.33,0.7673,0.5458,1
0000291_05001_d_0000892.jpg,14,40,23.66,0.9294,0.4366,1
0000291_05001_d_0000892.jpg,11,36,19.9,0.6303,0.257,1
0000291_05001_d_0000892.jpg,8,38,17.44,0.2135,0.2376,0
0000291_05001_d_0000892.jpg,6,22,11.49,0.0,0.0,0
0000291_05001_d_0000892.jpg,9,14,11.22,0.0,0.0,0
0000291_05001_d_0000892.jpg,8,18,12.0,0.0,0.0,0
0000291_05001_d_0000892.jpg,10,23,15.17,0.0,0.0,0
0000291_05201_d_0000893.jpg,5,11,7.42,0.0,0.0,0
0000291_05201_d_0000893.jpg,5,11,7.42,0.0,0.0,0
0000291_05201_d_0000893.jpg,8,17,11.66,0.0,0.0,0
0000291_05201_d_0000893.jpg,9,28,15.87,0.0,0.0,0
0000291_05201_d_0000893.jpg,7,19,11.53,0.0,0.0,0
0000291_05201_d_0000893.jpg,28,35,31.3,0.0,0.0,0
0000291_05201_d_0000893.jpg,17,32,23.32,0.0,0.0,0
0000291_05201_d_0000893.jpg,16,28,21.17,0.4998,0.288,0
0000291_05201_d_0000893.jpg,12,38,21.35,0.7836,0.2459,1
0000291_05201_d_0000893.jpg,14,38,23.07,0.8863,0.2173,1
0000291_05201_d_0000893.jpg,16,37,24.33,0.3821,0.2062,0
0000291_05201_d_0000893.jpg,13,38,22.23,0.0,0.0,0
0000291_05201_d_0000893.jpg,11,36,19.9,0.0,0.0,0
0000291_05201_d_0000893.jpg,20,38,27.57,0.1323,0.3591,0
0000291_05201_d_0000893.jpg,18,40,26.83,0.785,0.3455,1
0000291_05201_d_0000893.jpg,16,42,25.92,0.3394,0.1802,0
0000291_05201_d_0000893.jpg,12,42,22.45,0.6021,0.3231,1
0000291_05201_d_0000893.jpg,13,44,23.92,0.6882,0.2368,1
0000291_05201_d_0000893.jpg,15,43,25.4,0.9206,0.4519,1
0000291_05201_d_0000893.jpg,18,43,27.82,0.3818,0.178,0
0000291_05201_d_0000893.jpg,20,45,30.0,0.835,0.4704,1
0000291_05201_d_0000893.jpg,19,23,20.9,0.0,0.0,0
0000291_05201_d_0000893.jpg,13,31,20.07,0.0,0.0,0
0000291_05201_d_0000893.jpg,19,49,30.51,0.0268,0.3116,0
0000291_05201_d_0000893.jpg,17,45,27.66,0.0139,0.1526,0
0000291_05201_d_0000893.jpg,18,28,22.45,0.0017,0.313,0
0000291_05201_d_0000893.jpg,28,25,26.46,0.0215,0.258,0
0000291_05201_d_0000893.jpg,29,25,26.93,0.0144,0.3259,0
0000291_05201_d_0000893.jpg,28,26,26.98,0.0174,0.1763,0
0000291_05201_d_0000893.jpg,22,41,30.03,0.0,0.0,0
0000291_05201_d_0000893.jpg,26,41,32.65,0.5885,0.3089,1
0000291_05201_d_0000893.jpg,17,42,26.72,0.0,0.0,0
0000291_05201_d_0000893.jpg,20,51,31.94,0.8199,0.5238,1
0000291_05201_d_0000893.jpg,23,29,25.83,0.4684,0.1626,0
0000291_05201_d_0000893.jpg,24,43,32.12,0.0007,0.2833,0
0000291_05201_d_0000893.jpg,16,48,27.71,0.8274,0.3204,1
0000291_05201_d_0000893.jpg,24,43,32.12,0.7943,0.5089,1
0000291_05201_d_0000893.jpg,23,48,33.23,0.9154,0.3503,1
0000291_05201_d_0000893.jpg,14,46,25.38,0.0779,0.5259,0
0000291_05201_d_0000893.jpg,23,33,27.55,0.0,0.0,0
0000291_05201_d_0000893.jpg,25,30,27.39,0.0,0.0,0
0000291_05201_d_0000893.jpg,21,33,26.32,0.0,0.0,0
0000291_05201_d_0000893.jpg,23,29,25.83,0.0,0.0,0
0000291_05201_d_0000893.jpg,20,46,30.33,0.0,0.0,0
0000291_05201_d_0000893.jpg,23,50,33.91,0.8136,0.2714,1
0000291_05201_d_0000893.jpg,21,46,31.08,0.5073,0.234,1
0000291_05201_d_0000893.jpg,22,50,33.17,0.4674,0.3438,0
0000291_05201_d_0000893.jpg,18,51,30.3,0.5427,0.4302,1
0000291_05201_d_0000893.jpg,39,25,31.22,0.0,0.0,0
0000291_05201_d_0000893.jpg,28,45,35.5,0.0479,0.704,0
0000291_05201_d_0000893.jpg,29,49,37.7,0.7626,0.619,1
0000291_05201_d_0000893.jpg,24,29,26.38,0.0,0.0,0
0000291_05201_d_0000893.jpg,24,33,28.14,0.743,0.2033,1
0000291_05201_d_0000893.jpg,32,52,40.79,0.4236,0.1539,0
0000291_05201_d_0000893.jpg,33,58,43.75,0.8429,0.573,1
0000291_05201_d_0000893.jpg,8,20,12.65,0.0,0.0,0
0000291_05201_d_0000893.jpg,11,21,15.2,0.0,0.0,0
0000291_05201_d_0000893.jpg,9,24,14.7,0.0,0.0,0
0000291_05201_d_0000893.jpg,10,16,12.65,0.0,0.0,0
0000291_05201_d_0000893.jpg,8,14,10.58,0.0,0.0,0
0000291_05201_d_0000893.jpg,7,15,10.25,0.0,0.0,0
0000291_05201_d_0000893.jpg,14,35,22.14,0.8964,0.2984,1
0000291_05201_d_0000893.jpg,13,39,22.52,0.8525,0.4284,1
0000291_05201_d_0000893.jpg,12,34,20.2,0.8605,0.5005,1
0000291_05201_d_0000893.jpg,11,32,18.76,0.2891,0.248,0
0000291_05201_d_0000893.jpg,16,29,21.54,0.8053,0.5574,1
0000291_05201_d_0000893.jpg,17,39,25.75,0.7128,0.6002,1
0000291_05201_d_0000893.jpg,22,34,27.35,0.0,0.0,0
0000291_05201_d_0000893.jpg,8,15,10.95,0.0,0.0,0
0000291_05201_d_0000893.jpg,19,36,26.15,0.7763,0.2716,1
0000291_05201_d_0000893.jpg,22,38,28.91,0.8326,0.3263,1
0000291_05201_d_0000893.jpg,21,27,23.81,0.0,0.0,0
0000291_05201_d_0000893.jpg,27,26,26.5,0.0,0.0,0
0000291_05201_d_0000893.jpg,18,22,19.9,0.0,0.0,0
0000291_05201_d_0000893.jpg,27,32,29.39,0.0,0.0,0
0000291_05201_d_0000893.jpg,18,25,21.21,0.8595,0.309,1
0000291_05201_d_0000893.jpg,16,28,21.17,0.467,0.3593,0
0000291_05201_d_0000893.jpg,27,29,27.98,0.0453,0.3253,0
0000291_05201_d_0000893.jpg,25,32,28.28,0.0,0.0,0
0000291_05201_d_0000893.jpg,21,29,24.68,0.3072,0.2447,0
0000291_05201_d_0000893.jpg,23,40,30.33,0.473,0.1943,0
0000291_05201_d_0000893.jpg,31,34,32.47,0.6464,0.2231,1
0000291_05201_d_0000893.jpg,23,54,35.24,0.7313,0.4893,1
0000291_05201_d_0000893.jpg,27,51,37.11,0.917,0.4378,1
0000291_05201_d_0000893.jpg,25,51,35.71,0.8668,0.6768,1
0000293_03601_d_0000940.jpg,29,37,32.76,0.0,0.0,0
0000293_03601_d_0000940.jpg,10,29,17.03,0.0,0.0,0
0000293_03601_d_0000940.jpg,10,28,16.73,0.533,0.2032,1
0000293_03601_d_0000940.jpg,13,20,16.12,0.5425,0.2033,1
0000293_03601_d_0000940.jpg,10,21,14.49,0.0,0.0,0
0000293_03601_d_0000940.jpg,9,20,13.42,0.0,0.0,0
0000293_03601_d_0000940.jpg,6,13,8.83,0.0,0.0,0
0000293_03601_d_0000940.jpg,8,16,11.31,0.0,0.0,0
0000293_03601_d_0000940.jpg,9,14,11.22,0.0,0.0,0
0000293_03601_d_0000940.jpg,23,47,32.88,0.8751,0.4323,1
0000293_03601_d_0000940.jpg,25,39,31.22,0.3582,0.1813,0
0000293_03601_d_0000940.jpg,10,30,17.32,0.6687,0.2654,1
0000293_03601_d_0000940.jpg,13,24,17.66,0.0,0.0,0
0000293_03601_d_0000940.jpg,11,23,15.91,0.0,0.0,0
0000293_03601_d_0000940.jpg,12,21,15.87,0.0,0.0,0
0000293_03601_d_0000940.jpg,11,20,14.83,0.0,0.0,0
0000293_03601_d_0000940.jpg,18,27,22.05,0.0,0.0,0
0000293_03601_d_0000940.jpg,15,25,19.36,0.0,0.0,0
0000293_03601_d_0000940.jpg,12,30,18.97,0.7248,0.6758,1
0000293_03601_d_0000940.jpg,16,21,18.33,0.0,0.0,0
0000293_03601_d_0000940.jpg,12,22,16.25,0.0,0.0,0
0000293_03601_d_0000940.jpg,12,27,18.0,0.0,0.0,0
0000293_03601_d_0000940.jpg,9,23,14.39,0.6995,0.5585,1
0000293_03601_d_0000940.jpg,7,19,11.53,0.0,0.0,0
0000293_03601_d_0000940.jpg,12,20,15.49,0.5383,0.1541,1
0000293_03601_d_0000940.jpg,11,25,16.58,0.0,0.0,0
0000293_03601_d_0000940.jpg,12,22,16.25,0.0,0.0,0
0000293_03601_d_0000940.jpg,9,20,13.42,0.0,0.0,0
0000293_03601_d_0000940.jpg,9,22,14.07,0.1139,0.164,0
0000293_03601_d_0000940.jpg,10,22,14.83,0.0,0.0,0
0000293_03601_d_0000940.jpg,6,16,9.8,0.0,0.0,0
0000293_03601_d_0000940.jpg,6,18,10.39,0.0,0.0,0
0000293_03601_d_0000940.jpg,8,16,11.31,0.6483,0.18,1
0000295_00000_d_0000021.jpg,8,16,11.31,0.0,0.0,0
0000295_00000_d_0000021.jpg,8,23,13.56,0.0,0.0,0
0000295_00000_d_0000021.jpg,5,14,8.37,0.0,0.0,0
0000295_00000_d_0000021.jpg,5,16,8.94,0.0,0.0,0
0000295_00000_d_0000021.jpg,5,12,7.75,0.0,0.0,0
0000295_00000_d_0000021.jpg,7,11,8.77,0.0,0.0,0
0000295_00000_d_0000021.jpg,6,8,6.93,0.0,0.0,0
0000295_00000_d_0000021.jpg,7,12,9.17,0.0,0.0,0
0000295_00000_d_0000021.jpg,7,14,9.9,0.0,0.0,0
0000295_00000_d_0000021.jpg,5,16,8.94,0.0,0.0,0
0000295_00000_d_0000021.jpg,8,19,12.33,0.0,0.0,0
0000295_00000_d_0000021.jpg,7,19,11.53,0.0,0.0,0
0000295_00000_d_0000021.jpg,8,21,12.96,0.0,0.0,0
0000295_00000_d_0000021.jpg,6,18,10.39,0.0,0.0,0
0000295_00000_d_0000021.jpg,7,17,10.91,0.0,0.0,0
0000295_00000_d_0000021.jpg,6,11,8.12,0.0,0.0,0
0000295_00000_d_0000021.jpg,7,17,10.91,0.0,0.0,0
0000295_00000_d_0000021.jpg,8,22,13.27,0.3803,0.2023,0
0000295_00000_d_0000021.jpg,7,22,12.41,0.1688,0.1568,0
0000295_00000_d_0000021.jpg,8,23,13.56,0.0,0.0,0
0000295_00000_d_0000021.jpg,7,17,10.91,0.0,0.0,0
0000295_00000_d_0000021.jpg,10,27,16.43,0.8012,0.4451,1
0000295_00000_d_0000021.jpg,9,28,15.87,0.7431,0.3821,1
0000295_00000_d_0000021.jpg,7,19,11.53,0.0,0.0,0
0000295_00000_d_0000021.jpg,17,33,23.69,0.0,0.0,0
0000295_00000_d_0000021.jpg,17,35,24.39,0.0,0.0,0
0000295_00000_d_0000021.jpg,13,11,11.96,0.0,0.0,0
0000295_00000_d_0000021.jpg,11,21,15.2,0.0,0.0,0
0000295_00000_d_0000021.jpg,8,18,12.0,0.0,0.0,0
0000295_00000_d_0000021.jpg,9,14,11.22,0.0,0.0,0
0000295_00000_d_0000021.jpg,7,19,11.53,0.0,0.0,0
0000295_00000_d_0000021.jpg,8,19,12.33,0.0,0.0,0
0000295_00000_d_0000021.jpg,8,19,12.33,0.0,0.0,0
0000295_00000_d_0000021.jpg,23,57,36.21,0.8286,0.8324,1
0000295_00000_d_0000021.jpg,14,26,19.08,0.0,0.0,0
0000295_00200_d_0000022.jpg,17,53,30.02,0.6235,0.2852,1
0000295_00200_d_0000022.jpg,14,40,23.66,0.8493,0.4616,1
0000295_00200_d_0000022.jpg,11,43,21.75,0.7539,0.3025,1
0000295_00200_d_0000022.jpg,13,30,19.75,0.7077,0.4222,1
0000295_00200_d_0000022.jpg,10,26,16.12,0.8138,0.2208,1
0000295_00200_d_0000022.jpg,8,23,13.56,0.0,0.0,0
0000295_00200_d_0000022.jpg,8,23,13.56,0.0,0.0,0
0000295_00200_d_0000022.jpg,10,31,17.61,0.5822,0.1649,1
0000295_00200_d_0000022.jpg,9,26,15.3,0.6219,0.3875,1
0000295_00200_d_0000022.jpg,9,29,16.16,0.6543,0.3096,1
0000295_00200_d_0000022.jpg,10,21,14.49,0.0,0.0,0
0000295_00200_d_0000022.jpg,8,23,13.56,0.0,0.0,0
0000295_00200_d_0000022.jpg,5,17,9.22,0.0,0.0,0
0000295_00200_d_0000022.jpg,8,14,10.58,0.0236,0.3077,0
0000295_00200_d_0000022.jpg,7,15,10.25,0.0,0.0,0
0000295_00200_d_0000022.jpg,19,41,27.91,0.0,0.0,0
0000295_00200_d_0000022.jpg,10,24,15.49,0.0,0.0,0
0000295_00200_d_0000022.jpg,8,17,11.66,0.1854,0.1628,0
0000295_00200_d_0000022.jpg,6,19,10.68,0.0,0.0,0
0000295_00200_d_0000022.jpg,6,17,10.1,0.0,0.0,0
0000295_00200_d_0000022.jpg,6,13,8.83,0.0,0.0,0
0000295_00200_d_0000022.jpg,7,16,10.58,0.0,0.0,0
0000295_00200_d_0000022.jpg,5,15,8.66,0.0,0.0,0
0000295_00600_d_0000024.jpg,11,33,19.05,0.6265,0.1665,1
0000295_00600_d_0000024.jpg,14,33,21.49,0.6364,0.4494,1
0000295_00600_d_0000024.jpg,10,31,17.61,0.7699,0.7418,1
0000295_00600_d_0000024.jpg,10,29,17.03,0.6746,0.5883,1
0000295_00600_d_0000024.jpg,10,29,17.03,0.0202,0.3627,0
0000295_00600_d_0000024.jpg,12,26,17.66,0.7539,0.3218,1
0000295_00600_d_0000024.jpg,16,30,21.91,0.7977,0.2069,1
0000295_00600_d_0000024.jpg,5,15,8.66,0.0,0.0,0
0000295_00600_d_0000024.jpg,6,20,10.95,0.0,0.0,0
0000295_00600_d_0000024.jpg,7,20,11.83,0.0,0.0,0
0000295_00600_d_0000024.jpg,8,22,13.27,0.0,0.0,0
0000295_00600_d_0000024.jpg,7,21,12.12,0.0,0.0,0
0000295_00600_d_0000024.jpg,6,12,8.49,0.0,0.0,0
0000295_00600_d_0000024.jpg,10,21,14.49,0.0,0.0,0
0000295_00600_d_0000024.jpg,5,12,7.75,0.0,0.0,0
0000295_00600_d_0000024.jpg,4,14,7.48,0.0,0.0,0
0000295_00600_d_0000024.jpg,7,14,9.9,0.0,0.0,0
0000295_00600_d_0000024.jpg,5,15,8.66,0.0,0.0,0
0000295_00600_d_0000024.jpg,4,14,7.48,0.0,0.0,0
0000295_00600_d_0000024.jpg,5,16,8.94,0.0,0.0,0
0000295_00600_d_0000024.jpg,5,17,9.22,0.0,0.0,0
0000295_00600_d_0000024.jpg,6,15,9.49,0.0,0.0,0
0000295_00600_d_0000024.jpg,4,7,5.29,0.0,0.0,0
0000295_00600_d_0000024.jpg,3,8,4.9,0.0,0.0,0
0000295_00600_d_0000024.jpg,11,23,15.91,0.5272,0.408,1
0000295_00600_d_0000024.jpg,4,13,7.21,0.0,0.0,0
0000295_00600_d_0000024.jpg,4,13,7.21,0.0,0.0,0
0000295_00600_d_0000024.jpg,6,13,8.83,0.0,0.0,0
0000295_00600_d_0000024.jpg,4,14,7.48,0.0,0.0,0
0000295_00600_d_0000024.jpg,4,14,7.48,0.0,0.0,0
0000295_00600_d_0000024.jpg,5,14,8.37,0.0,0.0,0
0000295_00600_d_0000024.jpg,6,14,9.17,0.0,0.0,0
0000295_00600_d_0000024.jpg,7,14,9.9,0.0,0.0,0
0000295_00600_d_0000024.jpg,6,16,9.8,0.0,0.0,0
0000295_00600_d_0000024.jpg,7,17,10.91,0.0,0.0,0
0000295_00600_d_0000024.jpg,7,15,10.25,0.0,0.0,0
0000295_00600_d_0000024.jpg,7,13,9.54,0.0,0.0,0
0000295_00600_d_0000024.jpg,5,14,8.37,0.0,0.0,0
0000295_00600_d_0000024.jpg,10,19,13.78,0.0,0.0,0
0000295_00600_d_0000024.jpg,6,18,10.39,0.0,0.0,0
0000295_00600_d_0000024.jpg,8,19,12.33,0.0,0.0,0
0000295_00600_d_0000024.jpg,7,20,11.83,0.0,0.0,0
0000295_00600_d_0000024.jpg,7,20,11.83,0.0,0.0,0
0000295_00600_d_0000024.jpg,3,9,5.2,0.0,0.0,0
0000295_00600_d_0000024.jpg,9,22,14.07,0.0,0.0,0
0000295_00600_d_0000024.jpg,10,24,15.49,0.0,0.0,0
0000295_00600_d_0000024.jpg,9,24,14.7,0.4199,0.1692,0
0000295_00600_d_0000024.jpg,8,16,11.31,0.0,0.0,0
0000295_00600_d_0000024.jpg,8,21,12.96,0.0,0.0,0
0000295_00600_d_0000024.jpg,7,21,12.12,0.0993,0.177,0
0000295_00600_d_0000024.jpg,6,18,10.39,0.0,0.0,0
0000295_00600_d_0000024.jpg,8,20,12.65,0.0,0.0,0
0000295_00600_d_0000024.jpg,6,17,10.1,0.0,0.0,0
0000295_00600_d_0000024.jpg,6,16,9.8,0.0,0.0,0
0000295_00600_d_0000024.jpg,5,17,9.22,0.0,0.0,0
0000295_00600_d_0000024.jpg,10,34,18.44,0.5842,0.57,1
0000295_00600_d_0000024.jpg,17,37,25.08,0.7507,0.614,1
0000295_00600_d_0000024.jpg,13,32,20.4,0.6611,0.4284,1
0000295_00600_d_0000024.jpg,13,34,21.02,0.6367,0.4138,1
0000295_00600_d_0000024.jpg,11,27,17.23,0.7785,0.1691,1
0000295_00600_d_0000024.jpg,10,26,16.12,0.704,0.4869,1
0000295_00600_d_0000024.jpg,14,33,21.49,0.7576,0.226,1
0000295_00600_d_0000024.jpg,15,37,23.56,0.891,0.4344,1
0000295_00600_d_0000024.jpg,9,28,15.87,0.0,0.0,0
0000295_00600_d_0000024.jpg,12,30,18.97,0.0,0.0,0
0000295_00600_d_0000024.jpg,18,30,23.24,0.6829,0.2388,1
0000295_00600_d_0000024.jpg,10,21,14.49,0.4067,0.183,0
0000295_00600_d_0000024.jpg,9,25,15.0,0.483,0.176,0
0000295_00600_d_0000024.jpg,7,16,10.58,0.121,0.3654,0
0000295_00600_d_0000024.jpg,8,18,12.0,0.0,0.0,0
0000295_00600_d_0000024.jpg,9,21,13.75,0.0,0.0,0
0000295_00600_d_0000024.jpg,11,16,13.27,0.0,0.0,0
0000295_00600_d_0000024.jpg,7,21,12.12,0.0,0.0,0
0000295_00600_d_0000024.jpg,7,15,10.25,0.0,0.0,0
0000295_00600_d_0000024.jpg,7,19,11.53,0.0,0.0,0
0000295_00600_d_0000024.jpg,8,24,13.86,0.0,0.0,0
0000295_00600_d_0000024.jpg,9,22,14.07,0.0,0.0,0
0000295_00600_d_0000024.jpg,9,23,14.39,0.0,0.0,0
0000295_00600_d_0000024.jpg,11,28,17.55,0.0006,0.3248,0
0000295_00600_d_0000024.jpg,10,30,17.32,0.0,0.0,0
0000295_00600_d_0000024.jpg,10,27,16.43,0.7943,0.4273,1
0000295_00600_d_0000024.jpg,10,25,15.81,0.6901,0.311,1
0000295_00600_d_0000024.jpg,8,22,13.27,0.4747,0.197,0
0000295_00600_d_0000024.jpg,8,21,12.96,0.0,0.0,0
0000295_00600_d_0000024.jpg,8,18,12.0,0.0,0.0,0
0000295_00600_d_0000024.jpg,8,17,11.66,0.0,0.0,0
0000295_00600_d_0000024.jpg,5,12,7.75,0.0,0.0,0
0000295_00600_d_0000024.jpg,4,12,6.93,0.0,0.0,0
0000295_00600_d_0000024.jpg,3,11,5.74,0.0,0.0,0
0000295_00600_d_0000024.jpg,4,11,6.63,0.0,0.0,0
0000295_00600_d_0000024.jpg,5,13,8.06,0.0,0.0,0
0000295_00600_d_0000024.jpg,6,12,8.49,0.0,0.0,0
0000295_00600_d_0000024.jpg,5,13,8.06,0.0,0.0,0
0000295_00600_d_0000024.jpg,4,11,6.63,0.0,0.0,0
0000295_00600_d_0000024.jpg,3,10,5.48,0.0,0.0,0
0000295_00600_d_0000024.jpg,4,10,6.32,0.0,0.0,0
0000295_00600_d_0000024.jpg,5,13,8.06,0.0,0.0,0
0000295_00800_d_0000025.jpg,5,16,8.94,0.0,0.0,0
0000295_00800_d_0000025.jpg,8,16,11.31,0.0,0.0,0
0000295_00800_d_0000025.jpg,8,18,12.0,0.0,0.0,0
0000295_00800_d_0000025.jpg,8,16,11.31,0.0,0.0,0
0000295_00800_d_0000025.jpg,6,16,9.8,0.0,0.0,0
0000295_00800_d_0000025.jpg,7,16,10.58,0.0,0.0,0
0000295_00800_d_0000025.jpg,8,17,11.66,0.0,0.0,0
0000295_00800_d_0000025.jpg,7,15,10.25,0.0,0.0,0
0000295_00800_d_0000025.jpg,7,16,10.58,0.0,0.0,0
0000295_00800_d_0000025.jpg,7,14,9.9,0.0,0.0,0
0000295_00800_d_0000025.jpg,5,15,8.66,0.0,0.0,0
0000295_00800_d_0000025.jpg,5,14,8.37,0.0,0.0,0
0000295_00800_d_0000025.jpg,6,16,9.8,0.0,0.0,0
0000295_00800_d_0000025.jpg,5,15,8.66,0.0,0.0,0
0000295_00800_d_0000025.jpg,6,17,10.1,0.0,0.0,0
0000295_00800_d_0000025.jpg,7,16,10.58,0.0,0.0,0
0000295_00800_d_0000025.jpg,7,18,11.22,0.0,0.0,0
0000295_00800_d_0000025.jpg,5,16,8.94,0.0,0.0,0
0000295_00800_d_0000025.jpg,6,14,9.17,0.0,0.0,0
0000295_00800_d_0000025.jpg,5,12,7.75,0.0,0.0,0
0000295_00800_d_0000025.jpg,10,20,14.14,0.0,0.0,0
0000295_00800_d_0000025.jpg,8,21,12.96,0.0,0.0,0
0000295_00800_d_0000025.jpg,6,19,10.68,0.0,0.0,0
0000295_00800_d_0000025.jpg,8,19,12.33,0.0,0.0,0
0000295_00800_d_0000025.jpg,9,20,13.42,0.0,0.0,0
0000295_00800_d_0000025.jpg,7,20,11.83,0.0,0.0,0
0000295_00800_d_0000025.jpg,6,26,12.49,0.0,0.0,0
0000295_00800_d_0000025.jpg,7,21,12.12,0.0,0.0,0
0000295_00800_d_0000025.jpg,7,25,13.23,0.0,0.0,0
0000295_00800_d_0000025.jpg,10,20,14.14,0.0,0.0,0
0000295_00800_d_0000025.jpg,7,20,11.83,0.0,0.0,0
0000295_00800_d_0000025.jpg,14,16,14.97,0.0,0.0,0
0000295_00800_d_0000025.jpg,11,16,13.27,0.0,0.0,0
0000295_00800_d_0000025.jpg,10,16,12.65,0.0,0.0,0
0000295_00800_d_0000025.jpg,10,26,16.12,0.0,0.0,0
0000295_00800_d_0000025.jpg,11,27,17.23,0.0,0.0,0
0000295_00800_d_0000025.jpg,11,25,16.58,0.0,0.0,0
0000295_00800_d_0000025.jpg,14,20,16.73,0.0,0.0,0
0000295_00800_d_0000025.jpg,10,30,17.32,0.551,0.2632,1
0000295_00800_d_0000025.jpg,11,29,17.86,0.0,0.0,0
0000295_00800_d_0000025.jpg,9,23,14.39,0.0,0.0,0
0000295_00800_d_0000025.jpg,10,21,14.49,0.0,0.0,0
0000295_00800_d_0000025.jpg,11,23,15.91,0.0,0.0,0
0000295_00800_d_0000025.jpg,12,26,17.66,0.1038,0.1859,0
0000295_00800_d_0000025.jpg,10,23,15.17,0.0,0.0,0
0000295_00800_d_0000025.jpg,7,22,12.41,0.0,0.0,0
0000295_00800_d_0000025.jpg,13,27,18.73,0.8695,0.2862,1
0000295_00800_d_0000025.jpg,14,27,19.44,0.685,0.3417,1
0000295_00800_d_0000025.jpg,15,17,15.97,0.1125,0.1814,0
0000295_00800_d_0000025.jpg,7,24,12.96,0.0,0.0,0
0000295_00800_d_0000025.jpg,9,22,14.07,0.6553,0.2332,1
0000295_00800_d_0000025.jpg,7,21,12.12,0.0263,0.2645,0
0000295_00800_d_0000025.jpg,7,17,10.91,0.4282,0.1824,0
0000295_00800_d_0000025.jpg,8,22,13.27,0.0,0.0,0
0000295_00800_d_0000025.jpg,11,21,15.2,0.7444,0.4423,1
0000295_00800_d_0000025.jpg,7,19,11.53,0.0,0.0,0
0000295_00800_d_0000025.jpg,6,17,10.1,0.0,0.0,0
0000295_00800_d_0000025.jpg,7,19,11.53,0.0,0.0,0
0000295_00800_d_0000025.jpg,6,18,10.39,0.0,0.0,0
0000295_00800_d_0000025.jpg,7,18,11.22,0.0,0.0,0
0000295_00800_d_0000025.jpg,7,21,12.12,0.0,0.0,0
0000295_00800_d_0000025.jpg,7,20,11.83,0.0,0.0,0
0000295_00800_d_0000025.jpg,6,21,11.22,0.0,0.0,0
0000295_00800_d_0000025.jpg,7,21,12.12,0.0,0.0,0
0000295_00800_d_0000025.jpg,6,17,10.1,0.0,0.0,0
0000295_00800_d_0000025.jpg,6,22,11.49,0.0,0.0,0
0000295_00800_d_0000025.jpg,10,25,15.81,0.0897,0.2572,0
0000295_00800_d_0000025.jpg,14,27,19.44,0.0,0.0,0
0000295_00800_d_0000025.jpg,12,28,18.33,0.0,0.0,0
0000295_00800_d_0000025.jpg,13,31,20.07,0.8219,0.4753,1
0000295_00800_d_0000025.jpg,7,27,13.75,0.0,0.0,0
0000295_00800_d_0000025.jpg,9,25,15.0,0.0,0.0,0
0000295_00800_d_0000025.jpg,10,28,16.73,0.8118,0.2194,1
0000295_00800_d_0000025.jpg,11,27,17.23,0.2553,0.2181,0
0000295_00800_d_0000025.jpg,8,27,14.7,0.3418,0.1859,0
0000295_00800_d_0000025.jpg,10,28,16.73,0.4868,0.1533,0
0000295_00800_d_0000025.jpg,9,20,13.42,0.5354,0.1783,1
0000295_00800_d_0000025.jpg,15,35,22.91,0.8215,0.6445,1
0000295_00800_d_0000025.jpg,10,26,16.12,0.5302,0.2808,1
0000295_00800_d_0000025.jpg,8,28,14.97,0.0,0.0,0
0000295_00800_d_0000025.jpg,9,29,16.16,0.2738,0.1522,0
0000295_00800_d_0000025.jpg,8,30,15.49,0.0,0.0,0
0000295_00800_d_0000025.jpg,11,32,18.76,0.7876,0.2064,1
0000295_00800_d_0000025.jpg,13,34,21.02,0.6743,0.61,1
0000295_00800_d_0000025.jpg,12,26,17.66,0.7537,0.2101,1
0000295_00800_d_0000025.jpg,10,22,14.83,0.0,0.0,0
0000295_00800_d_0000025.jpg,19,43,28.58,0.7457,0.7283,1
0000295_00800_d_0000025.jpg,19,46,29.56,0.8744,0.6256,1
0000295_00800_d_0000025.jpg,14,33,21.49,0.7864,0.2234,1
0000295_00800_d_0000025.jpg,24,43,32.12,0.774,0.602,1
0000295_00800_d_0000025.jpg,17,39,25.75,0.9048,0.4646,1
0000295_00800_d_0000025.jpg,19,41,27.91,0.7528,0.4518,1
0000295_00800_d_0000025.jpg,23,30,26.27,0.6043,0.5149,1
0000295_00800_d_0000025.jpg,22,33,26.94,0.9026,0.5223,1
0000295_00800_d_0000025.jpg,12,19,15.1,0.0,0.0,0
0000295_01000_d_0000026.jpg,10,31,17.61,0.7544,0.6315,1
0000295_01000_d_0000026.jpg,11,36,19.9,0.5916,0.2475,1
0000295_01000_d_0000026.jpg,11,33,19.05,0.7255,0.3289,1
0000295_01000_d_0000026.jpg,9,31,16.7,0.0,0.0,0
0000295_01000_d_0000026.jpg,9,31,16.7,0.4553,0.3352,0
0000295_01000_d_0000026.jpg,11,32,18.76,0.7389,0.4777,1
0000295_01000_d_0000026.jpg,9,29,16.16,0.7613,0.2564,1
0000295_01000_d_0000026.jpg,9,28,15.87,0.7638,0.2122,1
0000295_01000_d_0000026.jpg,9,23,14.39,0.2144,0.1859,0
0000295_01000_d_0000026.jpg,8,24,13.86,0.0,0.0,0
0000295_01000_d_0000026.jpg,8,24,13.86,0.0,0.0,0
0000295_01000_d_0000026.jpg,8,23,13.56,0.0,0.0,0
0000295_01000_d_0000026.jpg,21,29,24.68,0.8417,0.6044,1
0000295_01000_d_0000026.jpg,21,34,26.72,0.7992,0.6935,1
0000295_01000_d_0000026.jpg,25,55,37.08,0.8174,0.4886,1
0000295_01000_d_0000026.jpg,20,43,29.33,0.7615,0.4868,1
0000295_01000_d_0000026.jpg,23,40,30.33,0.0,0.0,0
0000295_01000_d_0000026.jpg,8,21,12.96,0.0,0.0,0
0000295_01000_d_0000026.jpg,5,21,10.25,0.0,0.0,0
0000295_01000_d_0000026.jpg,8,24,13.86,0.0,0.0,0
0000295_01000_d_0000026.jpg,6,21,11.22,0.0,0.0,0
0000295_01000_d_0000026.jpg,8,20,12.65,0.0,0.0,0
0000295_01000_d_0000026.jpg,6,8,6.93,0.0,0.0,0
0000295_01000_d_0000026.jpg,8,24,13.86,0.0,0.0,0
0000295_01000_d_0000026.jpg,8,26,14.42,0.0,0.0,0
0000295_01000_d_0000026.jpg,12,36,20.78,0.0,0.0,0
0000295_01000_d_0000026.jpg,8,26,14.42,0.0,0.0,0
0000295_01000_d_0000026.jpg,10,25,15.81,0.0,0.0,0
0000295_01000_d_0000026.jpg,9,25,15.0,0.0,0.0,0
0000295_01000_d_0000026.jpg,7,18,11.22,0.0,0.0,0
0000295_01000_d_0000026.jpg,9,29,16.16,0.0099,0.1956,0
0000295_01000_d_0000026.jpg,8,27,14.7,0.0,0.0,0
0000295_01000_d_0000026.jpg,10,32,17.89,0.0001,0.2156,0
0000295_01000_d_0000026.jpg,7,28,14.0,0.4315,0.1582,0
0000295_01000_d_0000026.jpg,9,30,16.43,0.0,0.0,0
0000295_01000_d_0000026.jpg,11,21,15.2,0.0,0.0,0
0000295_01000_d_0000026.jpg,12,34,20.2,0.7915,0.7515,1
0000295_01000_d_0000026.jpg,8,23,13.56,0.0,0.0,0
0000295_01000_d_0000026.jpg,7,12,9.17,0.0,0.0,0
0000295_01000_d_0000026.jpg,7,18,11.22,0.0,0.0,0
0000295_01000_d_0000026.jpg,7,16,10.58,0.0,0.0,0
0000295_01000_d_0000026.jpg,8,15,10.95,0.0,0.0,0
0000295_01000_d_0000026.jpg,8,17,11.66,0.0,0.0,0
0000295_01000_d_0000026.jpg,6,20,10.95,0.0,0.0,0
0000295_01000_d_0000026.jpg,7,24,12.96,0.0,0.0,0
0000295_01000_d_0000026.jpg,8,23,13.56,0.0,0.0,0
0000295_01000_d_0000026.jpg,6,22,11.49,0.0,0.0,0
0000295_01000_d_0000026.jpg,7,20,11.83,0.0,0.0,0
0000295_01000_d_0000026.jpg,6,19,10.68,0.0,0.0,0
0000295_01000_d_0000026.jpg,10,21,14.49,0.0,0.0,0
0000295_01000_d_0000026.jpg,6,17,10.1,0.0,0.0,0
0000295_01000_d_0000026.jpg,9,17,12.37,0.0,0.0,0
0000295_01000_d_0000026.jpg,7,17,10.91,0.0,0.0,0
0000295_01000_d_0000026.jpg,7,16,10.58,0.0,0.0,0
0000295_01000_d_0000026.jpg,9,13,10.82,0.0,0.0,0
0000295_01000_d_0000026.jpg,13,14,13.49,0.0,0.0,0
0000295_01000_d_0000026.jpg,14,13,13.49,0.0,0.0,0
0000295_01000_d_0000026.jpg,10,22,14.83,0.0,0.0,0
0000295_01000_d_0000026.jpg,12,25,17.32,0.0,0.0,0
0000295_01000_d_0000026.jpg,8,25,14.14,0.0,0.0,0
0000295_01000_d_0000026.jpg,8,27,14.7,0.0,0.0,0
0000295_01000_d_0000026.jpg,14,39,23.37,0.7255,0.4115,1
0000295_01000_d_0000026.jpg,7,23,12.69,0.0,0.0,0
0000295_01000_d_0000026.jpg,7,19,11.53,0.0,0.0,0
0000295_01000_d_0000026.jpg,8,21,12.96,0.0,0.0,0
0000295_01000_d_0000026.jpg,9,15,11.62,0.0,0.0,0
0000295_01000_d_0000026.jpg,7,20,11.83,0.0,0.0,0
0000295_01000_d_0000026.jpg,8,22,13.27,0.0,0.0,0
0000295_01000_d_0000026.jpg,8,20,12.65,0.0,0.0,0
0000295_01000_d_0000026.jpg,7,20,11.83,0.0,0.0,0
0000295_01000_d_0000026.jpg,6,19,10.68,0.0,0.0,0
0000295_01000_d_0000026.jpg,6,20,10.95,0.0,0.0,0
0000295_01000_d_0000026.jpg,6,18,10.39,0.0,0.0,0
0000295_01000_d_0000026.jpg,7,15,10.25,0.0,0.0,0
0000295_01000_d_0000026.jpg,7,13,9.54,0.0,0.0,0
0000295_01000_d_0000026.jpg,7,13,9.54,0.0,0.0,0
0000295_01000_d_0000026.jpg,16,40,25.3,0.7616,0.5659,1
0000295_01000_d_0000026.jpg,18,38,26.15,0.0,0.0,0
0000295_01000_d_0000026.jpg,14,36,22.45,0.0,0.0,0
0000295_01000_d_0000026.jpg,15,40,24.49,0.0,0.0,0
0000295_01000_d_0000026.jpg,16,43,26.23,0.7744,0.4884,1
0000295_01000_d_0000026.jpg,23,29,25.83,0.6502,0.4856,1
0000295_01000_d_0000026.jpg,9,21,13.75,0.0,0.0,0
0000295_01000_d_0000026.jpg,6,14,9.17,0.0,0.0,0
0000295_01000_d_0000026.jpg,7,14,9.9,0.0,0.0,0
0000295_01000_d_0000026.jpg,5,14,8.37,0.0,0.0,0
0000295_01000_d_0000026.jpg,5,14,8.37,0.0,0.0,0
0000295_01000_d_0000026.jpg,7,16,10.58,0.0,0.0,0
0000295_01000_d_0000026.jpg,9,21,13.75,0.0,0.0,0
0000295_01000_d_0000026.jpg,6,16,9.8,0.0,0.0,0
0000295_01000_d_0000026.jpg,7,19,11.53,0.0,0.0,0
0000295_01000_d_0000026.jpg,7,16,10.58,0.0,0.0,0
0000295_01000_d_0000026.jpg,7,17,10.91,0.0,0.0,0
0000295_01000_d_0000026.jpg,7,19,11.53,0.0,0.0,0
0000295_01000_d_0000026.jpg,7,16,10.58,0.0,0.0,0
0000295_01000_d_0000026.jpg,8,13,10.2,0.0,0.0,0
0000295_01000_d_0000026.jpg,5,14,8.37,0.0,0.0,0
0000295_01000_d_0000026.jpg,6,14,9.17,0.0,0.0,0
0000295_01000_d_0000026.jpg,7,13,9.54,0.0,0.0,0
0000295_01000_d_0000026.jpg,6,20,10.95,0.0,0.0,0
0000295_01000_d_0000026.jpg,6,19,10.68,0.0,0.0,0
0000295_01000_d_0000026.jpg,5,21,10.25,0.0,0.0,0
0000295_01000_d_0000026.jpg,7,20,11.83,0.0,0.0,0
0000295_01000_d_0000026.jpg,9,23,14.39,0.0,0.0,0
0000295_01000_d_0000026.jpg,11,24,16.25,0.0,0.0,0
0000295_01200_d_0000027.jpg,9,33,17.23,0.0,0.0,0
0000295_01200_d_0000027.jpg,14,31,20.83,0.0,0.0,0
0000295_01200_d_0000027.jpg,26,40,32.25,0.2786,0.1597,0
0000295_01200_d_0000027.jpg,12,39,21.63,0.0,0.0,0
0000295_01200_d_0000027.jpg,10,32,17.89,0.6146,0.2382,1
0000295_01200_d_0000027.jpg,15,27,20.12,0.741,0.1777,1
0000295_01200_d_0000027.jpg,9,25,15.0,0.0,0.0,0
0000295_01200_d_0000027.jpg,8,25,14.14,0.0,0.0,0
0000295_01200_d_0000027.jpg,9,29,16.16,0.0,0.0,0
0000295_01200_d_0000027.jpg,10,27,16.43,0.0,0.0,0
0000295_01200_d_0000027.jpg,9,23,14.39,0.0,0.0,0
0000295_01200_d_0000027.jpg,13,36,21.63,0.1689,0.3437,0
0000295_01200_d_0000027.jpg,14,35,22.14,0.0,0.0,0
0000295_01200_d_0000027.jpg,9,23,14.39,0.1118,0.3186,0
0000295_01200_d_0000027.jpg,9,22,14.07,0.0,0.0,0
0000295_01200_d_0000027.jpg,15,32,21.91,0.6012,0.1512,1
0000295_01200_d_0000027.jpg,18,26,21.63,0.0,0.0,0
0000295_01200_d_0000027.jpg,10,28,16.73,0.0,0.0,0
0000295_01200_d_0000027.jpg,11,24,16.25,0.5485,0.1518,1
0000295_01200_d_0000027.jpg,15,21,17.75,0.6348,0.1611,1
0000295_01200_d_0000027.jpg,14,20,16.73,0.0625,0.1505,0
0000295_01200_d_0000027.jpg,9,30,16.43,0.785,0.4094,1
0000295_01200_d_0000027.jpg,11,28,17.55,0.488,0.4987,0
0000295_01200_d_0000027.jpg,7,28,14.0,0.6977,0.3169,1
0000295_01200_d_0000027.jpg,8,27,14.7,0.7364,0.1881,1
0000295_01200_d_0000027.jpg,8,21,12.96,0.2631,0.2148,0
0000295_01200_d_0000027.jpg,6,20,10.95,0.0678,0.2207,0
0000295_01200_d_0000027.jpg,8,24,13.86,0.0,0.0,0
0000295_01200_d_0000027.jpg,8,24,13.86,0.0,0.0,0
0000295_01200_d_0000027.jpg,5,20,10.0,0.0,0.0,0
0000295_01200_d_0000027.jpg,8,24,13.86,0.0,0.0,0
0000295_01200_d_0000027.jpg,10,19,13.78,0.0,0.0,0
0000295_01200_d_0000027.jpg,7,20,11.83,0.0,0.0,0
0000295_01200_d_0000027.jpg,7,21,12.12,0.0,0.0,0
0000295_01200_d_0000027.jpg,6,21,11.22,0.0,0.0,0
0000295_01200_d_0000027.jpg,5,14,8.37,0.0,0.0,0
0000295_01200_d_0000027.jpg,4,15,7.75,0.0,0.0,0
0000295_01200_d_0000027.jpg,5,13,8.06,0.0,0.0,0
0000295_01200_d_0000027.jpg,5,12,7.75,0.0,0.0,0
0000295_01200_d_0000027.jpg,5,13,8.06,0.0,0.0,0
0000295_01200_d_0000027.jpg,4,11,6.63,0.0,0.0,0
0000295_01200_d_0000027.jpg,5,14,8.37,0.0,0.0,0
0000295_01200_d_0000027.jpg,8,22,13.27,0.0,0.0,0
0000295_01200_d_0000027.jpg,6,18,10.39,0.0,0.0,0
0000295_01200_d_0000027.jpg,5,18,9.49,0.0,0.0,0
0000295_01200_d_0000027.jpg,9,20,13.42,0.0,0.0,0
0000295_01200_d_0000027.jpg,9,20,13.42,0.0,0.0,0
0000295_01200_d_0000027.jpg,8,21,12.96,0.0,0.0,0
0000295_01200_d_0000027.jpg,6,19,10.68,0.0,0.0,0
0000295_01200_d_0000027.jpg,6,19,10.68,0.0,0.0,0
0000295_01200_d_0000027.jpg,7,24,12.96,0.0,0.0,0
0000295_01200_d_0000027.jpg,7,24,12.96,0.0,0.0,0
0000295_01200_d_0000027.jpg,13,25,18.03,0.0,0.0,0
0000295_01200_d_0000027.jpg,10,28,16.73,0.0,0.0,0
0000295_01200_d_0000027.jpg,8,23,13.56,0.0,0.0,0
0000295_01200_d_0000027.jpg,8,24,13.86,0.0,0.0,0
0000295_01200_d_0000027.jpg,6,23,11.75,0.0,0.0,0
0000295_01200_d_0000027.jpg,3,9,5.2,0.0,0.0,0
0000295_01200_d_0000027.jpg,15,29,20.86,0.0,0.0,0
0000295_01200_d_0000027.jpg,13,26,18.38,0.4959,0.1909,0
0000295_01200_d_0000027.jpg,3,9,5.2,0.0,0.0,0
0000295_01200_d_0000027.jpg,11,30,18.17,0.5475,0.1526,1
0000295_01200_d_0000027.jpg,11,36,19.9,0.4438,0.2146,0
0000295_01200_d_0000027.jpg,13,34,21.02,0.3664,0.1523,0
0000295_01200_d_0000027.jpg,10,22,14.83,0.0,0.0,0
0000295_01200_d_0000027.jpg,8,26,14.42,0.0,0.0,0
0000295_01200_d_0000027.jpg,9,24,14.7,0.0,0.0,0
0000295_01200_d_0000027.jpg,10,28,16.73,0.0,0.0,0
0000295_01200_d_0000027.jpg,8,25,14.14,0.0,0.0,0
0000295_01200_d_0000027.jpg,11,33,19.05,0.6873,0.1674,1
0000295_01200_d_0000027.jpg,8,36,16.97,0.0,0.0,0
0000295_01200_d_0000027.jpg,16,36,24.0,0.8009,0.4113,1
0000295_01200_d_0000027.jpg,10,29,17.03,0.7708,0.2917,1
0000295_01200_d_0000027.jpg,8,29,15.23,0.0,0.0,0
0000295_01200_d_0000027.jpg,13,32,20.4,0.065,0.4272,0
0000295_01200_d_0000027.jpg,17,44,27.35,0.6921,0.5146,1
0000295_01200_d_0000027.jpg,21,37,27.87,0.8634,0.5982,1
0000295_01200_d_0000027.jpg,20,31,24.9,0.5736,0.5167,1
0000295_01200_d_0000027.jpg,18,28,22.45,0.6405,0.4999,1
0000295_01200_d_0000027.jpg,15,37,23.56,0.7113,0.6427,1
0000295_01200_d_0000027.jpg,6,22,11.49,0.0,0.0,0
0000295_01200_d_0000027.jpg,6,24,12.0,0.0,0.0,0
0000295_01200_d_0000027.jpg,7,22,12.41,0.0,0.0,0
0000295_01200_d_0000027.jpg,8,21,12.96,0.0,0.0,0
0000295_01200_d_0000027.jpg,13,30,19.75,0.6069,0.468,1
0000295_01200_d_0000027.jpg,9,28,15.87,0.723,0.4685,1
0000295_01200_d_0000027.jpg,10,26,16.12,0.3562,0.3968,0
0000295_01200_d_0000027.jpg,13,24,17.66,0.5465,0.4359,1
0000295_01200_d_0000027.jpg,13,21,16.52,0.0,0.0,0
0000295_01200_d_0000027.jpg,10,28,16.73,0.0,0.0,0
0000295_01200_d_0000027.jpg,10,31,17.61,0.0101,0.1516,0
0000295_01200_d_0000027.jpg,8,24,13.86,0.0,0.0,0
0000295_01200_d_0000027.jpg,10,24,15.49,0.0,0.0,0
0000295_01200_d_0000027.jpg,11,24,16.25,0.0,0.0,0
0000295_01200_d_0000027.jpg,8,22,13.27,0.0,0.0,0
0000295_01200_d_0000027.jpg,8,25,14.14,0.0,0.0,0
0000295_01200_d_0000027.jpg,9,25,15.0,0.0,0.0,0
0000295_01200_d_0000027.jpg,8,20,12.65,0.0239,0.1901,0
0000295_01200_d_0000027.jpg,9,24,14.7,0.0,0.0,0
0000295_01200_d_0000027.jpg,9,23,14.39,0.0,0.0,0
0000295_01200_d_0000027.jpg,5,11,7.42,0.0,0.0,0
0000295_01200_d_0000027.jpg,4,13,7.21,0.0,0.0,0
0000295_01200_d_0000027.jpg,5,15,8.66,0.0,0.0,0
0000295_01200_d_0000027.jpg,5,14,8.37,0.0,0.0,0
0000295_01200_d_0000027.jpg,4,15,7.75,0.0,0.0,0
0000295_01200_d_0000027.jpg,6,15,9.49,0.0,0.0,0
0000295_01200_d_0000027.jpg,5,13,8.06,0.0,0.0,0
0000295_01200_d_0000027.jpg,3,14,6.48,0.0,0.0,0
0000295_01200_d_0000027.jpg,4,12,6.93,0.0,0.0,0
0000295_01200_d_0000027.jpg,4,12,6.93,0.0,0.0,0
0000295_01200_d_0000027.jpg,5,12,7.75,0.0,0.0,0
0000295_01200_d_0000027.jpg,6,17,10.1,0.0,0.0,0
0000295_01400_d_0000028.jpg,7,22,12.41,0.0,0.0,0
0000295_01400_d_0000028.jpg,6,20,10.95,0.0,0.0,0
0000295_01400_d_0000028.jpg,5,18,9.49,0.0,0.0,0
0000295_01400_d_0000028.jpg,5,17,9.22,0.0,0.0,0
0000295_01400_d_0000028.jpg,4,14,7.48,0.0,0.0,0
0000295_01400_d_0000028.jpg,5,10,7.07,0.0,0.0,0
0000295_01400_d_0000028.jpg,7,17,10.91,0.0,0.0,0
0000295_01400_d_0000028.jpg,6,17,10.1,0.0,0.0,0
0000295_01400_d_0000028.jpg,6,16,9.8,0.0,0.0,0
0000295_01400_d_0000028.jpg,6,16,9.8,0.0,0.0,0
0000295_01400_d_0000028.jpg,4,18,8.49,0.0,0.0,0
0000295_01400_d_0000028.jpg,5,16,8.94,0.0,0.0,0
0000295_01400_d_0000028.jpg,4,15,7.75,0.0,0.0,0
0000295_01400_d_0000028.jpg,4,17,8.25,0.0,0.0,0
0000295_01400_d_0000028.jpg,5,18,9.49,0.0,0.0,0
0000295_01400_d_0000028.jpg,7,19,11.53,0.0,0.0,0
0000295_01400_d_0000028.jpg,7,21,12.12,0.0,0.0,0
0000295_01400_d_0000028.jpg,8,20,12.65,0.0,0.0,0
0000295_01400_d_0000028.jpg,5,23,10.72,0.0,0.0,0
0000295_01400_d_0000028.jpg,9,26,15.3,0.0,0.0,0
0000295_01400_d_0000028.jpg,9,19,13.08,0.0,0.0,0
0000295_01400_d_0000028.jpg,5,19,9.75,0.2669,0.1681,0
0000295_01400_d_0000028.jpg,8,20,12.65,0.0,0.0,0
0000295_01400_d_0000028.jpg,6,20,10.95,0.0,0.0,0
0000295_01400_d_0000028.jpg,8,16,11.31,0.0,0.0,0
0000295_01400_d_0000028.jpg,6,19,10.68,0.0,0.0,0
0000295_01400_d_0000028.jpg,7,16,10.58,0.0,0.0,0
0000295_01400_d_0000028.jpg,7,14,9.9,0.0,0.0,0
0000295_01400_d_0000028.jpg,6,11,8.12,0.0,0.0,0
0000295_01400_d_0000028.jpg,6,20,10.95,0.0,0.0,0
0000295_01400_d_0000028.jpg,7,25,13.23,0.6238,0.2391,1
0000295_01400_d_0000028.jpg,9,28,15.87,0.0,0.0,0
0000295_01400_d_0000028.jpg,7,26,13.49,0.5279,0.3492,1
0000295_01400_d_0000028.jpg,8,27,14.7,0.4158,0.4123,0
0000295_01400_d_0000028.jpg,9,25,15.0,0.0,0.0,0
0000295_01400_d_0000028.jpg,8,29,15.23,0.0,0.0,0
0000295_01400_d_0000028.jpg,7,29,14.25,0.0,0.0,0
0000295_01400_d_0000028.jpg,8,19,12.33,0.0,0.0,0
0000295_01400_d_0000028.jpg,12,27,18.0,0.5531,0.3564,1
0000295_01400_d_0000028.jpg,11,26,16.91,0.0677,0.1733,0
0000295_01400_d_0000028.jpg,12,27,18.0,0.0,0.0,0
0000295_01400_d_0000028.jpg,18,43,27.82,0.8463,0.4762,1
0000295_01400_d_0000028.jpg,11,12,11.49,0.0162,0.5953,0
0000295_01400_d_0000028.jpg,10,29,17.03,0.0,0.0,0
0000295_01400_d_0000028.jpg,9,29,16.16,0.0,0.0,0
0000295_01400_d_0000028.jpg,6,24,12.0,0.0,0.0,0
0000295_01400_d_0000028.jpg,8,27,14.7,0.0,0.0,0
0000295_01400_d_0000028.jpg,20,54,32.86,0.8102,0.3623,1
0000295_01400_d_0000028.jpg,20,55,33.17,0.82,0.6333,1
0000295_01400_d_0000028.jpg,17,39,25.75,0.8009,0.5275,1
0000295_01400_d_0000028.jpg,20,61,34.93,0.0,0.0,0
0000295_01400_d_0000028.jpg,16,47,27.42,0.0018,0.328,0
0000295_01400_d_0000028.jpg,18,54,31.18,0.0624,0.1898,0
0000295_01400_d_0000028.jpg,15,43,25.4,0.8764,0.354,1
0000295_01400_d_0000028.jpg,14,42,24.25,0.7885,0.7331,1
0000295_01400_d_0000028.jpg,15,46,26.27,0.868,0.6293,1
0000295_01400_d_0000028.jpg,18,47,29.09,0.0,0.0,0
0000295_01400_d_0000028.jpg,16,40,25.3,0.0101,0.256,0
0000295_01400_d_0000028.jpg,14,42,24.25,0.0,0.0,0
0000295_01400_d_0000028.jpg,13,45,24.19,0.0,0.0,0
0000295_01400_d_0000028.jpg,13,47,24.72,0.4444,0.4339,0
0000295_01400_d_0000028.jpg,16,49,28.0,0.4246,0.5147,0
0000295_01400_d_0000028.jpg,12,43,22.72,0.798,0.4202,1
0000295_01400_d_0000028.jpg,13,41,23.09,0.4529,0.4924,0
0000295_01400_d_0000028.jpg,13,42,23.37,0.4132,0.2162,0
0000295_01400_d_0000028.jpg,16,43,26.23,0.5232,0.211,1
0000295_01400_d_0000028.jpg,14,45,25.1,0.621,0.21,1
0000295_01400_d_0000028.jpg,19,39,27.22,0.7001,0.6824,1
0000295_01400_d_0000028.jpg,16,45,26.83,0.8481,0.4537,1
0000295_01400_d_0000028.jpg,21,53,33.36,0.6208,0.4673,1
0000295_01400_d_0000028.jpg,10,38,19.49,0.51,0.3547,1
0000295_01400_d_0000028.jpg,9,24,14.7,0.0,0.0,0
0000295_01400_d_0000028.jpg,17,46,27.96,0.8997,0.2021,1
0000295_01400_d_0000028.jpg,15,42,25.1,0.4157,0.256,0
0000295_01400_d_0000028.jpg,22,35,27.75,0.0,0.0,0
0000295_01400_d_0000028.jpg,11,29,17.86,0.0,0.0,0
0000295_01400_d_0000028.jpg,14,40,23.66,0.6796,0.2318,1
0000295_01400_d_0000028.jpg,17,41,26.4,0.6365,0.1785,1
0000295_01400_d_0000028.jpg,15,39,24.19,0.0,0.0,0
0000295_01400_d_0000028.jpg,14,40,23.66,0.0,0.0,0
0000295_01400_d_0000028.jpg,9,26,15.3,0.0,0.0,0
0000295_01400_d_0000028.jpg,10,25,15.81,0.0,0.0,0
0000295_01400_d_0000028.jpg,9,28,15.87,0.5885,0.1656,1
0000295_01400_d_0000028.jpg,8,24,13.86,0.0,0.0,0
0000295_01400_d_0000028.jpg,9,25,15.0,0.0,0.0,0
0000295_01400_d_0000028.jpg,9,25,15.0,0.8518,0.204,1
0000295_01400_d_0000028.jpg,8,24,13.86,0.0,0.0,0
0000295_01400_d_0000028.jpg,6,22,11.49,0.0,0.0,0
0000295_01400_d_0000028.jpg,7,22,12.41,0.3114,0.387,0
0000295_01400_d_0000028.jpg,13,23,17.29,0.8394,0.2556,1
0000295_01400_d_0000028.jpg,8,17,11.66,0.4008,0.2308,0
0000295_01600_d_0000029.jpg,11,21,15.2,0.0,0.0,0
0000295_01600_d_0000029.jpg,11,26,16.91,0.0,0.0,0
0000295_01600_d_0000029.jpg,9,24,14.7,0.0,0.0,0
0000295_01600_d_0000029.jpg,11,23,15.91,0.3993,0.1503,0
0000295_01600_d_0000029.jpg,12,28,18.33,0.7024,0.2062,1
0000295_01600_d_0000029.jpg,8,23,13.56,0.0,0.0,0
0000295_01600_d_0000029.jpg,7,21,12.12,0.3997,0.3808,0
0000295_01600_d_0000029.jpg,9,20,13.42,0.0,0.0,0
0000295_01600_d_0000029.jpg,12,24,16.97,0.0,0.0,0
0000295_01600_d_0000029.jpg,9,23,14.39,0.0,0.0,0
0000295_01600_d_0000029.jpg,8,25,14.14,0.0338,0.2118,0
0000295_01600_d_0000029.jpg,11,20,14.83,0.6683,0.1914,1
0000295_01600_d_0000029.jpg,10,21,14.49,0.0,0.0,0
0000295_01600_d_0000029.jpg,13,23,17.29,0.0,0.0,0
0000295_01600_d_0000029.jpg,11,28,17.55,0.0,0.0,0
0000295_01600_d_0000029.jpg,10,30,17.32,0.7654,0.3039,1
0000295_01600_d_0000029.jpg,14,24,18.33,0.4795,0.2195,0
0000295_01600_d_0000029.jpg,12,18,14.7,0.4279,0.1825,0
0000295_01600_d_0000029.jpg,15,34,22.58,0.5695,0.5099,1
0000295_01600_d_0000029.jpg,12,36,20.78,0.7021,0.2404,1
0000295_01600_d_0000029.jpg,12,43,22.72,0.3396,0.3583,0
0000295_01600_d_0000029.jpg,18,41,27.17,0.6812,0.2758,1
0000295_01600_d_0000029.jpg,19,37,26.51,0.0,0.0,0
0000295_01600_d_0000029.jpg,19,22,20.45,0.5817,0.3223,1
0000295_01600_d_0000029.jpg,15,32,21.91,0.4302,0.5367,0
0000295_01600_d_0000029.jpg,13,38,22.23,0.5448,0.5738,1
0000295_01600_d_0000029.jpg,15,31,21.56,0.812,0.2562,1
0000295_01600_d_0000029.jpg,15,33,22.25,0.8791,0.5355,1
0000295_01600_d_0000029.jpg,16,41,25.61,0.7736,0.5921,1
0000295_01600_d_0000029.jpg,20,26,22.8,0.5935,0.1551,1
0000295_01600_d_0000029.jpg,18,41,27.17,0.8518,0.7495,1
0000295_01600_d_0000029.jpg,25,34,29.15,0.645,0.4136,1
0000295_01600_d_0000029.jpg,22,43,30.76,0.794,0.8041,1
0000295_01600_d_0000029.jpg,27,50,36.74,0.633,0.7044,1
0000295_01600_d_0000029.jpg,18,48,29.39,0.894,0.6585,1
0000295_01600_d_0000029.jpg,22,40,29.66,0.2449,0.7185,0
0000295_01600_d_0000029.jpg,23,51,34.25,0.8736,0.6004,1
0000295_01600_d_0000029.jpg,25,38,30.82,0.0,0.0,0
0000295_01600_d_0000029.jpg,27,39,32.45,0.5409,0.2199,1
0000295_01600_d_0000029.jpg,27,52,37.47,0.7638,0.6952,1
0000295_01600_d_0000029.jpg,26,54,37.47,0.8594,0.7618,1
0000295_01600_d_0000029.jpg,29,39,33.63,0.7533,0.5697,1
0000295_01600_d_0000029.jpg,27,29,27.98,0.717,0.1961,1
0000295_01600_d_0000029.jpg,8,15,10.95,0.0,0.0,0
0000295_01600_d_0000029.jpg,9,20,13.42,0.0,0.0,0
0000295_01600_d_0000029.jpg,11,20,14.83,0.0,0.0,0
0000295_01600_d_0000029.jpg,10,29,17.03,0.5534,0.5422,1
0000295_01600_d_0000029.jpg,10,30,17.32,0.5928,0.2749,1
0000295_01600_d_0000029.jpg,12,28,18.33,0.3968,0.4854,0
0000295_01600_d_0000029.jpg,10,29,17.03,0.0,0.0,0
0000295_01600_d_0000029.jpg,21,43,30.05,0.6411,0.6131,1
0000295_01600_d_0000029.jpg,13,43,23.64,0.7488,0.57,1
0000295_01800_d_0000030.jpg,6,13,8.83,0.0,0.0,0
0000295_01800_d_0000030.jpg,6,14,9.17,0.0,0.0,0
0000295_01800_d_0000030.jpg,5,16,8.94,0.0,0.0,0
0000295_01800_d_0000030.jpg,5,12,7.75,0.0,0.0,0
0000295_01800_d_0000030.jpg,8,14,10.58,0.0,0.0,0
0000295_01800_d_0000030.jpg,5,15,8.66,0.0,0.0,0
0000295_01800_d_0000030.jpg,6,16,9.8,0.0,0.0,0
0000295_01800_d_0000030.jpg,5,15,8.66,0.0,0.0,0
0000295_01800_d_0000030.jpg,4,17,8.25,0.152,0.2315,0
0000295_01800_d_0000030.jpg,7,16,10.58,0.0,0.0,0
0000295_01800_d_0000030.jpg,4,18,8.49,0.1871,0.1643,0
0000295_01800_d_0000030.jpg,6,15,9.49,0.0,0.0,0
0000295_01800_d_0000030.jpg,5,8,6.32,0.0,0.0,0
0000295_01800_d_0000030.jpg,8,19,12.33,0.0,0.0,0
0000295_01800_d_0000030.jpg,7,17,10.91,0.0,0.0,0
0000295_01800_d_0000030.jpg,8,30,15.49,0.6848,0.4362,1
0000295_01800_d_0000030.jpg,11,34,19.34,0.0,0.0,0
0000295_01800_d_0000030.jpg,11,36,19.9,0.0,0.0,0
0000295_01800_d_0000030.jpg,13,49,25.24,0.625,0.2658,1
0000295_01800_d_0000030.jpg,17,44,27.35,0.6253,0.5332,1
0000295_01800_d_0000030.jpg,18,45,28.46,0.684,0.219,1
0000295_01800_d_0000030.jpg,13,43,23.64,0.3836,0.1599,0
0000295_01800_d_0000030.jpg,17,42,26.72,0.0,0.0,0
0000295_01800_d_0000030.jpg,14,37,22.76,0.0,0.0,0
0000295_01800_d_0000030.jpg,14,47,25.65,0.0,0.0,0
0000295_01800_d_0000030.jpg,15,35,22.91,0.3415,0.2218,0
0000295_01800_d_0000030.jpg,10,43,20.74,0.0,0.0,0
0000295_01800_d_0000030.jpg,8,31,15.75,0.5565,0.5348,1
0000295_01800_d_0000030.jpg,157,34,73.06,0.0,0.0,0
0000295_01800_d_0000030.jpg,13,40,22.8,0.0,0.0,0
0000295_01800_d_0000030.jpg,11,35,19.62,0.3445,0.1686,0
0000295_01800_d_0000030.jpg,11,40,20.98,0.7227,0.2065,1
0000295_01800_d_0000030.jpg,18,48,29.39,0.8154,0.7243,1
0000295_01800_d_0000030.jpg,19,48,30.2,0.7072,0.576,1
0000295_01800_d_0000030.jpg,12,41,22.18,0.7126,0.2619,1
0000295_01800_d_0000030.jpg,12,39,21.63,0.7962,0.2375,1
0000295_01800_d_0000030.jpg,11,35,19.62,0.7708,0.1966,1
0000295_01800_d_0000030.jpg,14,38,23.07,0.8159,0.7798,1
0000295_01800_d_0000030.jpg,13,32,20.4,0.7974,0.2374,1
0000295_01800_d_0000030.jpg,11,33,19.05,0.4482,0.2788,0
0000295_01800_d_0000030.jpg,11,31,18.47,0.3187,0.1703,0
0000295_01800_d_0000030.jpg,10,32,17.89,0.7592,0.2059,1
0000295_01800_d_0000030.jpg,9,31,16.7,0.061,0.1788,0
0000295_01800_d_0000030.jpg,10,31,17.61,0.7198,0.2183,1
0000295_01800_d_0000030.jpg,11,29,17.86,0.665,0.4681,1
0000295_01800_d_0000030.jpg,12,29,18.65,0.7547,0.3432,1
0000295_01800_d_0000030.jpg,10,30,17.32,0.4191,0.1867,0
0000295_01800_d_0000030.jpg,12,27,18.0,0.6835,0.2027,1
0000295_01800_d_0000030.jpg,8,28,14.97,0.424,0.1771,0
0000295_01800_d_0000030.jpg,8,24,13.86,0.4813,0.1887,0
0000295_01800_d_0000030.jpg,9,28,15.87,0.2006,0.29,0
0000295_01800_d_0000030.jpg,8,30,15.49,0.5106,0.1988,1
0000295_01800_d_0000030.jpg,6,22,11.49,0.0,0.0,0
0000295_01800_d_0000030.jpg,7,20,11.83,0.0031,0.1707,0
0000295_01800_d_0000030.jpg,20,28,23.66,0.5759,0.1998,1
0000295_01800_d_0000030.jpg,17,36,24.74,0.7943,0.3857,1
0000295_01800_d_0000030.jpg,14,27,19.44,0.6033,0.4037,1
0000295_01800_d_0000030.jpg,10,24,15.49,0.0,0.0,0
0000295_01800_d_0000030.jpg,12,20,15.49,0.5308,0.2727,1
0000295_01800_d_0000030.jpg,5,11,7.42,0.0,0.0,0
0000295_01800_d_0000030.jpg,6,10,7.75,0.0,0.0,0
0000295_01800_d_0000030.jpg,4,15,7.75,0.0,0.0,0
0000295_01800_d_0000030.jpg,5,14,8.37,0.0,0.0,0
0000295_01800_d_0000030.jpg,5,12,7.75,0.0,0.0,0
0000295_01800_d_0000030.jpg,5,13,8.06,0.0,0.0,0
0000295_01800_d_0000030.jpg,5,13,8.06,0.0,0.0,0
0000295_01800_d_0000030.jpg,7,16,10.58,0.0,0.0,0
0000295_01800_d_0000030.jpg,5,13,8.06,0.0,0.0,0
0000295_01800_d_0000030.jpg,5,16,8.94,0.0,0.0,0
0000295_01800_d_0000030.jpg,4,13,7.21,0.0,0.0,0
0000295_01800_d_0000030.jpg,4,15,7.75,0.0,0.0,0
0000295_01800_d_0000030.jpg,3,15,6.71,0.0,0.0,0
0000295_01800_d_0000030.jpg,5,14,8.37,0.0,0.0,0
0000295_01800_d_0000030.jpg,5,14,8.37,0.0,0.0,0
0000295_01800_d_0000030.jpg,5,12,7.75,0.0,0.0,0
0000295_01800_d_0000030.jpg,5,14,8.37,0.0,0.0,0
0000295_01800_d_0000030.jpg,5,14,8.37,0.0,0.0,0
0000295_01800_d_0000030.jpg,6,13,8.83,0.0,0.0,0
0000295_01800_d_0000030.jpg,6,16,9.8,0.0,0.0,0
0000295_01800_d_0000030.jpg,5,12,7.75,0.0,0.0,0
0000295_01800_d_0000030.jpg,5,11,7.42,0.0,0.0,0
0000295_01800_d_0000030.jpg,4,13,7.21,0.0,0.0,0
0000295_01800_d_0000030.jpg,4,15,7.75,0.0,0.0,0
0000295_01800_d_0000030.jpg,4,11,6.63,0.0,0.0,0
0000295_01800_d_0000030.jpg,5,10,7.07,0.0,0.0,0
0000295_01800_d_0000030.jpg,5,8,6.32,0.0,0.0,0
0000295_01800_d_0000030.jpg,3,10,5.48,0.0,0.0,0
0000295_01800_d_0000030.jpg,6,15,9.49,0.0,0.0,0
0000295_01800_d_0000030.jpg,5,16,8.94,0.0,0.0,0
0000295_01800_d_0000030.jpg,6,16,9.8,0.0,0.0,0
0000295_01800_d_0000030.jpg,6,11,8.12,0.0,0.0,0
0000295_01800_d_0000030.jpg,4,10,6.32,0.0,0.0,0
0000295_01800_d_0000030.jpg,3,11,5.74,0.0,0.0,0
0000295_01800_d_0000030.jpg,4,10,6.32,0.0,0.0,0
0000295_01800_d_0000030.jpg,6,13,8.83,0.0,0.0,0
0000295_01800_d_0000030.jpg,5,16,8.94,0.0,0.0,0
0000295_01800_d_0000030.jpg,5,18,9.49,0.0,0.0,0
0000295_01800_d_0000030.jpg,4,16,8.0,0.0,0.0,0
0000295_01800_d_0000030.jpg,5,16,8.94,0.0,0.0,0
0000295_01800_d_0000030.jpg,7,18,11.22,0.0,0.0,0
0000295_01800_d_0000030.jpg,7,18,11.22,0.0,0.0,0
0000295_01800_d_0000030.jpg,5,18,9.49,0.0,0.0,0
0000295_01800_d_0000030.jpg,7,16,10.58,0.0,0.0,0
0000295_01800_d_0000030.jpg,6,20,10.95,0.0,0.0,0
0000295_01800_d_0000030.jpg,5,18,9.49,0.0,0.0,0
0000295_01800_d_0000030.jpg,6,19,10.68,0.0,0.0,0
0000295_01800_d_0000030.jpg,6,18,10.39,0.0,0.0,0
0000295_01800_d_0000030.jpg,7,13,9.54,0.0,0.0,0
0000295_01800_d_0000030.jpg,6,14,9.17,0.0,0.0,0
0000295_01800_d_0000030.jpg,7,15,10.25,0.0,0.0,0
0000295_01800_d_0000030.jpg,6,18,10.39,0.0,0.0,0
0000295_01800_d_0000030.jpg,6,20,10.95,0.0,0.0,0
0000295_01800_d_0000030.jpg,6,13,8.83,0.0,0.0,0
0000295_01800_d_0000030.jpg,7,12,9.17,0.0,0.0,0
0000295_01800_d_0000030.jpg,7,13,9.54,0.0,0.0,0
0000295_01800_d_0000030.jpg,7,13,9.54,0.0,0.0,0
0000295_02000_d_0000031.jpg,4,13,7.21,0.0,0.0,0
0000295_02000_d_0000031.jpg,5,15,8.66,0.0,0.0,0
0000295_02000_d_0000031.jpg,4,16,8.0,0.0,0.0,0
0000295_02000_d_0000031.jpg,4,15,7.75,0.0,0.0,0
0000295_02000_d_0000031.jpg,4,14,7.48,0.0,0.0,0
0000295_02000_d_0000031.jpg,3,16,6.93,0.0,0.0,0
0000295_02000_d_0000031.jpg,3,12,6.0,0.0,0.0,0
0000295_02000_d_0000031.jpg,6,12,8.49,0.0,0.0,0
0000295_02000_d_0000031.jpg,5,16,8.94,0.0,0.0,0
0000295_02000_d_0000031.jpg,6,12,8.49,0.0,0.0,0
0000295_02000_d_0000031.jpg,4,17,8.25,0.0,0.0,0
0000295_02000_d_0000031.jpg,5,17,9.22,0.0,0.0,0
0000295_02000_d_0000031.jpg,4,14,7.48,0.0,0.0,0
0000295_02000_d_0000031.jpg,6,17,10.1,0.0,0.0,0
0000295_02000_d_0000031.jpg,6,15,9.49,0.0,0.0,0
0000295_02000_d_0000031.jpg,5,14,8.37,0.0,0.0,0
0000295_02000_d_0000031.jpg,6,14,9.17,0.0,0.0,0
0000295_02000_d_0000031.jpg,6,13,8.83,0.0,0.0,0
0000295_02000_d_0000031.jpg,24,55,36.33,0.7147,0.4659,1
0000295_02000_d_0000031.jpg,19,43,28.58,0.8787,0.6792,1
0000295_02000_d_0000031.jpg,14,43,24.54,0.8446,0.6184,1
0000295_02000_d_0000031.jpg,28,37,32.19,0.6436,0.4647,1
0000295_02000_d_0000031.jpg,18,47,29.09,0.8264,0.3142,1
0000295_02000_d_0000031.jpg,12,45,23.24,0.604,0.6007,1
0000295_02000_d_0000031.jpg,24,29,26.38,0.7103,0.3216,1
0000295_02000_d_0000031.jpg,18,34,24.74,0.5921,0.1678,1
0000295_02000_d_0000031.jpg,16,39,24.98,0.5814,0.4909,1
0000295_02000_d_0000031.jpg,17,40,26.08,0.6792,0.7124,1
0000295_02000_d_0000031.jpg,14,36,22.45,0.655,0.3978,1
0000295_02000_d_0000031.jpg,12,39,21.63,0.4573,0.2082,0
0000295_02000_d_0000031.jpg,14,35,22.14,0.8555,0.3548,1
0000295_02000_d_0000031.jpg,11,33,19.05,0.8115,0.1748,1
0000295_02000_d_0000031.jpg,13,25,18.03,0.6576,0.1682,1
0000295_02000_d_0000031.jpg,18,27,22.05,0.6679,0.2525,1
0000295_02000_d_0000031.jpg,8,34,16.49,0.0002,0.3243,0
0000295_02000_d_0000031.jpg,15,29,20.86,0.0,0.0,0
0000295_02000_d_0000031.jpg,16,33,22.98,0.8494,0.3596,1
0000295_02000_d_0000031.jpg,13,35,21.33,0.5922,0.3877,1
0000295_02000_d_0000031.jpg,9,35,17.75,0.7388,0.3323,1
0000295_02000_d_0000031.jpg,10,33,18.17,0.6378,0.2613,1
0000295_02000_d_0000031.jpg,12,12,12.0,0.0,0.0,0
0000295_02000_d_0000031.jpg,9,13,10.82,0.0,0.0,0
0000295_02000_d_0000031.jpg,6,21,11.22,0.0,0.0,0
0000295_02000_d_0000031.jpg,6,21,11.22,0.0,0.0,0
0000295_02000_d_0000031.jpg,8,20,12.65,0.0,0.0,0
0000295_02000_d_0000031.jpg,11,32,18.76,0.5292,0.2636,1
0000295_02000_d_0000031.jpg,10,28,16.73,0.7996,0.4199,1
0000295_02000_d_0000031.jpg,9,26,15.3,0.0,0.0,0
0000295_02000_d_0000031.jpg,9,24,14.7,0.6274,0.2593,1
0000295_02000_d_0000031.jpg,9,20,13.42,0.0,0.0,0
0000295_02000_d_0000031.jpg,6,23,11.75,0.3933,0.4046,0
0000295_02000_d_0000031.jpg,7,22,12.41,0.4304,0.4417,0
0000295_02000_d_0000031.jpg,11,27,17.23,0.0,0.0,0
0000295_02000_d_0000031.jpg,7,21,12.12,0.0,0.0,0
0000295_02000_d_0000031.jpg,9,19,13.08,0.0,0.0,0
0000295_02000_d_0000031.jpg,10,17,13.04,0.0,0.0,0
0000295_02000_d_0000031.jpg,9,15,11.62,0.0,0.0,0
0000295_02000_d_0000031.jpg,6,16,9.8,0.0,0.0,0
0000295_02000_d_0000031.jpg,7,17,10.91,0.0,0.0,0
0000295_02000_d_0000031.jpg,7,16,10.58,0.0,0.0,0
0000295_02000_d_0000031.jpg,8,20,12.65,0.0,0.0,0
0000295_02000_d_0000031.jpg,20,48,30.98,0.7058,0.5067,1
0000295_02000_d_0000031.jpg,22,50,33.17,0.6949,0.3456,1
0000295_02000_d_0000031.jpg,10,28,16.73,0.0,0.0,0
0000295_02000_d_0000031.jpg,11,32,18.76,0.0,0.0,0
0000295_02000_d_0000031.jpg,10,30,17.32,0.0,0.0,0
0000295_02000_d_0000031.jpg,10,30,17.32,0.0982,0.1674,0
0000295_02000_d_0000031.jpg,11,26,16.91,0.0,0.0,0
0000295_02000_d_0000031.jpg,11,30,18.17,0.0116,0.2276,0
0000295_02000_d_0000031.jpg,14,29,20.15,0.4781,0.5621,0
0000295_02000_d_0000031.jpg,10,26,16.12,0.0,0.0,0
0000295_02000_d_0000031.jpg,13,33,20.71,0.6114,0.5044,1
0000295_02000_d_0000031.jpg,17,33,23.69,0.0,0.0,0
0000295_02000_d_0000031.jpg,22,31,26.12,0.0,0.0,0
0000295_02000_d_0000031.jpg,7,19,11.53,0.0,0.0,0
0000295_02000_d_0000031.jpg,7,20,11.83,0.0,0.0,0
0000295_02000_d_0000031.jpg,10,19,13.78,0.7234,0.1901,1
0000295_02000_d_0000031.jpg,8,20,12.65,0.0,0.0,0
0000295_02000_d_0000031.jpg,7,17,10.91,0.0,0.0,0
0000295_02000_d_0000031.jpg,6,19,10.68,0.2477,0.3274,0
0000295_02000_d_0000031.jpg,5,15,8.66,0.0019,0.2236,0
0000295_02000_d_0000031.jpg,6,17,10.1,0.0,0.0,0
0000295_02000_d_0000031.jpg,5,15,8.66,0.0,0.0,0
0000295_02000_d_0000031.jpg,4,17,8.25,0.0,0.0,0
0000295_02000_d_0000031.jpg,6,15,9.49,0.0,0.0,0
0000295_02000_d_0000031.jpg,6,16,9.8,0.0,0.0,0
0000295_02000_d_0000031.jpg,6,16,9.8,0.0,0.0,0
0000295_02000_d_0000031.jpg,5,20,10.0,0.2903,0.2138,0
0000295_02000_d_0000031.jpg,4,18,8.49,0.2297,0.1928,0
0000295_02000_d_0000031.jpg,4,17,8.25,0.3578,0.2314,0
0000295_02000_d_0000031.jpg,5,16,8.94,0.0,0.0,0
0000295_02000_d_0000031.jpg,7,16,10.58,0.0,0.0,0
0000295_02000_d_0000031.jpg,5,16,8.94,0.0,0.0,0
0000295_02000_d_0000031.jpg,6,15,9.49,0.0,0.0,0
0000295_02000_d_0000031.jpg,5,14,8.37,0.0,0.0,0
0000295_02000_d_0000031.jpg,6,15,9.49,0.0,0.0,0
0000295_02000_d_0000031.jpg,6,16,9.8,0.0,0.0,0
0000295_02000_d_0000031.jpg,6,15,9.49,0.0,0.0,0
0000295_02000_d_0000031.jpg,8,17,11.66,0.0,0.0,0
0000295_02000_d_0000031.jpg,5,16,8.94,0.0,0.0,0
0000295_02000_d_0000031.jpg,5,16,8.94,0.0,0.0,0
0000295_02000_d_0000031.jpg,5,18,9.49,0.0,0.0,0
0000295_02000_d_0000031.jpg,5,19,9.75,0.0,0.0,0
0000295_02000_d_0000031.jpg,6,17,10.1,0.0,0.0,0
0000295_02000_d_0000031.jpg,6,17,10.1,0.0,0.0,0
0000295_02000_d_0000031.jpg,5,13,8.06,0.0,0.0,0
0000295_02000_d_0000031.jpg,7,15,10.25,0.0,0.0,0
0000295_02000_d_0000031.jpg,5,14,8.37,0.4078,0.2078,0
0000295_02000_d_0000031.jpg,4,14,7.48,0.2507,0.3425,0
0000295_02000_d_0000031.jpg,6,17,10.1,0.3936,0.2212,0
0000295_02000_d_0000031.jpg,6,15,9.49,0.0,0.0,0
0000295_02000_d_0000031.jpg,5,14,8.37,0.0,0.0,0
0000295_02000_d_0000031.jpg,8,18,12.0,0.0,0.0,0
0000295_02000_d_0000031.jpg,5,18,9.49,0.0,0.0,0
0000295_02000_d_0000031.jpg,6,17,10.1,0.0,0.0,0
0000295_02000_d_0000031.jpg,6,18,10.39,0.0,0.0,0
0000295_02000_d_0000031.jpg,6,18,10.39,0.0,0.0,0
0000295_02000_d_0000031.jpg,7,15,10.25,0.0,0.0,0
0000295_02000_d_0000031.jpg,4,18,8.49,0.0,0.0,0
0000295_02000_d_0000031.jpg,5,15,8.66,0.0,0.0,0
0000295_02000_d_0000031.jpg,3,15,6.71,0.0,0.0,0
0000295_02000_d_0000031.jpg,4,8,5.66,0.0,0.0,0
0000295_02000_d_0000031.jpg,5,16,8.94,0.0,0.0,0
0000295_02000_d_0000031.jpg,6,14,9.17,0.0,0.0,0
0000295_02000_d_0000031.jpg,7,16,10.58,0.0,0.0,0
0000295_02000_d_0000031.jpg,7,16,10.58,0.0,0.0,0
0000295_02000_d_0000031.jpg,7,17,10.91,0.0,0.0,0
0000295_02000_d_0000031.jpg,6,17,10.1,0.0,0.0,0
0000295_02000_d_0000031.jpg,6,11,8.12,0.0,0.0,0
0000295_02000_d_0000031.jpg,8,11,9.38,0.0,0.0,0
0000295_02000_d_0000031.jpg,7,11,8.77,0.0,0.0,0
0000295_02000_d_0000031.jpg,4,14,7.48,0.0,0.0,0
0000295_02000_d_0000031.jpg,4,14,7.48,0.0,0.0,0
0000295_02000_d_0000031.jpg,3,10,5.48,0.0,0.0,0
0000295_02000_d_0000031.jpg,5,12,7.75,0.0,0.0,0
0000295_02000_d_0000031.jpg,4,12,6.93,0.0,0.0,0
0000295_02000_d_0000031.jpg,5,17,9.22,0.0,0.0,0
0000295_02000_d_0000031.jpg,4,14,7.48,0.0,0.0,0
0000295_02000_d_0000031.jpg,4,16,8.0,0.0,0.0,0
0000295_02000_d_0000031.jpg,5,17,9.22,0.0,0.0,0
0000295_02000_d_0000031.jpg,6,16,9.8,0.0,0.0,0
0000295_02000_d_0000031.jpg,6,18,10.39,0.0,0.0,0
0000295_02000_d_0000031.jpg,7,17,10.91,0.0,0.0,0
0000295_02200_d_0000032.jpg,26,48,35.33,0.7984,0.2827,1
0000295_02200_d_0000032.jpg,27,47,35.62,0.1755,0.2827,0
0000295_02200_d_0000032.jpg,22,55,34.79,0.8665,0.698,1
0000295_02200_d_0000032.jpg,21,38,28.25,0.4041,0.3468,0
0000295_02200_d_0000032.jpg,22,53,34.15,0.8951,0.6837,1
0000295_02200_d_0000032.jpg,24,36,29.39,0.6506,0.2263,1
0000295_02200_d_0000032.jpg,22,32,26.53,0.8239,0.3218,1
0000295_02200_d_0000032.jpg,18,46,28.77,0.8484,0.6651,1
0000295_02200_d_0000032.jpg,19,40,27.57,0.6884,0.4093,1
0000295_02200_d_0000032.jpg,17,41,26.4,0.686,0.3695,1
0000295_02200_d_0000032.jpg,12,36,20.78,0.5227,0.2594,1
0000295_02200_d_0000032.jpg,25,22,23.45,0.6733,0.1581,1
0000295_02200_d_0000032.jpg,15,31,21.56,0.7269,0.2661,1
0000295_02200_d_0000032.jpg,17,23,19.77,0.6762,0.2584,1
0000295_02200_d_0000032.jpg,14,33,21.49,0.7289,0.532,1
0000295_02200_d_0000032.jpg,15,32,21.91,0.0,0.0,0
0000295_02200_d_0000032.jpg,12,32,19.6,0.0,0.0,0
0000295_02200_d_0000032.jpg,10,27,16.43,0.0,0.0,0
0000295_02200_d_0000032.jpg,17,32,23.32,0.0,0.0,0
0000295_02200_d_0000032.jpg,15,32,21.91,0.4959,0.3138,0
0000295_02200_d_0000032.jpg,17,30,22.58,0.75,0.1596,1
0000295_02200_d_0000032.jpg,14,27,19.44,0.0306,0.1875,0
0000295_02200_d_0000032.jpg,16,29,21.54,0.0,0.0,0
0000295_02200_d_0000032.jpg,14,37,22.76,0.5524,0.4609,1
0000295_02200_d_0000032.jpg,20,32,25.3,0.7516,0.211,1
0000295_02200_d_0000032.jpg,17,32,23.32,0.822,0.3423,1
0000295_02200_d_0000032.jpg,13,25,18.03,0.645,0.4385,1
0000295_02200_d_0000032.jpg,9,29,16.16,0.0,0.0,0
0000295_02200_d_0000032.jpg,14,29,20.15,0.417,0.2908,0
0000295_02200_d_0000032.jpg,11,19,14.46,0.0,0.0,0
0000295_02200_d_0000032.jpg,14,29,20.15,0.5279,0.2254,1
0000295_02200_d_0000032.jpg,12,24,16.97,0.6214,0.4476,1
0000295_02200_d_0000032.jpg,11,23,15.91,0.7774,0.2181,1
0000295_02200_d_0000032.jpg,9,24,14.7,0.0,0.0,0
0000295_02200_d_0000032.jpg,9,24,14.7,0.6567,0.2759,1
0000295_02200_d_0000032.jpg,9,22,14.07,0.3182,0.3189,0
0000295_02200_d_0000032.jpg,10,23,15.17,0.0,0.0,0
0000295_02200_d_0000032.jpg,8,21,12.96,0.0,0.0,0
0000295_02200_d_0000032.jpg,8,22,13.27,0.0,0.0,0
0000295_02200_d_0000032.jpg,8,22,13.27,0.0,0.0,0
0000295_02200_d_0000032.jpg,9,23,14.39,0.0128,0.3229,0
0000295_02200_d_0000032.jpg,10,22,14.83,0.8097,0.3018,1
0000295_02200_d_0000032.jpg,10,25,15.81,0.0,0.0,0
0000295_02200_d_0000032.jpg,8,18,12.0,0.0,0.0,0
0000295_02200_d_0000032.jpg,10,18,13.42,0.3601,0.1804,0
0000295_02200_d_0000032.jpg,8,22,13.27,0.0,0.0,0
0000295_02200_d_0000032.jpg,10,17,13.04,0.0,0.0,0
0000295_02200_d_0000032.jpg,12,22,16.25,0.0,0.0,0
0000295_02200_d_0000032.jpg,10,20,14.14,0.0,0.0,0
0000295_02200_d_0000032.jpg,8,21,12.96,0.0,0.0,0
0000295_02200_d_0000032.jpg,14,23,17.94,0.0,0.0,0
0000295_02200_d_0000032.jpg,11,22,15.56,0.0,0.0,0
0000295_02200_d_0000032.jpg,9,21,13.75,0.0,0.0,0
0000295_02200_d_0000032.jpg,11,15,12.85,0.0,0.0,0
0000295_02200_d_0000032.jpg,9,18,12.73,0.0,0.0,0
0000295_02200_d_0000032.jpg,8,17,11.66,0.0,0.0,0
0000295_02200_d_0000032.jpg,8,21,12.96,0.0,0.0,0
0000295_02200_d_0000032.jpg,12,24,16.97,0.0,0.0,0
0000295_02200_d_0000032.jpg,13,24,17.66,0.0,0.0,0
0000295_02200_d_0000032.jpg,11,19,14.46,0.0,0.0,0
0000295_02200_d_0000032.jpg,8,19,12.33,0.0,0.0,0
0000295_02200_d_0000032.jpg,8,19,12.33,0.0,0.0,0
0000295_02200_d_0000032.jpg,7,17,10.91,0.0,0.0,0
0000295_02200_d_0000032.jpg,9,13,10.82,0.0,0.0,0
0000295_02200_d_0000032.jpg,8,16,11.31,0.0,0.0,0
0000295_02400_d_0000033.jpg,15,31,21.56,0.0,0.0,0
0000295_02400_d_0000033.jpg,12,36,20.78,0.8776,0.4905,1
0000295_02400_d_0000033.jpg,10,29,17.03,0.1725,0.1529,0
0000295_02400_d_0000033.jpg,13,34,21.02,0.0,0.0,0
0000295_02400_d_0000033.jpg,11,32,18.76,0.6745,0.1935,1
0000295_02400_d_0000033.jpg,9,30,16.43,0.0,0.0,0
0000295_02400_d_0000033.jpg,13,39,22.52,0.7402,0.3916,1
0000295_02400_d_0000033.jpg,18,41,27.17,0.0,0.0,0
0000295_02400_d_0000033.jpg,13,37,21.93,0.0,0.0,0
0000295_02400_d_0000033.jpg,18,38,26.15,0.0,0.0,0
0000295_02400_d_0000033.jpg,20,34,26.08,0.7229,0.15,1
0000295_02400_d_0000033.jpg,13,36,21.63,0.5343,0.1955,1
0000295_02400_d_0000033.jpg,13,39,22.52,0.0,0.0,0
0000295_02400_d_0000033.jpg,15,38,23.87,0.0,0.0,0
0000295_02400_d_0000033.jpg,10,27,16.43,0.0,0.0,0
0000295_02400_d_0000033.jpg,13,33,20.71,0.0,0.0,0
0000295_02400_d_0000033.jpg,11,27,17.23,0.0,0.0,0
0000295_02400_d_0000033.jpg,7,27,13.75,0.0,0.0,0
0000295_02400_d_0000033.jpg,12,23,16.61,0.0,0.0,0
0000295_02400_d_0000033.jpg,12,21,15.87,0.0,0.0,0
0000295_02400_d_0000033.jpg,13,23,17.29,0.0,0.0,0
0000295_02400_d_0000033.jpg,11,24,16.25,0.0,0.0,0
0000295_02400_d_0000033.jpg,16,27,20.78,0.418,0.2179,0
0000295_02400_d_0000033.jpg,15,25,19.36,0.6216,0.1716,1
0000295_02400_d_0000033.jpg,12,28,18.33,0.8023,0.2421,1
0000295_02400_d_0000033.jpg,7,30,14.49,0.0,0.0,0
0000295_02400_d_0000033.jpg,9,34,17.49,0.0,0.0,0
0000295_02400_d_0000033.jpg,10,37,19.24,0.0,0.0,0
0000295_02400_d_0000033.jpg,15,44,25.69,0.0256,0.1551,0
0000295_02400_d_0000033.jpg,20,43,29.33,0.5249,0.4075,1
0000295_02400_d_0000033.jpg,24,42,31.75,0.115,0.3002,0
0000295_02400_d_0000033.jpg,19,44,28.91,0.0,0.0,0
0000295_02400_d_0000033.jpg,18,33,24.37,0.3495,0.158,0
0000295_02400_d_0000033.jpg,17,37,25.08,0.0,0.0,0
0000295_02400_d_0000033.jpg,21,38,28.25,0.0,0.0,0
0000295_02400_d_0000033.jpg,17,37,25.08,0.0915,0.1543,0
0000295_02400_d_0000033.jpg,18,34,24.74,0.0,0.0,0
0000295_02400_d_0000033.jpg,16,35,23.66,0.0,0.0,0
0000295_02400_d_0000033.jpg,17,30,22.58,0.0,0.0,0
0000295_02400_d_0000033.jpg,16,33,22.98,0.0,0.0,0
0000295_02400_d_0000033.jpg,17,31,22.96,0.0,0.0,0
0000295_02400_d_0000033.jpg,12,30,18.97,0.0,0.0,0
0000295_02400_d_0000033.jpg,15,32,21.91,0.7413,0.4452,1
0000295_02400_d_0000033.jpg,14,31,20.83,0.0,0.0,0
0000295_02400_d_0000033.jpg,9,40,18.97,0.7438,0.2484,1
0000295_02400_d_0000033.jpg,16,37,24.33,0.0,0.0,0
0000295_02400_d_0000033.jpg,12,28,18.33,0.0109,0.2569,0
0000295_02400_d_0000033.jpg,14,38,23.07,0.0,0.0,0
0000295_02400_d_0000033.jpg,15,37,23.56,0.7646,0.2412,1
0000295_02400_d_0000033.jpg,13,31,20.07,0.0,0.0,0
0000295_02400_d_0000033.jpg,14,35,22.14,0.0,0.0,0
0000295_02400_d_0000033.jpg,13,33,20.71,0.0,0.0,0
0000295_02400_d_0000033.jpg,12,36,20.78,0.0662,0.1648,0
0000295_02400_d_0000033.jpg,15,37,23.56,0.0,0.0,0
0000295_02400_d_0000033.jpg,13,36,21.63,0.0,0.0,0
0000295_02400_d_0000033.jpg,14,36,22.45,0.0,0.0,0
0000295_02400_d_0000033.jpg,11,34,19.34,0.0,0.0,0
0000295_02400_d_0000033.jpg,13,33,20.71,0.4488,0.3997,0
0000295_02400_d_0000033.jpg,24,40,30.98,0.0,0.0,0
0000295_02400_d_0000033.jpg,20,51,31.94,0.7822,0.4449,1
0000295_02400_d_0000033.jpg,20,33,25.69,0.8097,0.5062,1
0000295_02400_d_0000033.jpg,21,36,27.5,0.0,0.0,0
0000295_02400_d_0000033.jpg,16,41,25.61,0.0528,0.1845,0
0000295_02400_d_0000033.jpg,14,32,21.17,0.6592,0.2012,1
0000295_02400_d_0000033.jpg,12,42,22.45,0.5758,0.1721,1
0000295_02400_d_0000033.jpg,11,43,21.75,0.0827,0.1738,0
0000295_02400_d_0000033.jpg,11,27,17.23,0.0,0.0,0
0000295_02400_d_0000033.jpg,9,29,16.16,0.0,0.0,0
0000295_02400_d_0000033.jpg,11,31,18.47,0.0,0.0,0
0000295_02400_d_0000033.jpg,12,27,18.0,0.0,0.0,0
0000295_02400_d_0000033.jpg,13,32,20.4,0.0,0.0,0
0000295_02400_d_0000033.jpg,13,30,19.75,0.0,0.0,0
0000295_02400_d_0000033.jpg,10,28,16.73,0.0,0.0,0
0000295_02400_d_0000033.jpg,10,30,17.32,0.0,0.0,0
0000295_02400_d_0000033.jpg,12,31,19.29,0.0,0.0,0
0000295_02400_d_0000033.jpg,9,29,16.16,0.0,0.0,0
0000295_02400_d_0000033.jpg,9,27,15.59,0.0,0.0,0
0000295_02400_d_0000033.jpg,12,30,18.97,0.0,0.0,0
0000295_02400_d_0000033.jpg,12,32,19.6,0.0,0.0,0
0000295_02400_d_0000033.jpg,11,32,18.76,0.0,0.0,0
0000295_02400_d_0000033.jpg,10,31,17.61,0.0,0.0,0
0000295_02400_d_0000033.jpg,11,27,17.23,0.0,0.0,0
0000295_02400_d_0000033.jpg,9,26,15.3,0.0,0.0,0
0000295_02400_d_0000033.jpg,7,27,13.75,0.0,0.0,0
0000295_02400_d_0000033.jpg,9,25,15.0,0.1643,0.249,0
0000295_02400_d_0000033.jpg,20,33,25.69,0.486,0.1519,0
0000295_02400_d_0000033.jpg,18,35,25.1,0.6803,0.2319,1
0000295_02400_d_0000033.jpg,9,23,14.39,0.0,0.0,0
0000295_02400_d_0000033.jpg,8,22,13.27,0.0,0.0,0
0000295_02400_d_0000033.jpg,8,24,13.86,0.0,0.0,0
0000295_02400_d_0000033.jpg,5,21,10.25,0.3534,0.1777,0
0000295_02400_d_0000033.jpg,4,21,9.17,0.3392,0.2475,0
0000295_02400_d_0000033.jpg,9,23,14.39,0.0,0.0,0
0000295_02400_d_0000033.jpg,8,21,12.96,0.0,0.0,0
0000295_02400_d_0000033.jpg,8,20,12.65,0.0,0.0,0
0000295_02400_d_0000033.jpg,8,22,13.27,0.0,0.0,0
0000295_02400_d_0000033.jpg,6,20,10.95,0.3161,0.279,0
0000295_02400_d_0000033.jpg,8,21,12.96,0.0,0.0,0
0000295_02400_d_0000033.jpg,10,21,14.49,0.0,0.0,0
0000295_02400_d_0000033.jpg,9,21,13.75,0.0078,0.2099,0
0000295_02400_d_0000033.jpg,6,19,10.68,0.0,0.0,0
0000295_02400_d_0000033.jpg,7,19,11.53,0.2817,0.2432,0
0000295_02400_d_0000033.jpg,11,12,11.49,0.4928,0.1519,0
0000295_02400_d_0000033.jpg,10,21,14.49,0.0,0.0,0
0000295_02400_d_0000033.jpg,7,17,10.91,0.0,0.0,0
0000295_02400_d_0000033.jpg,10,15,12.25,0.0,0.0,0
0000295_02400_d_0000033.jpg,11,22,15.56,0.0712,0.1661,0
0000295_02400_d_0000033.jpg,8,21,12.96,0.0,0.0,0
0000295_02400_d_0000033.jpg,8,19,12.33,0.5821,0.2165,1
0000295_02400_d_0000033.jpg,10,23,15.17,0.5734,0.1937,1
0000295_02400_d_0000033.jpg,8,19,12.33,0.0,0.0,0
0000295_02400_d_0000033.jpg,7,27,13.75,0.0,0.0,0
0000295_02400_d_0000033.jpg,7,21,12.12,0.0,0.0,0
0000295_02400_d_0000033.jpg,8,23,13.56,0.0,0.0,0
0000295_02400_d_0000033.jpg,9,26,15.3,0.4866,0.2963,0
0000295_02400_d_0000033.jpg,9,29,16.16,0.0,0.0,0
0000295_02400_d_0000033.jpg,9,26,15.3,0.0,0.0,0
0000295_02400_d_0000033.jpg,6,20,10.95,0.0,0.0,0
0000295_02400_d_0000033.jpg,8,20,12.65,0.0,0.0,0
0000295_02400_d_0000033.jpg,9,24,14.7,0.0,0.0,0
0000295_02400_d_0000033.jpg,6,20,10.95,0.0,0.0,0
0000295_02400_d_0000033.jpg,6,21,11.22,0.0,0.0,0
0000295_02400_d_0000033.jpg,6,18,10.39,0.0,0.0,0
0000295_02400_d_0000033.jpg,6,14,9.17,0.0,0.0,0
0000295_02400_d_0000033.jpg,9,16,12.0,0.0,0.0,0
0000295_02400_d_0000033.jpg,7,16,10.58,0.0,0.0,0
0000295_02400_d_0000033.jpg,7,13,9.54,0.0,0.0,0
0000295_02400_d_0000033.jpg,5,16,8.94,0.0,0.0,0
0000295_02400_d_0000033.jpg,4,17,8.25,0.0,0.0,0
0000295_02400_d_0000033.jpg,8,42,18.33,0.1481,0.3189,0
0000295_02400_d_0000033.jpg,26,48,35.33,0.92,0.6405,1
0000295_02400_d_0000033.jpg,17,36,24.74,0.7708,0.6977,1
0000295_02400_d_0000033.jpg,12,35,20.49,0.6899,0.6577,1
0000295_02400_d_0000033.jpg,14,32,21.17,0.5167,0.6645,1
0000295_02400_d_0000033.jpg,17,36,24.74,0.9249,0.238,1
0000295_02400_d_0000033.jpg,13,29,19.42,0.8036,0.5574,1
0000295_02400_d_0000033.jpg,9,32,16.97,0.0,0.0,0
0000295_02400_d_0000033.jpg,16,33,22.98,0.7636,0.1557,1
0000295_02400_d_0000033.jpg,20,21,20.49,0.0,0.0,0
0000295_02400_d_0000033.jpg,11,24,16.25,0.0,0.0,0
0000295_02400_d_0000033.jpg,9,22,14.07,0.0,0.0,0
0000295_02400_d_0000033.jpg,8,19,12.33,0.0,0.0,0
0000295_02400_d_0000033.jpg,9,18,12.73,0.0,0.0,0
0000295_02400_d_0000033.jpg,11,18,14.07,0.0,0.0,0
0000295_02400_d_0000033.jpg,8,17,11.66,0.6349,0.2753,1
0000295_02400_d_0000033.jpg,12,22,16.25,0.5424,0.1537,1
0000295_02400_d_0000033.jpg,10,20,14.14,0.7916,0.2002,1
0000295_02400_d_0000033.jpg,7,15,10.25,0.0,0.0,0
0000295_02400_d_0000033.jpg,7,16,10.58,0.0,0.0,0
0000295_02400_d_0000033.jpg,8,19,12.33,0.0,0.0,0
0000295_02400_d_0000033.jpg,8,17,11.66,0.0,0.0,0
0000295_02400_d_0000033.jpg,7,16,10.58,0.0,0.0,0
0000295_02400_d_0000033.jpg,7,16,10.58,0.0,0.0,0
0000295_02400_d_0000033.jpg,8,16,11.31,0.0023,0.1516,0
0000295_02400_d_0000033.jpg,6,18,10.39,0.0,0.0,0
0000295_02400_d_0000033.jpg,5,16,8.94,0.0,0.0,0
0000295_02400_d_0000033.jpg,8,16,11.31,0.1813,0.18,0
0000295_02400_d_0000033.jpg,6,19,10.68,0.2908,0.1704,0
0000295_02400_d_0000033.jpg,6,15,9.49,0.0,0.0,0
0000295_02400_d_0000033.jpg,7,19,11.53,0.0,0.0,0
0000295_02400_d_0000033.jpg,7,19,11.53,0.2455,0.2734,0
0000295_02400_d_0000033.jpg,7,16,10.58,0.0,0.0,0
0000295_02400_d_0000033.jpg,5,18,9.49,0.2963,0.2166,0
0000295_02400_d_0000033.jpg,6,18,10.39,0.0,0.0,0
0000295_02400_d_0000033.jpg,4,14,7.48,0.0,0.0,0
0000295_02400_d_0000033.jpg,6,13,8.83,0.0,0.0,0
0000295_02400_d_0000033.jpg,6,19,10.68,0.0,0.0,0
0000295_02400_d_0000033.jpg,5,18,9.49,0.0925,0.1864,0
0000295_02400_d_0000033.jpg,6,19,10.68,0.0,0.0,0
0000295_02400_d_0000033.jpg,6,18,10.39,0.0,0.0,0
0000295_02400_d_0000033.jpg,6,16,9.8,0.0,0.0,0
0000295_02400_d_0000033.jpg,6,21,11.22,0.0,0.0,0
0000295_02400_d_0000033.jpg,7,18,11.22,0.0,0.0,0
0000295_02400_d_0000033.jpg,6,16,9.8,0.0,0.0,0
0000295_02400_d_0000033.jpg,14,27,19.44,0.0,0.0,0
0000295_02900_d_0000034.jpg,32,51,40.4,0.8942,0.6676,1
0000295_02900_d_0000034.jpg,19,51,31.13,0.8853,0.5717,1
0000295_02900_d_0000034.jpg,23,58,36.52,0.911,0.7549,1
0000295_02900_d_0000034.jpg,25,52,36.06,0.9127,0.7243,1
0000295_02900_d_0000034.jpg,19,50,30.82,0.8731,0.5766,1
0000295_02900_d_0000034.jpg,22,40,29.66,0.7894,0.1635,1
0000295_02900_d_0000034.jpg,21,51,32.73,0.9172,0.7218,1
0000295_02900_d_0000034.jpg,19,24,21.35,0.4439,0.2675,0
0000295_02900_d_0000034.jpg,21,32,25.92,0.0356,0.4086,0
0000295_02900_d_0000034.jpg,20,41,28.64,0.6,0.1844,1
0000295_02900_d_0000034.jpg,23,40,30.33,0.6625,0.1703,1
0000295_02900_d_0000034.jpg,18,35,25.1,0.7463,0.581,1
0000295_02900_d_0000034.jpg,14,46,25.38,0.0,0.0,0
0000295_02900_d_0000034.jpg,21,41,29.34,0.7663,0.232,1
0000295_02900_d_0000034.jpg,16,44,26.53,0.8105,0.5214,1
0000295_02900_d_0000034.jpg,16,43,26.23,0.7119,0.3629,1
0000295_02900_d_0000034.jpg,15,40,24.49,0.8138,0.3321,1
0000295_02900_d_0000034.jpg,15,35,22.91,0.0,0.0,0
0000295_02900_d_0000034.jpg,16,41,25.61,0.0,0.0,0
0000295_02900_d_0000034.jpg,13,40,22.8,0.7586,0.5767,1
0000295_02900_d_0000034.jpg,14,37,22.76,0.6267,0.5219,1
0000295_02900_d_0000034.jpg,11,37,20.17,0.807,0.4821,1
0000295_02900_d_0000034.jpg,15,40,24.49,0.7826,0.5419,1
0000295_02900_d_0000034.jpg,15,36,23.24,0.0132,0.1681,0
0000295_02900_d_0000034.jpg,18,39,26.5,0.5084,0.1725,1
0000295_02900_d_0000034.jpg,9,37,18.25,0.1287,0.2513,0
0000295_02900_d_0000034.jpg,13,33,20.71,0.4392,0.2694,0
0000295_02900_d_0000034.jpg,12,39,21.63,0.0,0.0,0
0000295_02900_d_0000034.jpg,15,39,24.19,0.0015,0.3352,0
0000295_02900_d_0000034.jpg,14,37,22.76,0.8201,0.328,1
0000295_02900_d_0000034.jpg,15,41,24.8,0.7868,0.264,1
0000295_02900_d_0000034.jpg,14,23,17.94,0.0,0.0,0
0000295_02900_d_0000034.jpg,12,31,19.29,0.629,0.3534,1
0000295_02900_d_0000034.jpg,15,32,21.91,0.8825,0.6255,1
0000295_02900_d_0000034.jpg,9,28,15.87,0.2696,0.2331,0
0000295_02900_d_0000034.jpg,14,27,19.44,0.708,0.2792,1
0000295_02900_d_0000034.jpg,12,33,19.9,0.7527,0.6222,1
0000295_02900_d_0000034.jpg,12,28,18.33,0.7785,0.3435,1
0000295_02900_d_0000034.jpg,9,28,15.87,0.0,0.0,0
0000295_02900_d_0000034.jpg,11,26,16.91,0.1622,0.2358,0
0000295_02900_d_0000034.jpg,10,27,16.43,0.0,0.0,0
0000295_02900_d_0000034.jpg,6,23,11.75,0.0,0.0,0
0000295_02900_d_0000034.jpg,7,10,8.37,0.2123,0.3453,0
0000295_02900_d_0000034.jpg,9,21,13.75,0.8585,0.4317,1
0000295_02900_d_0000034.jpg,7,21,12.12,0.0,0.0,0
0000295_02900_d_0000034.jpg,12,24,16.97,0.4912,0.3227,0
0000295_02900_d_0000034.jpg,11,27,17.23,0.8087,0.4185,1
0000295_02900_d_0000034.jpg,9,26,15.3,0.7552,0.3781,1
0000295_02900_d_0000034.jpg,12,29,18.65,0.6831,0.3464,1
0000295_02900_d_0000034.jpg,10,25,15.81,0.7012,0.3082,1
0000295_02900_d_0000034.jpg,10,24,15.49,0.794,0.1959,1
0000295_02900_d_0000034.jpg,10,18,13.42,0.1229,0.202,0
0000295_02900_d_0000034.jpg,8,15,10.95,0.121,0.1976,0
0000295_02900_d_0000034.jpg,7,21,12.12,0.3083,0.4348,0
0000295_02900_d_0000034.jpg,7,22,12.41,0.587,0.2943,1
0000295_02900_d_0000034.jpg,7,15,10.25,0.0,0.0,0
0000295_02900_d_0000034.jpg,7,18,11.22,0.2807,0.1801,0
0000295_02900_d_0000034.jpg,8,11,9.38,0.0,0.0,0
0000295_02900_d_0000034.jpg,17,17,17.0,0.0,0.0,0
0000295_02900_d_0000034.jpg,7,13,9.54,0.0,0.0,0
0000295_02900_d_0000034.jpg,6,17,10.1,0.0,0.0,0
0000295_02900_d_0000034.jpg,6,14,9.17,0.0,0.0,0
0000295_02900_d_0000034.jpg,6,13,8.83,0.0,0.0,0
0000295_02900_d_0000034.jpg,6,17,10.1,0.0,0.0,0
0000295_02900_d_0000034.jpg,6,16,9.8,0.0,0.0,0
0000295_02900_d_0000034.jpg,6,15,9.49,0.0,0.0,0
0000295_02900_d_0000034.jpg,7,20,11.83,0.0,0.0,0
0000295_02900_d_0000034.jpg,5,14,8.37,0.0,0.0,0
0000295_02900_d_0000034.jpg,6,13,8.83,0.0,0.0,0
0000295_02900_d_0000034.jpg,5,14,8.37,0.0,0.0,0
0000295_02900_d_0000034.jpg,4,12,6.93,0.0,0.0,0
0000295_02900_d_0000034.jpg,5,13,8.06,0.0,0.0,0
0000295_02900_d_0000034.jpg,4,10,6.32,0.0,0.0,0
0000295_02900_d_0000034.jpg,6,11,8.12,0.0,0.0,0
0000295_02900_d_0000034.jpg,5,17,9.22,0.0,0.0,0
0000295_02900_d_0000034.jpg,8,10,8.94,0.0,0.0,0
0000295_02900_d_0000034.jpg,9,10,9.49,0.0,0.0,0
0000295_02900_d_0000034.jpg,6,9,7.35,0.0,0.0,0
0000295_02900_d_0000034.jpg,6,8,6.93,0.0,0.0,0
0000295_02900_d_0000034.jpg,5,9,6.71,0.0,0.0,0
0000295_02900_d_0000034.jpg,4,9,6.0,0.0,0.0,0
0000295_02900_d_0000034.jpg,5,17,9.22,0.0,0.0,0
0000295_02900_d_0000034.jpg,11,15,12.85,0.0,0.0,0
0000295_02900_d_0000034.jpg,9,12,10.39,0.0,0.0,0
0000295_02900_d_0000034.jpg,9,11,9.95,0.0,0.0,0
0000295_02900_d_0000034.jpg,8,12,9.8,0.386,0.1838,0
0000295_02900_d_0000034.jpg,11,14,12.41,0.0,0.0,0
0000295_02900_d_0000034.jpg,12,18,14.7,0.4638,0.2426,0
0000295_02900_d_0000034.jpg,17,22,19.34,0.0,0.0,0
0000295_02900_d_0000034.jpg,13,34,21.02,0.7623,0.6793,1
0000295_02900_d_0000034.jpg,15,28,20.49,0.0,0.0,0
0000295_02900_d_0000034.jpg,12,30,18.97,0.6902,0.1815,1
0000295_02900_d_0000034.jpg,15,29,20.86,0.4061,0.3071,0
0000296_00601_d_0000038.jpg,24,57,36.99,0.8236,0.7598,1
0000296_00601_d_0000038.jpg,16,45,26.83,0.7826,0.1911,1
0000296_00601_d_0000038.jpg,12,37,21.07,0.5714,0.1967,1
0000296_00601_d_0000038.jpg,16,43,26.23,0.7513,0.2295,1
0000296_00601_d_0000038.jpg,25,47,34.28,0.7209,0.7062,1
0000296_00601_d_0000038.jpg,23,46,32.53,0.3651,0.1627,0
0000296_00601_d_0000038.jpg,12,45,23.24,0.3264,0.1503,0
0000296_00601_d_0000038.jpg,17,46,27.96,0.0,0.0,0
0000296_00601_d_0000038.jpg,15,45,25.98,0.6429,0.4062,1
0000296_00601_d_0000038.jpg,13,45,24.19,0.4192,0.3462,0
0000296_00601_d_0000038.jpg,25,48,34.64,0.5216,0.2446,1
0000296_00601_d_0000038.jpg,11,33,19.05,0.6501,0.4325,1
0000296_00601_d_0000038.jpg,11,29,17.86,0.8106,0.1675,1
0000296_00601_d_0000038.jpg,11,29,17.86,0.4106,0.2039,0
0000296_00601_d_0000038.jpg,12,39,21.63,0.4417,0.3088,0
0000296_00601_d_0000038.jpg,10,37,19.24,0.6571,0.1857,1
0000296_00601_d_0000038.jpg,8,37,17.2,0.556,0.5811,1
0000296_00601_d_0000038.jpg,8,37,17.2,0.567,0.4761,1
0000296_00601_d_0000038.jpg,9,31,16.7,0.0,0.0,0
0000296_00601_d_0000038.jpg,10,30,17.32,0.534,0.5634,1
0000296_00601_d_0000038.jpg,11,27,17.23,0.3734,0.3713,0
0000296_00601_d_0000038.jpg,14,38,23.07,0.0,0.0,0
0000296_00601_d_0000038.jpg,9,26,15.3,0.5846,0.3931,1
0000296_00601_d_0000038.jpg,10,33,18.17,0.0,0.0,0
0000296_00601_d_0000038.jpg,10,29,17.03,0.0,0.0,0
0000296_00601_d_0000038.jpg,8,22,13.27,0.0,0.0,0
0000296_00601_d_0000038.jpg,8,22,13.27,0.0,0.0,0
0000296_00601_d_0000038.jpg,12,24,16.97,0.0,0.0,0
0000296_00601_d_0000038.jpg,6,20,10.95,0.0,0.0,0
0000296_00601_d_0000038.jpg,8,17,11.66,0.0,0.0,0
0000296_00601_d_0000038.jpg,9,15,11.62,0.0,0.0,0
0000296_00601_d_0000038.jpg,6,18,10.39,0.0,0.0,0
0000296_00601_d_0000038.jpg,11,11,11.0,0.0,0.0,0
0000296_00601_d_0000038.jpg,10,19,13.78,0.0,0.0,0
0000296_00601_d_0000038.jpg,10,17,13.04,0.0,0.0,0
0000296_00601_d_0000038.jpg,9,15,11.62,0.6063,0.2591,1
0000296_00601_d_0000038.jpg,9,16,12.0,0.0,0.0,0
0000296_00601_d_0000038.jpg,7,16,10.58,0.0,0.0,0
0000296_00601_d_0000038.jpg,7,17,10.91,0.0,0.0,0
0000296_00601_d_0000038.jpg,10,24,15.49,0.0,0.0,0
0000296_01001_d_0000040.jpg,27,70,43.47,0.908,0.7681,1
0000296_01001_d_0000040.jpg,26,72,43.27,0.8828,0.7523,1
0000296_01001_d_0000040.jpg,32,79,50.28,0.8927,0.5912,1
0000296_01001_d_0000040.jpg,32,80,50.6,0.8499,0.7924,1
0000296_01001_d_0000040.jpg,37,38,37.5,0.6304,0.364,1
0000296_01001_d_0000040.jpg,25,56,37.42,0.0,0.0,0
0000296_01001_d_0000040.jpg,20,51,31.94,0.9028,0.671,1
0000296_01001_d_0000040.jpg,22,50,33.17,0.0,0.0,0
0000296_01001_d_0000040.jpg,15,42,25.1,0.1701,0.5013,0
0000296_01001_d_0000040.jpg,17,44,27.35,0.825,0.35,1
0000296_01001_d_0000040.jpg,16,24,19.6,0.6556,0.3683,1
0000296_01001_d_0000040.jpg,13,36,21.63,0.7606,0.3342,1
0000296_01001_d_0000040.jpg,10,32,17.89,0.8784,0.2028,1
0000296_01001_d_0000040.jpg,9,30,16.43,0.3562,0.1809,0
0000296_01001_d_0000040.jpg,9,27,15.59,0.4737,0.2429,0
0000296_01001_d_0000040.jpg,8,19,12.33,0.0,0.0,0
0000296_01001_d_0000040.jpg,11,24,16.25,0.0435,0.1965,0
0000296_01001_d_0000040.jpg,10,29,17.03,0.0161,0.4735,0
0000296_01001_d_0000040.jpg,9,27,15.59,0.8328,0.4152,1
0000296_01001_d_0000040.jpg,8,20,12.65,0.0,0.0,0
0000296_01001_d_0000040.jpg,9,23,14.39,0.0,0.0,0
0000296_01001_d_0000040.jpg,7,24,12.96,0.2052,0.2714,0
0000296_01001_d_0000040.jpg,12,27,18.0,0.7623,0.3228,1
0000296_01001_d_0000040.jpg,14,28,19.8,0.7152,0.2781,1
0000296_01001_d_0000040.jpg,12,27,18.0,0.0,0.0,0
0000296_01001_d_0000040.jpg,16,26,20.4,0.1816,0.191,0
0000296_01001_d_0000040.jpg,10,22,14.83,0.0,0.0,0
0000296_01001_d_0000040.jpg,31,41,35.65,0.9018,0.6431,1
0000296_01001_d_0000040.jpg,27,67,42.53,0.8267,0.7351,1
0000296_01001_d_0000040.jpg,24,61,38.26,0.9486,0.6776,1
0000296_01001_d_0000040.jpg,28,59,40.64,0.6863,0.633,1
0000296_01001_d_0000040.jpg,30,50,38.73,0.6377,0.6529,1
0000296_01001_d_0000040.jpg,24,65,39.5,0.9077,0.7685,1
0000296_01001_d_0000040.jpg,19,46,29.56,0.8066,0.6675,1
0000296_01001_d_0000040.jpg,24,65,39.5,0.8305,0.7027,1
0000296_01001_d_0000040.jpg,23,51,34.25,0.5157,0.2206,1
0000296_01001_d_0000040.jpg,20,50,31.62,0.8696,0.6302,1
0000296_01001_d_0000040.jpg,16,46,27.13,0.8755,0.6217,1
0000296_01001_d_0000040.jpg,24,55,36.33,0.8195,0.6972,1
0000296_01001_d_0000040.jpg,15,43,25.4,0.937,0.7383,1
0000296_01001_d_0000040.jpg,16,43,26.23,0.8268,0.4635,1
0000296_01001_d_0000040.jpg,14,40,23.66,0.1009,0.4495,0
0000296_01001_d_0000040.jpg,13,36,21.63,0.7039,0.2149,1
0000296_01001_d_0000040.jpg,14,42,24.25,0.6941,0.4833,1
0000296_01001_d_0000040.jpg,13,37,21.93,0.6868,0.6423,1
0000296_01001_d_0000040.jpg,15,39,24.19,0.9008,0.5186,1
0000296_01001_d_0000040.jpg,13,35,21.33,0.8312,0.2151,1
0000296_01001_d_0000040.jpg,12,34,20.2,0.5548,0.4378,1
0000296_01001_d_0000040.jpg,10,35,18.71,0.5892,0.463,1
0000296_01001_d_0000040.jpg,11,29,17.86,0.0,0.0,0
0000296_01001_d_0000040.jpg,8,24,13.86,0.0,0.0,0
0000296_01001_d_0000040.jpg,8,22,13.27,0.0,0.0,0
0000296_01001_d_0000040.jpg,7,20,11.83,0.0,0.0,0
0000296_01001_d_0000040.jpg,7,17,10.91,0.0,0.0,0
0000296_01001_d_0000040.jpg,6,17,10.1,0.0,0.0,0
0000296_01001_d_0000040.jpg,6,16,9.8,0.0,0.0,0
0000296_01001_d_0000040.jpg,6,14,9.17,0.0,0.0,0
0000296_01001_d_0000040.jpg,5,10,7.07,0.0,0.0,0
0000296_01001_d_0000040.jpg,4,11,6.63,0.0,0.0,0
0000296_01001_d_0000040.jpg,4,11,6.63,0.0,0.0,0
0000296_01001_d_0000040.jpg,4,11,6.63,0.0,0.0,0
0000296_01001_d_0000040.jpg,4,12,6.93,0.0,0.0,0
0000296_01001_d_0000040.jpg,4,11,6.63,0.0,0.0,0
0000296_01001_d_0000040.jpg,3,10,5.48,0.0,0.0,0
0000296_01001_d_0000040.jpg,3,9,5.2,0.0,0.0,0
0000296_01001_d_0000040.jpg,8,22,13.27,0.0113,0.2469,0
0000296_01001_d_0000040.jpg,7,26,13.49,0.0,0.0,0
0000296_01001_d_0000040.jpg,6,22,11.49,0.3139,0.1944,0
0000296_01001_d_0000040.jpg,7,26,13.49,0.0,0.0,0
0000296_01001_d_0000040.jpg,10,25,15.81,0.0,0.0,0
0000296_01001_d_0000040.jpg,7,25,13.23,0.0,0.0,0
0000296_01001_d_0000040.jpg,11,24,16.25,0.0,0.0,0
0000296_01001_d_0000040.jpg,7,19,11.53,0.0,0.0,0
0000296_01001_d_0000040.jpg,3,9,5.2,0.0,0.0,0
0000296_01001_d_0000040.jpg,3,8,4.9,0.0,0.0,0
0000296_01001_d_0000040.jpg,3,10,5.48,0.0,0.0,0
0000296_01001_d_0000040.jpg,8,22,13.27,0.0,0.0,0
0000296_01001_d_0000040.jpg,7,19,11.53,0.0,0.0,0
0000296_01001_d_0000040.jpg,8,22,13.27,0.0,0.0,0
0000296_01001_d_0000040.jpg,6,23,11.75,0.0,0.0,0
0000296_01001_d_0000040.jpg,11,17,13.67,0.0,0.0,0
0000296_01001_d_0000040.jpg,8,20,12.65,0.0,0.0,0
0000296_01001_d_0000040.jpg,7,22,12.41,0.0,0.0,0
0000296_01001_d_0000040.jpg,7,25,13.23,0.0,0.0,0
0000296_01001_d_0000040.jpg,8,30,15.49,0.0,0.0,0
0000296_01001_d_0000040.jpg,9,27,15.59,0.0,0.0,0
0000296_01001_d_0000040.jpg,17,41,26.4,0.9556,0.5116,1
0000296_01001_d_0000040.jpg,21,40,28.98,0.822,0.6133,1
0000296_01001_d_0000040.jpg,16,24,19.6,0.0,0.0,0
0000300_03201_d_0000154.jpg,8,18,12.0,0.0,0.0,0
0000300_03201_d_0000154.jpg,6,18,10.39,0.0,0.0,0
0000300_03201_d_0000154.jpg,6,11,8.12,0.0,0.0,0
0000300_03201_d_0000154.jpg,17,34,24.04,0.7423,0.4682,1
0000300_03201_d_0000154.jpg,10,25,15.81,0.8381,0.503,1
0000300_03201_d_0000154.jpg,18,39,26.5,0.9149,0.5396,1
0000300_03201_d_0000154.jpg,14,34,21.82,0.8482,0.6211,1
0000300_03201_d_0000154.jpg,15,37,23.56,0.8196,0.2654,1
0000300_03201_d_0000154.jpg,29,32,30.46,0.3895,0.1506,0
0000300_03201_d_0000154.jpg,20,30,24.49,0.0,0.0,0
0000300_03201_d_0000154.jpg,18,28,22.45,0.8152,0.2142,1
0000300_03201_d_0000154.jpg,18,31,23.62,0.5598,0.1805,1
0000300_03201_d_0000154.jpg,23,26,24.45,0.0,0.0,0
0000300_03201_d_0000154.jpg,16,25,20.0,0.0,0.0,0
0000300_03201_d_0000154.jpg,24,29,26.38,0.3281,0.2096,0
0000300_03201_d_0000154.jpg,15,28,20.49,0.5945,0.157,1
0000300_03201_d_0000154.jpg,22,34,27.35,0.2997,0.2542,0
0000300_03201_d_0000154.jpg,18,54,31.18,0.85,0.6147,1
0000300_03201_d_0000154.jpg,22,53,34.15,0.5845,0.5706,1
0000300_03201_d_0000154.jpg,20,50,31.62,0.7146,0.5723,1
0000300_03201_d_0000154.jpg,25,70,41.83,0.8709,0.726,1
0000300_03201_d_0000154.jpg,41,74,55.08,0.8476,0.8038,1
0000300_03201_d_0000154.jpg,33,67,47.02,0.8814,0.4402,1
0000300_03201_d_0000154.jpg,33,70,48.06,0.8295,0.2881,1
0000301_00001_d_0000156.jpg,11,19,14.46,0.0,0.0,0
0000301_00001_d_0000156.jpg,10,24,15.49,0.0,0.0,0
0000301_00001_d_0000156.jpg,15,34,22.58,0.0,0.0,0
0000301_00001_d_0000156.jpg,17,37,25.08,0.7406,0.4505,1
0000301_00001_d_0000156.jpg,18,36,25.46,0.8095,0.7063,1
0000301_00001_d_0000156.jpg,4,12,6.93,0.0,0.0,0
0000301_00001_d_0000156.jpg,6,13,8.83,0.0,0.0,0
0000301_00001_d_0000156.jpg,7,20,11.83,0.0,0.0,0
0000301_00001_d_0000156.jpg,14,28,19.8,0.0057,0.2068,0
0000301_00001_d_0000156.jpg,11,31,18.47,0.4841,0.2531,0
0000301_00001_d_0000156.jpg,10,18,13.42,0.3873,0.2424,0
0000301_00001_d_0000156.jpg,11,29,17.86,0.0,0.0,0
0000301_00001_d_0000156.jpg,19,27,22.65,0.0,0.0,0
0000301_00001_d_0000156.jpg,8,17,11.66,0.0,0.0,0
0000301_00001_d_0000156.jpg,11,14,12.41,0.0,0.0,0
0000301_00001_d_0000156.jpg,13,21,16.52,0.0,0.0,0
0000301_00001_d_0000156.jpg,52,109,75.29,0.4327,0.3568,0
0000301_00001_d_0000156.jpg,14,40,23.66,0.1014,0.3323,0
0000301_00001_d_0000156.jpg,11,20,14.83,0.3327,0.202,0
0000301_00001_d_0000156.jpg,14,35,22.14,0.8117,0.2919,1
0000301_00001_d_0000156.jpg,11,35,19.62,0.6448,0.2941,1
0000301_00001_d_0000156.jpg,13,35,21.33,0.6974,0.2106,1
0000301_00001_d_0000156.jpg,9,26,15.3,0.6978,0.2339,1
0000301_00001_d_0000156.jpg,10,32,17.89,0.0,0.0,0
0000301_00001_d_0000156.jpg,10,33,18.17,0.0,0.0,0
0000301_00001_d_0000156.jpg,9,28,15.87,0.1428,0.189,0
0000301_00001_d_0000156.jpg,11,31,18.47,0.0246,0.169,0
0000301_00001_d_0000156.jpg,10,27,16.43,0.0357,0.264,0
0000301_00001_d_0000156.jpg,7,21,12.12,0.0,0.0,0
0000301_00001_d_0000156.jpg,9,27,15.59,0.0,0.0,0
0000301_00001_d_0000156.jpg,9,29,16.16,0.0,0.0,0
0000301_00001_d_0000156.jpg,21,45,30.74,0.746,0.29,1
0000301_00001_d_0000156.jpg,13,35,21.33,0.683,0.2555,1
0000301_00001_d_0000156.jpg,22,35,27.75,0.5586,0.213,1
0000301_00001_d_0000156.jpg,16,35,23.66,0.3743,0.3367,0
0000301_00001_d_0000156.jpg,14,30,20.49,0.4474,0.176,0
0000301_00001_d_0000156.jpg,20,37,27.2,0.796,0.3082,1
0000301_00001_d_0000156.jpg,12,34,20.2,0.5326,0.3848,1
0000301_00001_d_0000156.jpg,22,58,35.72,0.9041,0.7758,1
0000301_00001_d_0000156.jpg,19,34,25.42,0.7417,0.4343,1
0000301_00001_d_0000156.jpg,17,29,22.2,0.0,0.0,0
0000301_00001_d_0000156.jpg,12,25,17.32,0.0,0.0,0
0000301_00001_d_0000156.jpg,21,37,27.87,0.1203,0.2823,0
0000301_00001_d_0000156.jpg,14,35,22.14,0.1512,0.2456,0
0000301_00001_d_0000156.jpg,20,32,25.3,0.7303,0.3585,1
0000301_00201_d_0000157.jpg,29,61,42.06,0.8207,0.764,1
0000301_00201_d_0000157.jpg,56,71,63.06,0.7382,0.8313,1
0000301_00201_d_0000157.jpg,26,49,35.69,0.7606,0.1983,1
0000301_00201_d_0000157.jpg,36,48,41.57,0.4947,0.6454,0
0000301_00201_d_0000157.jpg,33,52,41.42,0.4195,0.6849,0
0000301_00201_d_0000157.jpg,25,46,33.91,0.7097,0.5521,1
0000301_00201_d_0000157.jpg,17,32,23.32,0.6233,0.6092,1
0000301_00201_d_0000157.jpg,17,32,23.32,0.2709,0.1619,0
0000301_00201_d_0000157.jpg,26,36,30.59,0.6699,0.2027,1
0000301_00201_d_0000157.jpg,31,40,35.21,0.6991,0.3235,1
0000301_00201_d_0000157.jpg,21,47,31.42,0.8915,0.6562,1
0000301_00201_d_0000157.jpg,27,46,35.24,0.8819,0.6717,1
0000301_00201_d_0000157.jpg,19,46,29.56,0.9223,0.8052,1
0000301_00201_d_0000157.jpg,14,19,16.31,0.2888,0.8207,0
0000301_00201_d_0000157.jpg,13,19,15.72,0.4286,0.1702,0
0000301_00201_d_0000157.jpg,7,18,11.22,0.0,0.0,0
0000301_00201_d_0000157.jpg,9,27,15.59,0.8074,0.4458,1
0000301_00201_d_0000157.jpg,8,29,15.23,0.1167,0.4195,0
0000301_00201_d_0000157.jpg,13,35,21.33,0.8095,0.69,1
0000301_00201_d_0000157.jpg,15,40,24.49,0.7493,0.355,1
0000301_00201_d_0000157.jpg,13,35,21.33,0.9051,0.5995,1
0000301_00201_d_0000157.jpg,10,27,16.43,0.0,0.0,0
0000301_00201_d_0000157.jpg,8,26,14.42,0.0,0.0,0
0000301_00201_d_0000157.jpg,8,26,14.42,0.0,0.0,0
0000301_00201_d_0000157.jpg,8,23,13.56,0.0,0.0,0
0000301_00201_d_0000157.jpg,7,28,14.0,0.0,0.0,0
0000301_00201_d_0000157.jpg,11,28,17.55,0.0,0.0,0
0000301_00201_d_0000157.jpg,10,24,15.49,0.0,0.0,0
0000301_00201_d_0000157.jpg,8,22,13.27,0.0,0.0,0
0000301_00201_d_0000157.jpg,9,18,12.73,0.0,0.0,0
0000301_00201_d_0000157.jpg,5,11,7.42,0.0,0.0,0
0000301_00201_d_0000157.jpg,11,27,17.23,0.0,0.0,0
0000301_00201_d_0000157.jpg,11,27,17.23,0.0,0.0,0
0000301_00201_d_0000157.jpg,7,21,12.12,0.0,0.0,0
0000301_00201_d_0000157.jpg,7,32,14.97,0.0,0.0,0
0000301_00201_d_0000157.jpg,12,21,15.87,0.0,0.0,0
0000301_00201_d_0000157.jpg,9,28,15.87,0.3282,0.2648,0
0000301_00201_d_0000157.jpg,13,14,13.49,0.0,0.0,0
0000301_00201_d_0000157.jpg,6,20,10.95,0.0,0.0,0
0000301_00201_d_0000157.jpg,10,12,10.95,0.0,0.0,0
0000301_00201_d_0000157.jpg,13,26,18.38,0.0,0.0,0
0000301_00201_d_0000157.jpg,11,12,11.49,0.0,0.0,0
0000301_00201_d_0000157.jpg,10,14,11.83,0.0,0.0,0
0000301_00201_d_0000157.jpg,10,12,10.95,0.0,0.0,0
0000301_00201_d_0000157.jpg,7,12,9.17,0.0,0.0,0
0000301_00201_d_0000157.jpg,10,13,11.4,0.0,0.0,0
0000301_01001_d_0000161.jpg,7,18,11.22,0.0,0.0,0
0000301_01001_d_0000161.jpg,6,16,9.8,0.1384,0.1539,0
0000301_01001_d_0000161.jpg,6,14,9.17,0.0388,0.1716,0
0000301_01001_d_0000161.jpg,5,14,8.37,0.0,0.0,0
0000301_01001_d_0000161.jpg,8,26,14.42,0.7044,0.2605,1
0000301_01001_d_0000161.jpg,10,33,18.17,0.0,0.0,0
0000301_01001_d_0000161.jpg,9,28,15.87,0.0,0.0,0
0000301_01001_d_0000161.jpg,17,27,21.42,0.0,0.0,0
0000301_01001_d_0000161.jpg,8,30,15.49,0.5589,0.4282,1
0000301_01001_d_0000161.jpg,9,24,14.7,0.0,0.0,0
0000301_01001_d_0000161.jpg,10,30,17.32,0.0,0.0,0
0000301_01001_d_0000161.jpg,15,28,20.49,0.0,0.0,0
0000301_01001_d_0000161.jpg,10,36,18.97,0.0,0.0,0
0000301_01001_d_0000161.jpg,14,38,23.07,0.0,0.0,0
0000301_01001_d_0000161.jpg,14,39,23.37,0.7411,0.4706,1
0000301_01001_d_0000161.jpg,14,48,25.92,0.6408,0.281,1
0000301_01001_d_0000161.jpg,22,29,25.26,0.0,0.0,0
0000301_01001_d_0000161.jpg,18,33,24.37,0.3377,0.6973,0
0000301_01001_d_0000161.jpg,21,48,31.75,0.6632,0.7406,1
0000301_01001_d_0000161.jpg,23,31,26.7,0.0,0.0,0
0000301_01201_d_0000162.jpg,19,64,34.87,0.8227,0.7455,1
0000301_01201_d_0000162.jpg,27,60,40.25,0.8375,0.7034,1
0000301_01201_d_0000162.jpg,20,28,23.66,0.0,0.0,0
0000301_01201_d_0000162.jpg,16,25,20.0,0.632,0.2151,1
0000301_01201_d_0000162.jpg,13,42,23.37,0.7586,0.2604,1
0000301_01201_d_0000162.jpg,13,37,21.93,0.7619,0.6314,1
0000301_01201_d_0000162.jpg,14,20,16.73,0.0,0.0,0
0000301_01201_d_0000162.jpg,12,23,16.61,0.0,0.0,0
0000301_01201_d_0000162.jpg,11,23,15.91,0.0,0.0,0
0000301_01201_d_0000162.jpg,13,24,17.66,0.0,0.0,0
0000301_01201_d_0000162.jpg,11,28,17.55,0.6936,0.3127,1
0000301_01201_d_0000162.jpg,8,25,14.14,0.0,0.0,0
0000301_01201_d_0000162.jpg,8,27,14.7,0.0,0.0,0
0000301_01201_d_0000162.jpg,15,28,20.49,0.0,0.0,0
0000301_01201_d_0000162.jpg,14,30,20.49,0.0,0.0,0
0000301_01201_d_0000162.jpg,14,29,20.15,0.0,0.0,0
0000301_01201_d_0000162.jpg,10,22,14.83,0.0,0.0,0
0000301_01201_d_0000162.jpg,8,23,13.56,0.0,0.0,0
0000301_01201_d_0000162.jpg,15,41,24.8,0.8341,0.3824,1
0000301_01201_d_0000162.jpg,17,45,27.66,0.9333,0.4324,1
0000301_01201_d_0000162.jpg,8,19,12.33,0.0,0.0,0
0000301_01201_d_0000162.jpg,6,18,10.39,0.0,0.0,0
0000301_01201_d_0000162.jpg,5,17,9.22,0.0,0.0,0
0000301_01201_d_0000162.jpg,5,10,7.07,0.0,0.0,0
0000303_03401_d_0000200.jpg,14,24,18.33,0.5599,0.2447,1
0000303_03401_d_0000200.jpg,10,25,15.81,0.0,0.0,0
0000303_03401_d_0000200.jpg,12,25,17.32,0.624,0.219,1
0000303_03401_d_0000200.jpg,11,24,16.25,0.667,0.1703,1
0000303_03401_d_0000200.jpg,8,18,12.0,0.0,0.0,0
0000303_03401_d_0000200.jpg,9,17,12.37,0.0668,0.2142,0
0000303_03401_d_0000200.jpg,12,15,13.42,0.0,0.0,0
0000303_03401_d_0000200.jpg,9,15,11.62,0.0,0.0,0
0000303_03401_d_0000200.jpg,10,23,15.17,0.0,0.0,0
0000303_03401_d_0000200.jpg,11,19,14.46,0.7494,0.4203,1
0000303_03401_d_0000200.jpg,9,18,12.73,0.5842,0.4061,1
0000303_03401_d_0000200.jpg,10,17,13.04,0.0,0.0,0
0000303_03401_d_0000200.jpg,11,15,12.85,0.0,0.0,0
0000303_03401_d_0000200.jpg,9,22,14.07,0.0,0.0,0
0000303_03401_d_0000200.jpg,10,18,13.42,0.0,0.0,0
0000303_03401_d_0000200.jpg,8,19,12.33,0.0,0.0,0
0000303_03401_d_0000200.jpg,8,17,11.66,0.0,0.0,0
0000303_03401_d_0000200.jpg,7,17,10.91,0.0,0.0,0
0000303_03401_d_0000200.jpg,7,19,11.53,0.0,0.0,0
0000303_03401_d_0000200.jpg,7,19,11.53,0.0,0.0,0
0000303_03401_d_0000200.jpg,7,16,10.58,0.0,0.0,0
0000303_03401_d_0000200.jpg,7,18,11.22,0.0,0.0,0
0000303_03401_d_0000200.jpg,6,21,11.22,0.0,0.0,0
0000303_03401_d_0000200.jpg,6,19,10.68,0.0,0.0,0
0000303_03401_d_0000200.jpg,9,13,10.82,0.4976,0.5049,0
0000303_03401_d_0000200.jpg,8,13,10.2,0.0,0.0,0
0000303_03401_d_0000200.jpg,6,19,10.68,0.0,0.0,0
0000303_03401_d_0000200.jpg,10,21,14.49,0.0,0.0,0
0000303_03401_d_0000200.jpg,7,16,10.58,0.0,0.0,0
0000303_03401_d_0000200.jpg,7,18,11.22,0.0,0.0,0
0000303_03401_d_0000200.jpg,9,24,14.7,0.0,0.0,0
0000303_03401_d_0000200.jpg,11,13,11.96,0.0,0.0,0
0000303_03401_d_0000200.jpg,13,24,17.66,0.0,0.0,0
0000303_03401_d_0000200.jpg,11,20,14.83,0.0,0.0,0
0000303_03401_d_0000200.jpg,12,19,15.1,0.0,0.0,0
0000308_04401_d_0000327.jpg,14,30,20.49,0.0,0.0,0
0000308_04401_d_0000327.jpg,12,26,17.66,0.0,0.0,0
0000308_04401_d_0000327.jpg,55,48,51.38,0.9454,0.2624,1
0000308_04401_d_0000327.jpg,19,33,25.04,0.7115,0.1834,1
0000308_04401_d_0000327.jpg,15,32,21.91,0.6629,0.3661,1
0000308_04401_d_0000327.jpg,12,33,19.9,0.0,0.0,0
0000308_04401_d_0000327.jpg,13,34,21.02,0.7312,0.2207,1
0000308_04401_d_0000327.jpg,14,33,21.49,0.2593,0.2292,0
0000308_04401_d_0000327.jpg,13,30,19.75,0.6403,0.2236,1
0000308_04401_d_0000327.jpg,10,35,18.71,0.0,0.0,0
0000308_04401_d_0000327.jpg,13,30,19.75,0.0,0.0,0
0000308_04401_d_0000327.jpg,12,33,19.9,0.6295,0.6732,1
0000308_04401_d_0000327.jpg,13,33,20.71,0.5139,0.6854,1
0000308_04401_d_0000327.jpg,14,32,21.17,0.7316,0.6976,1
0000308_04401_d_0000327.jpg,20,42,28.98,0.7786,0.5569,1
0000308_04401_d_0000327.jpg,12,24,16.97,0.505,0.4601,1
0000308_04401_d_0000327.jpg,10,21,14.49,0.3847,0.3307,0
0000308_04401_d_0000327.jpg,27,48,36.0,0.7595,0.5623,1
0000308_04401_d_0000327.jpg,26,38,31.43,0.8564,0.3686,1
0000308_04401_d_0000327.jpg,28,62,41.67,0.6181,0.509,1
0000308_04401_d_0000327.jpg,24,66,39.8,0.7036,0.5353,1
0000308_04401_d_0000327.jpg,19,41,27.91,0.9362,0.1862,1
0000308_04401_d_0000327.jpg,23,50,33.91,0.8514,0.8447,1
0000308_04401_d_0000327.jpg,22,50,33.17,0.857,0.8002,1
0000308_04401_d_0000327.jpg,18,40,26.83,0.5346,0.5429,1
0000308_04401_d_0000327.jpg,19,39,27.22,0.8472,0.5329,1
0000308_04401_d_0000327.jpg,19,22,20.45,0.7412,0.3633,1
0000308_04401_d_0000327.jpg,23,39,29.95,0.8543,0.7154,1
0000308_04401_d_0000327.jpg,13,41,23.09,0.4939,0.566,0
0000308_04401_d_0000327.jpg,9,27,15.59,0.0,0.0,0
0000308_04401_d_0000327.jpg,9,20,13.42,0.0,0.0,0
0000308_04401_d_0000327.jpg,9,20,13.42,0.0,0.0,0
0000308_04401_d_0000327.jpg,14,23,17.94,0.632,0.4801,1
0000308_04401_d_0000327.jpg,12,20,15.49,0.0,0.0,0
0000308_04401_d_0000327.jpg,12,24,16.97,0.0,0.0,0
0000308_04401_d_0000327.jpg,10,21,14.49,0.0,0.0,0
0000308_04401_d_0000327.jpg,9,25,15.0,0.5027,0.2658,1
0000308_04401_d_0000327.jpg,11,23,15.91,0.0,0.0,0
0000308_04401_d_0000327.jpg,7,21,12.12,0.0,0.0,0
0000308_04401_d_0000327.jpg,10,18,13.42,0.0,0.0,0
0000308_04401_d_0000327.jpg,7,13,9.54,0.0,0.0,0
0000308_04401_d_0000327.jpg,6,16,9.8,0.0,0.0,0
0000308_04401_d_0000327.jpg,6,19,10.68,0.0,0.0,0
0000308_04401_d_0000327.jpg,7,13,9.54,0.0,0.0,0
0000308_04401_d_0000327.jpg,7,12,9.17,0.0,0.0,0
0000308_04401_d_0000327.jpg,7,15,10.25,0.0,0.0,0
0000308_04401_d_0000327.jpg,7,13,9.54,0.0,0.0,0
0000312_00001_d_0000414.jpg,20,50,31.62,0.7047,0.5172,1
0000312_00001_d_0000414.jpg,24,55,36.33,0.7402,0.7457,1
0000312_00001_d_0000414.jpg,21,48,31.75,0.9199,0.6528,1
0000312_00001_d_0000414.jpg,15,40,24.49,0.8608,0.6818,1
0000312_00001_d_0000414.jpg,22,31,26.12,0.0,0.0,0
0000312_00001_d_0000414.jpg,13,34,21.02,0.0,0.0,0
0000312_00001_d_0000414.jpg,15,25,19.36,0.5917,0.221,1
0000312_00001_d_0000414.jpg,17,26,21.02,0.0,0.0,0
0000312_00001_d_0000414.jpg,15,40,24.49,0.0,0.0,0
0000312_00001_d_0000414.jpg,17,37,25.08,0.0,0.0,0
0000312_00001_d_0000414.jpg,8,17,11.66,0.0,0.0,0
0000312_00001_d_0000414.jpg,9,26,15.3,0.0,0.0,0
0000312_00001_d_0000414.jpg,11,29,17.86,0.8174,0.3315,1
0000312_00001_d_0000414.jpg,13,29,19.42,0.8198,0.5284,1
0000312_00001_d_0000414.jpg,11,20,14.83,0.8159,0.294,1
0000312_00001_d_0000414.jpg,13,26,18.38,0.0,0.0,0
0000312_00001_d_0000414.jpg,10,26,16.12,0.6321,0.4257,1
0000312_00001_d_0000414.jpg,12,40,21.91,0.0,0.0,0
0000312_00001_d_0000414.jpg,12,26,17.66,0.82,0.5772,1
0000312_00001_d_0000414.jpg,13,30,19.75,0.6446,0.5059,1
0000312_00001_d_0000414.jpg,13,17,14.87,0.0,0.0,0
0000312_00001_d_0000414.jpg,13,30,19.75,0.7294,0.4059,1
0000312_00001_d_0000414.jpg,10,20,14.14,0.0,0.0,0
0000312_00001_d_0000414.jpg,8,22,13.27,0.0,0.0,0
0000312_00001_d_0000414.jpg,10,17,13.04,0.0,0.0,0
0000312_00001_d_0000414.jpg,9,23,14.39,0.4581,0.2088,0
0000312_00001_d_0000414.jpg,9,23,14.39,0.6763,0.2543,1
0000312_00001_d_0000414.jpg,7,23,12.69,0.7619,0.2373,1
0000312_00001_d_0000414.jpg,6,23,11.75,0.7068,0.3103,1
0000312_00001_d_0000414.jpg,7,24,12.96,0.7277,0.3739,1
0000312_00001_d_0000414.jpg,11,23,15.91,0.0,0.0,0
0000312_00001_d_0000414.jpg,8,22,13.27,0.0,0.0,0
0000312_00001_d_0000414.jpg,9,18,12.73,0.5658,0.1772,1
0000312_00201_d_0000415.jpg,9,17,12.37,0.0,0.0,0
0000312_00201_d_0000415.jpg,7,22,12.41,0.6261,0.2035,1
0000312_00201_d_0000415.jpg,11,28,17.55,0.5506,0.5877,1
0000312_00201_d_0000415.jpg,8,26,14.42,0.5327,0.3503,1
0000312_00201_d_0000415.jpg,13,15,13.96,0.0,0.0,0
0000312_00201_d_0000415.jpg,14,34,21.82,0.7778,0.5304,1
0000312_00201_d_0000415.jpg,14,19,16.31,0.0,0.0,0
0000312_00201_d_0000415.jpg,12,33,19.9,0.8327,0.6774,1
0000312_00201_d_0000415.jpg,12,28,18.33,0.5041,0.5604,1
0000312_00201_d_0000415.jpg,11,32,18.76,0.7849,0.4149,1
0000312_00201_d_0000415.jpg,22,43,30.76,0.8398,0.5936,1
0000312_00201_d_0000415.jpg,11,33,19.05,0.7786,0.5496,1
0000312_00201_d_0000415.jpg,14,30,20.49,0.8972,0.196,1
0000312_00201_d_0000415.jpg,10,18,13.42,0.4294,0.2423,0
0000312_00201_d_0000415.jpg,16,31,22.27,0.7014,0.3082,1
0000312_00201_d_0000415.jpg,21,30,25.1,0.0,0.0,0
0000312_00201_d_0000415.jpg,10,23,15.17,0.0,0.0,0
0000312_00201_d_0000415.jpg,29,28,28.5,0.0,0.0,0
0000312_00201_d_0000415.jpg,13,21,16.52,0.0,0.0,0
0000312_00201_d_0000415.jpg,10,26,16.12,0.5827,0.24,1
0000312_00201_d_0000415.jpg,10,31,17.61,0.0,0.0,0
0000312_00201_d_0000415.jpg,16,34,23.32,0.0,0.0,0
0000312_00201_d_0000415.jpg,10,22,14.83,0.0,0.0,0
0000312_00201_d_0000415.jpg,13,31,20.07,0.8795,0.3294,1
0000312_00201_d_0000415.jpg,11,34,19.34,0.8223,0.4871,1
0000312_00201_d_0000415.jpg,14,23,17.94,0.749,0.2961,1
0000312_00201_d_0000415.jpg,10,26,16.12,0.5895,0.2736,1
0000312_00201_d_0000415.jpg,11,28,17.55,0.7586,0.401,1
0000312_00201_d_0000415.jpg,11,26,16.91,0.7511,0.3366,1
0000312_00201_d_0000415.jpg,11,25,16.58,0.6376,0.349,1
0000312_00201_d_0000415.jpg,8,27,14.7,0.7239,0.2492,1
0000312_00201_d_0000415.jpg,12,25,17.32,0.6848,0.3705,1
0000312_00601_d_0000417.jpg,9,17,12.37,0.0,0.0,0
0000312_00601_d_0000417.jpg,7,20,11.83,0.1226,0.1695,0
0000312_00601_d_0000417.jpg,7,17,10.91,0.0,0.0,0
0000312_00601_d_0000417.jpg,9,11,9.95,0.0,0.0,0
0000312_00601_d_0000417.jpg,10,20,14.14,0.0,0.0,0
0000312_00601_d_0000417.jpg,9,14,11.22,0.0,0.0,0
0000312_00601_d_0000417.jpg,10,20,14.14,0.7093,0.2415,1
0000312_00601_d_0000417.jpg,9,21,13.75,0.4913,0.1926,0
0000312_00601_d_0000417.jpg,8,19,12.33,0.0,0.0,0
0000312_00601_d_0000417.jpg,11,27,17.23,0.5549,0.5339,1
0000312_00601_d_0000417.jpg,10,24,15.49,0.4763,0.5687,0
0000312_00601_d_0000417.jpg,16,21,18.33,0.0,0.0,0
0000312_00601_d_0000417.jpg,15,18,16.43,0.8343,0.2357,1
0000312_00601_d_0000417.jpg,18,29,22.85,0.0,0.0,0
0000312_00601_d_0000417.jpg,12,27,18.0,0.6082,0.1819,1
0000312_00601_d_0000417.jpg,12,35,20.49,0.0,0.0,0
0000312_00601_d_0000417.jpg,12,22,16.25,0.0363,0.2638,0
0000312_00601_d_0000417.jpg,16,30,21.91,0.6589,0.3327,1
0000312_00601_d_0000417.jpg,19,35,25.79,0.6596,0.7544,1
0000312_00601_d_0000417.jpg,11,32,18.76,0.7085,0.4971,1
0000312_01001_d_0000419.jpg,13,22,16.91,0.0,0.0,0
0000312_01001_d_0000419.jpg,9,24,14.7,0.0,0.0,0
0000312_01001_d_0000419.jpg,7,21,12.12,0.0,0.0,0
0000312_01001_d_0000419.jpg,11,28,17.55,0.7353,0.4947,1
0000312_01001_d_0000419.jpg,13,20,16.12,0.0,0.0,0
0000312_01001_d_0000419.jpg,10,19,13.78,0.5409,0.1839,1
0000312_01001_d_0000419.jpg,12,22,16.25,0.5815,0.1846,1
0000312_01001_d_0000419.jpg,7,25,13.23,0.4098,0.525,0
0000312_01001_d_0000419.jpg,8,31,15.75,0.5639,0.4903,1
0000312_01001_d_0000419.jpg,14,18,15.87,0.8477,0.3469,1
0000312_01001_d_0000419.jpg,17,43,27.04,0.9396,0.5674,1
0000312_01001_d_0000419.jpg,19,41,27.91,0.7624,0.3698,1
0000312_01001_d_0000419.jpg,17,38,25.42,0.8501,0.5771,1
0000312_01001_d_0000419.jpg,22,35,27.75,0.6811,0.523,1
0000312_01001_d_0000419.jpg,21,29,24.68,0.0,0.0,0
0000312_01001_d_0000419.jpg,16,29,21.54,0.1735,0.2804,0
0000312_01001_d_0000419.jpg,17,32,23.32,0.7937,0.3961,1
0000312_01001_d_0000419.jpg,18,30,23.24,0.7278,0.5003,1
0000312_01001_d_0000419.jpg,14,29,20.15,0.3355,0.4301,0
0000312_01001_d_0000419.jpg,17,32,23.32,0.0421,0.1891,0
0000312_01001_d_0000419.jpg,17,36,24.74,0.0,0.0,0
0000312_01001_d_0000419.jpg,17,37,25.08,0.6649,0.7939,1
0000312_01001_d_0000419.jpg,22,37,28.53,0.1895,0.2599,0
0000312_01001_d_0000419.jpg,28,37,32.19,0.7667,0.1579,1
0000312_01001_d_0000419.jpg,37,59,46.72,0.0,0.0,0
0000312_01201_d_0000420.jpg,12,36,20.78,0.8025,0.7931,1
0000312_01201_d_0000420.jpg,13,42,23.37,0.8062,0.6722,1
0000312_01201_d_0000420.jpg,16,35,23.66,0.4888,0.4974,0
0000312_01201_d_0000420.jpg,13,27,18.73,0.6872,0.4021,1
0000312_01201_d_0000420.jpg,18,36,25.46,0.5807,0.5465,1
0000312_01201_d_0000420.jpg,16,48,27.71,0.6776,0.2465,1
0000312_01201_d_0000420.jpg,20,50,31.62,0.1479,0.2016,0
0000312_01201_d_0000420.jpg,20,46,30.33,0.8062,0.5097,1
0000312_01201_d_0000420.jpg,20,35,26.46,0.5547,0.3291,1
0000312_01201_d_0000420.jpg,18,40,26.83,0.7062,0.3214,1
0000312_01201_d_0000420.jpg,19,37,26.51,0.0,0.0,0
0000312_01201_d_0000420.jpg,21,34,26.72,0.8834,0.1844,1
0000312_01201_d_0000420.jpg,14,22,17.55,0.0849,0.2982,0
0000312_01201_d_0000420.jpg,11,27,17.23,0.603,0.1582,1
0000312_01201_d_0000420.jpg,20,39,27.93,0.0329,0.2572,0
0000312_01201_d_0000420.jpg,18,35,25.1,0.5566,0.276,1
0000312_01201_d_0000420.jpg,18,22,19.9,0.6214,0.1773,1
0000312_01201_d_0000420.jpg,13,21,16.52,0.0,0.0,0
0000312_01201_d_0000420.jpg,15,21,17.75,0.6267,0.2673,1
0000312_01201_d_0000420.jpg,10,33,18.17,0.6149,0.4344,1
0000312_01201_d_0000420.jpg,11,25,16.58,0.8091,0.3245,1
0000312_01201_d_0000420.jpg,20,45,30.0,0.6861,0.3151,1
0000312_01201_d_0000420.jpg,27,40,32.86,0.7376,0.201,1
0000312_01201_d_0000420.jpg,26,47,34.96,0.0,0.0,0
0000312_01201_d_0000420.jpg,19,40,27.57,0.8656,0.6755,1
0000312_01201_d_0000420.jpg,14,25,18.71,0.681,0.2371,1
0000312_02201_d_0000425.jpg,25,42,32.4,0.8473,0.3024,1
0000312_02201_d_0000425.jpg,16,33,22.98,0.3141,0.4041,0
0000312_02201_d_0000425.jpg,27,37,31.61,0.7182,0.2561,1
0000312_02201_d_0000425.jpg,15,20,17.32,0.928,0.1791,1
0000312_02201_d_0000425.jpg,11,28,17.55,0.6979,0.649,1
0000312_02201_d_0000425.jpg,11,17,13.67,0.6548,0.424,1
0000312_02201_d_0000425.jpg,14,19,16.31,0.6076,0.5096,1
0000312_02201_d_0000425.jpg,9,23,14.39,0.4844,0.4057,0
0000312_02201_d_0000425.jpg,9,19,13.08,0.5391,0.1599,1
0000312_02201_d_0000425.jpg,9,23,14.39,0.0,0.0,0
0000312_02201_d_0000425.jpg,9,17,12.37,0.0,0.0,0
0000312_02201_d_0000425.jpg,5,13,8.06,0.0,0.0,0
0000312_02201_d_0000425.jpg,5,16,8.94,0.288,0.3838,0
0000312_02201_d_0000425.jpg,6,15,9.49,0.1549,0.1781,0
0000312_02201_d_0000425.jpg,4,16,8.0,0.0,0.0,0
0000312_02201_d_0000425.jpg,6,16,9.8,0.0,0.0,0
0000312_02201_d_0000425.jpg,5,17,9.22,0.0,0.0,0
0000312_02201_d_0000425.jpg,7,18,11.22,0.5091,0.1849,1
0000312_02201_d_0000425.jpg,7,17,10.91,0.7859,0.1734,1
0000312_02201_d_0000425.jpg,6,16,9.8,0.1549,0.3445,0
0000312_02201_d_0000425.jpg,6,22,11.49,0.0,0.0,0
0000312_02201_d_0000425.jpg,7,19,11.53,0.0,0.0,0
0000312_02201_d_0000425.jpg,18,39,26.5,0.8328,0.6402,1
0000312_02201_d_0000425.jpg,27,39,32.45,0.7775,0.7247,1
0000312_02201_d_0000425.jpg,16,22,18.76,0.2249,0.7186,0
0000312_02201_d_0000425.jpg,14,32,21.17,0.7119,0.6014,1
0000312_02201_d_0000425.jpg,15,30,21.21,0.9183,0.6373,1
0000312_02201_d_0000425.jpg,12,30,18.97,0.8521,0.3502,1
0000312_02401_d_0000426.jpg,19,52,31.43,0.9279,0.6438,1
0000312_02401_d_0000426.jpg,24,39,30.59,0.6481,0.4548,1
0000312_02401_d_0000426.jpg,28,41,33.88,0.8013,0.357,1
0000312_02401_d_0000426.jpg,38,29,33.2,0.0,0.0,0
0000312_02401_d_0000426.jpg,16,34,23.32,0.0,0.0,0
0000312_02401_d_0000426.jpg,15,32,21.91,0.0,0.0,0
0000312_02401_d_0000426.jpg,21,31,25.51,0.0,0.0,0
0000312_02401_d_0000426.jpg,16,21,18.33,0.8192,0.1907,1
0000312_02401_d_0000426.jpg,16,28,21.17,0.0,0.0,0
0000312_02401_d_0000426.jpg,11,17,13.67,0.0,0.0,0
0000312_02401_d_0000426.jpg,13,8,10.2,0.0,0.0,0
0000312_02401_d_0000426.jpg,10,25,15.81,0.0,0.0,0
0000312_02401_d_0000426.jpg,14,18,15.87,0.6834,0.5528,1
0000312_02401_d_0000426.jpg,11,29,17.86,0.8953,0.7247,1
0000312_02401_d_0000426.jpg,7,18,11.22,0.0,0.0,0
0000312_02401_d_0000426.jpg,14,29,20.15,0.0,0.0,0
0000312_02401_d_0000426.jpg,16,30,21.91,0.0,0.0,0
0000312_02401_d_0000426.jpg,16,28,21.17,0.8014,0.2335,1
0000312_02401_d_0000426.jpg,11,28,17.55,0.4912,0.3003,0
0000312_02401_d_0000426.jpg,6,13,8.83,0.3161,0.2011,0
0000312_02401_d_0000426.jpg,9,28,15.87,0.8147,0.6776,1
0000312_02401_d_0000426.jpg,10,24,15.49,0.5941,0.2443,1
0000312_02401_d_0000426.jpg,9,26,15.3,0.8768,0.4196,1
0000312_02401_d_0000426.jpg,10,16,12.65,0.7317,0.2967,1
0000312_02401_d_0000426.jpg,8,19,12.33,0.0,0.0,0
0000312_04201_d_0000435.jpg,24,29,26.38,0.687,0.244,1
0000312_04201_d_0000435.jpg,20,21,20.49,0.3625,0.5051,0
0000312_04201_d_0000435.jpg,28,28,28.0,0.6733,0.4742,1
0000312_04201_d_0000435.jpg,24,22,22.98,0.0,0.0,0
0000312_04201_d_0000435.jpg,24,21,22.45,0.0,0.0,0
0000312_04201_d_0000435.jpg,17,22,19.34,0.0,0.0,0
0000312_04201_d_0000435.jpg,19,22,20.45,0.5703,0.2401,1
0000312_04201_d_0000435.jpg,18,26,21.63,0.891,0.5129,1
0000312_04201_d_0000435.jpg,23,23,23.0,0.0,0.0,0
0000312_04201_d_0000435.jpg,22,24,22.98,0.0,0.0,0
0000312_04201_d_0000435.jpg,25,21,22.91,0.0,0.0,0
0000312_04201_d_0000435.jpg,26,25,25.5,0.0,0.0,0
0000312_04201_d_0000435.jpg,20,20,20.0,0.0,0.0,0
0000312_04201_d_0000435.jpg,17,18,17.49,0.0,0.0,0
0000312_04201_d_0000435.jpg,16,22,18.76,0.6342,0.2916,1
0000312_04201_d_0000435.jpg,13,28,19.08,0.741,0.3872,1
0000312_04201_d_0000435.jpg,16,18,16.97,0.0,0.0,0
0000312_04201_d_0000435.jpg,6,21,11.22,0.6586,0.1984,1
0000312_04201_d_0000435.jpg,14,27,19.44,0.8603,0.297,1
0000312_04201_d_0000435.jpg,12,28,18.33,0.7069,0.3272,1
0000312_04201_d_0000435.jpg,16,20,17.89,0.5925,0.19,1
0000312_04201_d_0000435.jpg,7,8,7.48,0.0,0.0,0
0000312_04201_d_0000435.jpg,7,17,10.91,0.0,0.0,0
0000312_04201_d_0000435.jpg,12,24,16.97,0.0,0.0,0
0000312_04201_d_0000435.jpg,12,21,15.87,0.0,0.0,0
0000312_04201_d_0000435.jpg,7,14,9.9,0.0,0.0,0
0000312_04201_d_0000435.jpg,15,18,16.43,0.0,0.0,0
0000312_04201_d_0000435.jpg,16,27,20.78,0.8684,0.25,1
0000312_04201_d_0000435.jpg,21,31,25.51,0.9049,0.1665,1
0000312_04201_d_0000435.jpg,24,28,25.92,0.0766,0.1653,0
0000312_04201_d_0000435.jpg,21,27,23.81,0.0,0.0,0
0000312_04201_d_0000435.jpg,22,29,25.26,0.0,0.0,0
0000312_04201_d_0000435.jpg,17,29,22.2,0.0,0.0,0
0000312_04201_d_0000435.jpg,17,31,22.96,0.0,0.0,0
0000313_06401_d_0000468.jpg,7,18,11.22,0.0,0.0,0
0000313_06401_d_0000468.jpg,5,14,8.37,0.0,0.0,0
0000313_06401_d_0000468.jpg,4,8,5.66,0.0,0.0,0
0000313_06401_d_0000468.jpg,4,8,5.66,0.0,0.0,0
0000313_06401_d_0000468.jpg,8,16,11.31,0.0,0.0,0
0000313_06401_d_0000468.jpg,9,21,13.75,0.8257,0.4719,1
0000313_06401_d_0000468.jpg,9,22,14.07,0.0,0.0,0
0000313_06401_d_0000468.jpg,6,17,10.1,0.2381,0.1997,0
0000313_06401_d_0000468.jpg,6,16,9.8,0.0,0.0,0
0000313_06401_d_0000468.jpg,5,15,8.66,0.1554,0.3291,0
0000313_06401_d_0000468.jpg,5,13,8.06,0.1872,0.1968,0
0000313_06401_d_0000468.jpg,5,15,8.66,0.4798,0.1902,0
0000313_06401_d_0000468.jpg,7,10,8.37,0.0,0.0,0
0000313_06401_d_0000468.jpg,8,14,10.58,0.0,0.0,0
0000313_06401_d_0000468.jpg,5,13,8.06,0.0,0.0,0
0000313_06401_d_0000468.jpg,3,9,5.2,0.0,0.0,0
0000313_06401_d_0000468.jpg,2,7,3.74,0.0,0.0,0
0000313_06401_d_0000468.jpg,3,6,4.24,0.0,0.0,0
0000313_06401_d_0000468.jpg,3,8,4.9,0.0,0.0,0
0000313_06401_d_0000468.jpg,4,9,6.0,0.0,0.0,0
0000313_06401_d_0000468.jpg,3,5,3.87,0.0,0.0,0
0000313_06601_d_0000469.jpg,3,8,4.9,0.0,0.0,0
0000313_06601_d_0000469.jpg,3,6,4.24,0.0,0.0,0
0000313_06601_d_0000469.jpg,3,7,4.58,0.0,0.0,0
0000313_06601_d_0000469.jpg,3,8,4.9,0.0,0.0,0
0000313_06601_d_0000469.jpg,4,7,5.29,0.0,0.0,0
0000313_06601_d_0000469.jpg,4,7,5.29,0.0,0.0,0
0000313_06601_d_0000469.jpg,4,7,5.29,0.0,0.0,0
0000313_06601_d_0000469.jpg,3,9,5.2,0.0,0.0,0
0000313_06601_d_0000469.jpg,2,3,2.45,0.0,0.0,0
0000313_06601_d_0000469.jpg,4,9,6.0,0.0,0.0,0
0000313_06601_d_0000469.jpg,4,8,5.66,0.0,0.0,0
0000313_06601_d_0000469.jpg,6,13,8.83,0.0,0.0,0
0000313_06601_d_0000469.jpg,5,11,7.42,0.0,0.0,0
0000313_06601_d_0000469.jpg,5,11,7.42,0.0,0.0,0
0000313_06601_d_0000469.jpg,5,9,6.71,0.0,0.0,0
0000313_06601_d_0000469.jpg,5,9,6.71,0.0,0.0,0
0000313_06601_d_0000469.jpg,4,10,6.32,0.0,0.0,0
0000313_06601_d_0000469.jpg,4,11,6.63,0.0,0.0,0
0000313_06601_d_0000469.jpg,5,13,8.06,0.0,0.0,0
0000313_06601_d_0000469.jpg,4,10,6.32,0.0,0.0,0
0000313_06601_d_0000469.jpg,4,10,6.32,0.0,0.0,0
0000313_06601_d_0000469.jpg,5,14,8.37,0.0,0.0,0
0000313_06601_d_0000469.jpg,11,24,16.25,0.6159,0.3112,1
0000313_06601_d_0000469.jpg,12,22,16.25,0.0,0.0,0
0000313_06601_d_0000469.jpg,9,10,9.49,0.0,0.0,0
0000313_06601_d_0000469.jpg,8,21,12.96,0.0,0.0,0
0000313_06601_d_0000469.jpg,5,17,9.22,0.0,0.0,0
0000313_06601_d_0000469.jpg,5,10,7.07,0.0,0.0,0
0000313_06601_d_0000469.jpg,4,12,6.93,0.0,0.0,0
0000313_06601_d_0000469.jpg,7,14,9.9,0.0,0.0,0
0000313_06601_d_0000469.jpg,7,12,9.17,0.0,0.0,0
0000313_06601_d_0000469.jpg,6,16,9.8,0.0,0.0,0
0000313_06601_d_0000469.jpg,8,17,11.66,0.0,0.0,0
0000313_06601_d_0000469.jpg,7,16,10.58,0.0,0.0,0
0000313_06601_d_0000469.jpg,6,14,9.17,0.0,0.0,0
0000313_06601_d_0000469.jpg,8,21,12.96,0.0,0.0,0
0000313_06601_d_0000469.jpg,7,20,11.83,0.0,0.0,0
0000313_06601_d_0000469.jpg,8,21,12.96,0.0,0.0,0
0000313_06601_d_0000469.jpg,8,21,12.96,0.0,0.0,0
0000313_06601_d_0000469.jpg,8,20,12.65,0.0,0.0,0
0000315_01601_d_0000509.jpg,31,34,32.47,0.5127,0.3814,1
0000315_01601_d_0000509.jpg,22,43,30.76,0.7926,0.5188,1
0000315_01601_d_0000509.jpg,14,38,23.07,0.7705,0.4386,1
0000315_01601_d_0000509.jpg,20,32,25.3,0.5657,0.3313,1
0000315_01601_d_0000509.jpg,12,34,20.2,0.8059,0.6486,1
0000315_01601_d_0000509.jpg,19,29,23.47,0.3894,0.2929,0
0000315_01601_d_0000509.jpg,12,31,19.29,0.0,0.0,0
0000315_01601_d_0000509.jpg,8,24,13.86,0.0,0.0,0
0000315_01601_d_0000509.jpg,10,24,15.49,0.8694,0.3091,1
0000315_01601_d_0000509.jpg,6,16,9.8,0.0,0.0,0
0000315_01601_d_0000509.jpg,5,14,8.37,0.0,0.0,0
0000315_01601_d_0000509.jpg,4,13,7.21,0.0,0.0,0
0000315_01601_d_0000509.jpg,12,28,18.33,0.7806,0.59,1
0000315_01601_d_0000509.jpg,12,30,18.97,0.0,0.0,0
0000315_01601_d_0000509.jpg,25,25,25.0,0.0,0.0,0
0000315_01601_d_0000509.jpg,7,17,10.91,0.0,0.0,0
0000315_01601_d_0000509.jpg,12,15,13.42,0.0,0.0,0
0000315_01601_d_0000509.jpg,11,18,14.07,0.0,0.0,0
0000315_01601_d_0000509.jpg,8,16,11.31,0.0,0.0,0
0000315_01601_d_0000509.jpg,4,11,6.63,0.0,0.0,0
0000315_01601_d_0000509.jpg,3,11,5.74,0.0,0.0,0
0000315_01601_d_0000509.jpg,6,10,7.75,0.0,0.0,0
0000315_01601_d_0000509.jpg,5,9,6.71,0.0,0.0,0
0000315_01601_d_0000509.jpg,4,9,6.0,0.0,0.0,0
0000315_01601_d_0000509.jpg,6,16,9.8,0.0,0.0,0
0000315_01601_d_0000509.jpg,8,21,12.96,0.0,0.0,0
0000315_01601_d_0000509.jpg,9,19,13.08,0.4282,0.1531,0
0000315_01601_d_0000509.jpg,6,14,9.17,0.0,0.0,0
0000315_01601_d_0000509.jpg,9,23,14.39,0.0,0.0,0
0000315_01601_d_0000509.jpg,7,20,11.83,0.0,0.0,0
0000315_01601_d_0000509.jpg,7,20,11.83,0.0,0.0,0
0000315_01601_d_0000509.jpg,7,19,11.53,0.0,0.0,0
0000315_01601_d_0000509.jpg,13,25,18.03,0.0,0.0,0
0000315_01601_d_0000509.jpg,9,23,14.39,0.0,0.0,0
0000315_01601_d_0000509.jpg,9,20,13.42,0.0,0.0,0
0000315_01601_d_0000509.jpg,8,18,12.0,0.0,0.0,0
0000315_01601_d_0000509.jpg,6,18,10.39,0.0,0.0,0
0000315_01601_d_0000509.jpg,8,18,12.0,0.0,0.0,0
0000316_00001_d_0000519.jpg,19,29,23.47,0.8465,0.5719,1
0000316_00001_d_0000519.jpg,19,35,25.79,0.6752,0.2289,1
0000316_00001_d_0000519.jpg,25,42,32.4,0.5247,0.3396,1
0000316_00001_d_0000519.jpg,23,34,27.96,0.9328,0.2627,1
0000316_00001_d_0000519.jpg,11,28,17.55,0.0,0.0,0
0000316_00001_d_0000519.jpg,6,13,8.83,0.0,0.0,0
0000316_00001_d_0000519.jpg,8,15,10.95,0.0,0.0,0
0000316_00001_d_0000519.jpg,7,18,11.22,0.0,0.0,0
0000316_00001_d_0000519.jpg,6,16,9.8,0.0,0.0,0
0000316_00001_d_0000519.jpg,20,45,30.0,0.896,0.6808,1
0000316_00001_d_0000519.jpg,16,41,25.61,0.8913,0.6528,1
0000316_00001_d_0000519.jpg,19,33,25.04,0.0,0.0,0
0000316_00001_d_0000519.jpg,7,29,14.25,0.6636,0.2906,1
0000316_00001_d_0000519.jpg,9,29,16.16,0.3619,0.2585,0
0000316_00001_d_0000519.jpg,7,22,12.41,0.0,0.0,0
0000316_00001_d_0000519.jpg,8,21,12.96,0.0,0.0,0
0000316_00001_d_0000519.jpg,5,14,8.37,0.0,0.0,0
0000316_00001_d_0000519.jpg,5,17,9.22,0.0,0.0,0
0000316_00001_d_0000519.jpg,6,14,9.17,0.0,0.0,0
0000316_00001_d_0000519.jpg,3,9,5.2,0.0,0.0,0
0000316_00001_d_0000519.jpg,5,10,7.07,0.0,0.0,0
0000316_00001_d_0000519.jpg,4,8,5.66,0.0,0.0,0
0000316_00201_d_0000520.jpg,12,39,21.63,0.7853,0.635,1
0000316_00201_d_0000520.jpg,16,24,19.6,0.0,0.0,0
0000316_00201_d_0000520.jpg,11,21,15.2,0.0,0.0,0
0000316_00201_d_0000520.jpg,21,42,29.7,0.5798,0.5705,1
0000316_00201_d_0000520.jpg,9,20,13.42,0.8573,0.4072,1
0000316_00201_d_0000520.jpg,9,19,13.08,0.683,0.2102,1
0000316_00201_d_0000520.jpg,5,11,7.42,0.0,0.0,0
0000316_00201_d_0000520.jpg,5,6,5.48,0.0,0.0,0
0000316_00201_d_0000520.jpg,8,16,11.31,0.0,0.0,0
0000316_00201_d_0000520.jpg,5,12,7.75,0.0,0.0,0
0000316_00201_d_0000520.jpg,8,25,14.14,0.6922,0.1622,1
0000316_00201_d_0000520.jpg,9,19,13.08,0.0,0.0,0
0000316_00201_d_0000520.jpg,7,16,10.58,0.0,0.0,0
0000316_00201_d_0000520.jpg,11,27,17.23,0.0,0.0,0
0000316_00201_d_0000520.jpg,9,39,18.73,0.4902,0.5704,0
0000316_00201_d_0000520.jpg,9,39,18.73,0.5251,0.6664,1
0000316_00401_d_0000521.jpg,18,54,31.18,0.0,0.0,0
0000316_00401_d_0000521.jpg,26,53,37.12,0.0,0.0,0
0000316_00401_d_0000521.jpg,15,41,24.8,0.0,0.0,0
0000316_00601_d_0000522.jpg,15,39,24.19,0.8442,0.7832,1
0000316_00601_d_0000522.jpg,18,43,27.82,0.8961,0.8219,1
0000316_00601_d_0000522.jpg,13,23,17.29,0.5882,0.5408,1
0000316_00601_d_0000522.jpg,7,16,10.58,0.0,0.0,0
0000316_00601_d_0000522.jpg,5,14,8.37,0.0,0.0,0
0000316_00601_d_0000522.jpg,5,11,7.42,0.0,0.0,0
0000316_00601_d_0000522.jpg,5,10,7.07,0.0,0.0,0
0000316_00601_d_0000522.jpg,5,9,6.71,0.0,0.0,0
0000316_00601_d_0000522.jpg,5,15,8.66,0.0,0.0,0
0000316_00601_d_0000522.jpg,6,9,7.35,0.0,0.0,0
0000316_00601_d_0000522.jpg,4,12,6.93,0.0,0.0,0
0000316_00801_d_0000523.jpg,16,38,24.66,0.9115,0.7184,1
0000316_00801_d_0000523.jpg,13,22,16.91,0.7964,0.2943,1
0000316_00801_d_0000523.jpg,5,17,9.22,0.0,0.0,0
0000316_00801_d_0000523.jpg,7,11,8.77,0.0,0.0,0
0000316_00801_d_0000523.jpg,6,8,6.93,0.0,0.0,0
0000316_00801_d_0000523.jpg,7,14,9.9,0.0,0.0,0
0000316_00801_d_0000523.jpg,6,13,8.83,0.0,0.0,0
0000316_01001_d_0000524.jpg,12,43,22.72,0.7064,0.5359,1
0000316_01001_d_0000524.jpg,12,33,19.9,0.6638,0.321,1
0000316_01001_d_0000524.jpg,18,42,27.5,0.0,0.0,0
0000316_01001_d_0000524.jpg,10,26,16.12,0.0,0.0,0
0000316_01001_d_0000524.jpg,8,29,15.23,0.0,0.0,0
0000316_01001_d_0000524.jpg,12,38,21.35,0.0,0.0,0
0000316_01001_d_0000524.jpg,19,26,22.23,0.0,0.0,0
0000316_01201_d_0000525.jpg,11,17,13.67,0.6277,0.2543,1
0000316_01201_d_0000525.jpg,10,26,16.12,0.0,0.0,0
0000316_01201_d_0000525.jpg,11,26,16.91,0.0,0.0,0
0000316_01201_d_0000525.jpg,9,19,13.08,0.5211,0.2888,1
0000316_01201_d_0000525.jpg,7,18,11.22,0.4917,0.2125,0
0000316_01201_d_0000525.jpg,10,22,14.83,0.6881,0.1762,1
0000316_01201_d_0000525.jpg,8,23,13.56,0.0,0.0,0
0000316_01201_d_0000525.jpg,9,23,14.39,0.0,0.0,0
0000316_01201_d_0000525.jpg,11,28,17.55,0.8088,0.6112,1
0000316_01201_d_0000525.jpg,13,24,17.66,0.6256,0.1802,1
0000316_01201_d_0000525.jpg,9,30,16.43,0.5257,0.4873,1
0000316_01201_d_0000525.jpg,9,31,16.7,0.869,0.3712,1
0000316_01201_d_0000525.jpg,13,25,18.03,0.6862,0.2203,1
0000316_01201_d_0000525.jpg,15,34,22.58,0.7662,0.5672,1
0000316_01201_d_0000525.jpg,9,22,14.07,0.0,0.0,0
0000316_01201_d_0000525.jpg,12,12,12.0,0.0,0.0,0
0000316_01201_d_0000525.jpg,15,26,19.75,0.0,0.0,0
0000316_01201_d_0000525.jpg,18,32,24.0,0.7456,0.2421,1
0000316_01201_d_0000525.jpg,12,33,19.9,0.4323,0.1625,0
0000316_01201_d_0000525.jpg,15,29,20.86,0.681,0.2919,1
0000316_01401_d_0000526.jpg,12,35,20.49,0.7051,0.7208,1
0000316_01401_d_0000526.jpg,14,35,22.14,0.8148,0.5922,1
0000316_01401_d_0000526.jpg,18,35,25.1,0.753,0.3886,1
0000316_01401_d_0000526.jpg,20,41,28.64,0.6749,0.6991,1
0000316_01401_d_0000526.jpg,18,31,23.62,0.6339,0.5406,1
0000316_01401_d_0000526.jpg,16,36,24.0,0.6868,0.4334,1
0000316_01401_d_0000526.jpg,12,31,19.29,0.7163,0.4298,1
0000316_01401_d_0000526.jpg,12,34,20.2,0.6722,0.379,1
0000316_01401_d_0000526.jpg,14,30,20.49,0.7435,0.3073,1
0000316_01401_d_0000526.jpg,12,32,19.6,0.0,0.0,0
0000316_01401_d_0000526.jpg,14,35,22.14,0.0,0.0,0
0000316_01401_d_0000526.jpg,15,20,17.32,0.7709,0.4898,1
0000316_01401_d_0000526.jpg,12,17,14.28,0.4735,0.4631,0
0000316_01401_d_0000526.jpg,13,28,19.08,0.7272,0.5046,1
0000316_01401_d_0000526.jpg,12,30,18.97,0.774,0.2056,1
0000316_01401_d_0000526.jpg,9,26,15.3,0.0,0.0,0
0000316_01601_d_0000527.jpg,21,41,29.34,0.0,0.0,0
0000316_01601_d_0000527.jpg,9,30,16.43,0.6507,0.5971,1
0000316_01601_d_0000527.jpg,6,20,10.95,0.2667,0.3495,0
0000316_01601_d_0000527.jpg,10,27,16.43,0.9187,0.1568,1
0000316_01601_d_0000527.jpg,11,34,19.34,0.0,0.0,0
0000316_01601_d_0000527.jpg,9,13,10.82,0.0,0.0,0
0000316_01601_d_0000527.jpg,10,30,17.32,0.7535,0.374,1
0000316_01601_d_0000527.jpg,13,28,19.08,0.0,0.0,0
0000316_01601_d_0000527.jpg,12,35,20.49,0.6104,0.6701,1
0000316_01601_d_0000527.jpg,13,34,21.02,0.739,0.297,1
0000316_01601_d_0000527.jpg,24,35,28.98,0.5935,0.5748,1
0000316_01601_d_0000527.jpg,13,32,20.4,0.0,0.0,0
0000316_01601_d_0000527.jpg,14,33,21.49,0.0423,0.2018,0
0000316_01601_d_0000527.jpg,13,36,21.63,0.0,0.0,0
0000316_01601_d_0000527.jpg,18,36,25.46,0.7636,0.5836,1
0000316_01601_d_0000527.jpg,18,23,20.35,0.0,0.0,0
0000316_01801_d_0000528.jpg,17,47,28.27,0.7648,0.6874,1
0000316_01801_d_0000528.jpg,25,43,32.79,0.3947,0.2409,0
0000316_02001_d_0000529.jpg,17,29,22.2,0.0,0.0,0
0000316_02001_d_0000529.jpg,25,47,34.28,0.9013,0.5791,1
0000316_02001_d_0000529.jpg,9,20,13.42,0.0,0.0,0
0000316_02001_d_0000529.jpg,14,33,21.49,0.0,0.0,0
0000316_02201_d_0000530.jpg,19,39,27.22,0.808,0.3028,1
0000316_02201_d_0000530.jpg,21,60,35.5,0.9572,0.7195,1
0000316_02201_d_0000530.jpg,23,54,35.24,0.8337,0.6805,1
0000316_02201_d_0000530.jpg,23,57,36.21,0.8468,0.6982,1
0000316_02201_d_0000530.jpg,24,41,31.37,0.4411,0.1953,0
0000323_02601_d_0000645.jpg,25,53,36.4,0.9559,0.6056,1
0000323_02601_d_0000645.jpg,25,54,36.74,0.7539,0.4487,1
0000323_02601_d_0000645.jpg,26,54,37.47,0.6875,0.3497,1
0000323_02601_d_0000645.jpg,24,53,35.67,0.9352,0.7273,1
0000323_02601_d_0000645.jpg,13,34,21.02,0.0,0.0,0
0000323_02601_d_0000645.jpg,9,27,15.59,0.0,0.0,0
0000323_02601_d_0000645.jpg,10,29,17.03,0.0,0.0,0
0000323_02601_d_0000645.jpg,9,21,13.75,0.0,0.0,0
0000323_02601_d_0000645.jpg,6,13,8.83,0.0,0.0,0
0000323_02601_d_0000645.jpg,7,17,10.91,0.0,0.0,0
0000323_02601_d_0000645.jpg,6,15,9.49,0.0,0.0,0
0000323_02601_d_0000645.jpg,14,34,21.82,0.6107,0.7352,1
0000323_02601_d_0000645.jpg,34,61,45.54,0.8303,0.799,1
0000323_02601_d_0000645.jpg,5,12,7.75,0.0,0.0,0
0000323_02601_d_0000645.jpg,4,13,7.21,0.0,0.0,0
0000327_00001_d_0000711.jpg,7,13,9.54,0.0,0.0,0
0000327_00001_d_0000711.jpg,7,13,9.54,0.3229,0.1963,0
0000327_00001_d_0000711.jpg,7,9,7.94,0.0,0.0,0
0000327_00001_d_0000711.jpg,12,15,13.42,0.3558,0.287,0
0000327_00001_d_0000711.jpg,8,22,13.27,0.0,0.0,0
0000327_00001_d_0000711.jpg,7,24,12.96,0.0,0.0,0
0000327_00001_d_0000711.jpg,5,19,9.75,0.0,0.0,0
0000327_00001_d_0000711.jpg,6,19,10.68,0.0,0.0,0
0000327_00001_d_0000711.jpg,4,17,8.25,0.0,0.0,0
0000327_00001_d_0000711.jpg,16,36,24.0,0.8389,0.4919,1
0000327_00001_d_0000711.jpg,18,43,27.82,0.8433,0.6686,1
0000327_00001_d_0000711.jpg,19,53,31.73,0.9124,0.6718,1
0000327_00001_d_0000711.jpg,22,58,35.72,0.8702,0.6155,1
0000327_00001_d_0000711.jpg,22,60,36.33,0.7794,0.1536,1
0000327_00001_d_0000711.jpg,25,45,33.54,0.4247,0.1911,0
0000327_00001_d_0000711.jpg,22,47,32.16,0.7573,0.2112,1
0000327_00001_d_0000711.jpg,20,40,28.28,0.8801,0.2422,1
0000327_00001_d_0000711.jpg,15,35,22.91,0.7034,0.4941,1
0000327_00001_d_0000711.jpg,12,35,20.49,0.7411,0.5691,1
0000327_00001_d_0000711.jpg,11,34,19.34,0.6876,0.1878,1
0000327_00001_d_0000711.jpg,10,31,17.61,0.0,0.0,0
0000327_00001_d_0000711.jpg,9,23,14.39,0.0,0.0,0
0000327_00201_d_0000712.jpg,23,57,36.21,0.8131,0.4752,1
0000327_00201_d_0000712.jpg,12,22,16.25,0.5238,0.3873,1
0000327_00201_d_0000712.jpg,11,17,13.67,0.0,0.0,0
0000327_00201_d_0000712.jpg,7,12,9.17,0.0,0.0,0
0000327_00201_d_0000712.jpg,6,8,6.93,0.0,0.0,0
0000327_00201_d_0000712.jpg,11,24,16.25,0.0,0.0,0
0000327_00201_d_0000712.jpg,6,21,11.22,0.0,0.0,0
0000327_00201_d_0000712.jpg,9,22,14.07,0.0,0.0,0
0000327_00201_d_0000712.jpg,8,22,13.27,0.0,0.0,0
0000327_00201_d_0000712.jpg,6,14,9.17,0.0,0.0,0
0000327_00201_d_0000712.jpg,6,20,10.95,0.0,0.0,0
0000327_00201_d_0000712.jpg,6,15,9.49,0.0,0.0,0
0000327_00201_d_0000712.jpg,6,15,9.49,0.0,0.0,0
0000327_00201_d_0000712.jpg,4,15,7.75,0.0,0.0,0
0000327_00201_d_0000712.jpg,7,12,9.17,0.0,0.0,0
0000327_00201_d_0000712.jpg,6,14,9.17,0.0,0.0,0
0000327_00201_d_0000712.jpg,6,8,6.93,0.0,0.0,0
0000327_00401_d_0000713.jpg,25,50,35.36,0.0,0.0,0
0000327_00401_d_0000713.jpg,18,27,22.05,0.7209,0.2308,1
0000327_00401_d_0000713.jpg,12,38,21.35,0.0,0.0,0
0000327_00401_d_0000713.jpg,21,39,28.62,0.7398,0.3948,1
0000327_00401_d_0000713.jpg,13,35,21.33,0.0,0.0,0
0000327_00401_d_0000713.jpg,16,36,24.0,0.8457,0.2323,1
0000327_00401_d_0000713.jpg,10,29,17.03,0.0,0.0,0
0000327_00401_d_0000713.jpg,13,36,21.63,0.0,0.0,0
0000327_00401_d_0000713.jpg,9,23,14.39,0.4456,0.17,0
0000327_00401_d_0000713.jpg,12,21,15.87,0.0,0.0,0
0000327_00401_d_0000713.jpg,6,13,8.83,0.0,0.0,0
0000327_00401_d_0000713.jpg,5,11,7.42,0.0,0.0,0
0000327_00401_d_0000713.jpg,7,6,6.48,0.0,0.0,0
0000327_00401_d_0000713.jpg,8,26,14.42,0.0,0.0,0
0000327_00401_d_0000713.jpg,8,26,14.42,0.0,0.0,0
0000327_00401_d_0000713.jpg,5,20,10.0,0.0,0.0,0
0000327_00401_d_0000713.jpg,9,25,15.0,0.7534,0.2068,1
0000327_00401_d_0000713.jpg,5,13,8.06,0.0328,0.296,0
0000327_00401_d_0000713.jpg,9,21,13.75,0.0,0.0,0
0000327_00401_d_0000713.jpg,7,20,11.83,0.0,0.0,0
0000327_00401_d_0000713.jpg,6,22,11.49,0.0,0.0,0
0000327_00401_d_0000713.jpg,6,20,10.95,0.0,0.0,0
0000327_00401_d_0000713.jpg,7,19,11.53,0.0,0.0,0
0000327_00401_d_0000713.jpg,7,17,10.91,0.0,0.0,0
0000327_00401_d_0000713.jpg,6,17,10.1,0.0,0.0,0
0000327_00401_d_0000713.jpg,7,15,10.25,0.0,0.0,0
0000327_00401_d_0000713.jpg,4,14,7.48,0.0,0.0,0
0000327_00401_d_0000713.jpg,5,9,6.71,0.0,0.0,0
0000327_00601_d_0000714.jpg,15,45,25.98,0.8352,0.631,1
0000327_00601_d_0000714.jpg,14,46,25.38,0.8548,0.5894,1
0000327_00601_d_0000714.jpg,12,37,21.07,0.6978,0.4688,1
0000327_00601_d_0000714.jpg,19,55,32.33,0.0,0.0,0
0000327_00601_d_0000714.jpg,14,31,20.83,0.0,0.0,0
0000327_00601_d_0000714.jpg,8,21,12.96,0.0,0.0,0
0000327_00601_d_0000714.jpg,7,16,10.58,0.0,0.0,0
0000327_00601_d_0000714.jpg,8,19,12.33,0.6818,0.1851,1
0000327_00601_d_0000714.jpg,10,17,13.04,0.0,0.0,0
0000327_00601_d_0000714.jpg,8,17,11.66,0.0,0.0,0
0000327_00601_d_0000714.jpg,6,20,10.95,0.0,0.0,0
0000327_00601_d_0000714.jpg,6,11,8.12,0.0,0.0,0
0000327_00601_d_0000714.jpg,8,16,11.31,0.5924,0.2528,1
0000327_00601_d_0000714.jpg,8,18,12.0,0.0,0.0,0
0000327_00601_d_0000714.jpg,5,18,9.49,0.0,0.0,0
0000327_00601_d_0000714.jpg,8,21,12.96,0.2478,0.2075,0
0000327_00601_d_0000714.jpg,8,20,12.65,0.4503,0.187,0
0000327_00601_d_0000714.jpg,8,20,12.65,0.0,0.0,0
0000327_00601_d_0000714.jpg,12,32,19.6,0.8864,0.5179,1
0000327_00601_d_0000714.jpg,9,35,17.75,0.8277,0.4244,1
0000327_00601_d_0000714.jpg,17,42,26.72,0.8289,0.5378,1
0000327_00601_d_0000714.jpg,14,31,20.83,0.6722,0.3629,1
0000327_00601_d_0000714.jpg,10,40,20.0,0.8363,0.6306,1
0000327_00601_d_0000714.jpg,18,52,30.59,0.6817,0.3394,1
0000327_00601_d_0000714.jpg,18,46,28.77,0.8567,0.5342,1
0000327_00601_d_0000714.jpg,17,41,26.4,0.6079,0.257,1
0000327_00601_d_0000714.jpg,25,58,38.08,0.8385,0.4409,1
0000327_00601_d_0000714.jpg,10,26,16.12,0.0,0.0,0
0000327_00801_d_0000715.jpg,21,59,35.2,0.0,0.0,0
0000327_00801_d_0000715.jpg,21,53,33.36,0.9125,0.7411,1
0000327_00801_d_0000715.jpg,20,54,32.86,0.8202,0.2574,1
0000327_00801_d_0000715.jpg,22,45,31.46,0.6835,0.601,1
0000327_00801_d_0000715.jpg,14,45,25.1,0.9374,0.3322,1
0000327_00801_d_0000715.jpg,16,38,24.66,0.7811,0.486,1
0000327_00801_d_0000715.jpg,15,37,23.56,0.0,0.0,0
0000327_00801_d_0000715.jpg,11,33,19.05,0.0,0.0,0
0000327_00801_d_0000715.jpg,12,34,20.2,0.0,0.0,0
0000327_00801_d_0000715.jpg,17,35,24.39,0.6776,0.3691,1
0000327_00801_d_0000715.jpg,13,27,18.73,0.0,0.0,0
0000327_00801_d_0000715.jpg,18,33,24.37,0.4948,0.6122,0
0000327_00801_d_0000715.jpg,11,36,19.9,0.0,0.0,0
0000327_00801_d_0000715.jpg,9,20,13.42,0.3597,0.4614,0
0000327_00801_d_0000715.jpg,14,22,17.55,0.6393,0.4714,1
0000327_00801_d_0000715.jpg,12,35,20.49,0.8128,0.1564,1
0000327_00801_d_0000715.jpg,10,26,16.12,0.8256,0.4842,1
0000327_00801_d_0000715.jpg,7,18,11.22,0.5403,0.1734,1
0000327_00801_d_0000715.jpg,7,18,11.22,0.5687,0.314,1
0000327_00801_d_0000715.jpg,6,14,9.17,0.0,0.0,0
0000327_00801_d_0000715.jpg,7,20,11.83,0.0,0.0,0
0000327_00801_d_0000715.jpg,6,20,10.95,0.0,0.0,0
0000327_00801_d_0000715.jpg,5,20,10.0,0.0,0.0,0
0000327_01001_d_0000716.jpg,24,42,31.75,0.7679,0.6865,1
0000327_01001_d_0000716.jpg,19,42,28.25,0.5931,0.5354,1
0000327_01001_d_0000716.jpg,13,33,20.71,0.3266,0.4707,0
0000327_01001_d_0000716.jpg,24,45,32.86,0.7377,0.5317,1
0000327_01001_d_0000716.jpg,12,21,15.87,0.0,0.0,0
0000327_01001_d_0000716.jpg,10,25,15.81,0.5343,0.2302,1
0000327_01001_d_0000716.jpg,10,26,16.12,0.0,0.0,0
0000327_01001_d_0000716.jpg,6,19,10.68,0.0,0.0,0
0000327_01001_d_0000716.jpg,6,19,10.68,0.0,0.0,0
0000327_01001_d_0000716.jpg,6,15,9.49,0.0,0.0,0
0000327_01001_d_0000716.jpg,8,14,10.58,0.4895,0.1621,0
0000327_01001_d_0000716.jpg,7,14,9.9,0.0,0.0,0
0000327_01001_d_0000716.jpg,9,28,15.87,0.0,0.0,0
0000327_01001_d_0000716.jpg,9,27,15.59,0.0,0.0,0
0000327_01001_d_0000716.jpg,6,27,12.73,0.0,0.0,0
0000327_01001_d_0000716.jpg,7,23,12.69,0.0,0.0,0
0000327_01001_d_0000716.jpg,35,49,41.41,0.099,0.1755,0
0000327_01001_d_0000716.jpg,22,42,30.4,0.0519,0.7272,0
0000327_01001_d_0000716.jpg,34,44,38.68,0.0,0.0,0
0000327_01201_d_0000717.jpg,28,54,38.88,0.7534,0.1874,1
0000327_01201_d_0000717.jpg,27,56,38.88,0.8855,0.2059,1
0000327_01201_d_0000717.jpg,16,46,27.13,0.8256,0.549,1
0000327_01201_d_0000717.jpg,20,42,28.98,0.0,0.0,0
0000327_01201_d_0000717.jpg,17,29,22.2,0.6938,0.5048,1
0000327_01201_d_0000717.jpg,13,22,16.91,0.4478,0.4559,0
0000327_01201_d_0000717.jpg,9,21,13.75,0.7257,0.3314,1
0000327_01201_d_0000717.jpg,9,22,14.07,0.6713,0.1706,1
0000327_01201_d_0000717.jpg,6,17,10.1,0.0,0.0,0
0000327_01201_d_0000717.jpg,6,16,9.8,0.0,0.0,0
0000327_01201_d_0000717.jpg,6,17,10.1,0.0,0.0,0
0000327_01201_d_0000717.jpg,6,16,9.8,0.0,0.0,0
0000327_01201_d_0000717.jpg,6,16,9.8,0.0,0.0,0
0000327_01201_d_0000717.jpg,5,16,8.94,0.0,0.0,0
0000327_01201_d_0000717.jpg,3,11,5.74,0.0,0.0,0
0000327_01201_d_0000717.jpg,5,15,8.66,0.0,0.0,0
0000327_01401_d_0000718.jpg,18,56,31.75,0.8162,0.5134,1
0000327_01401_d_0000718.jpg,12,28,18.33,0.4584,0.2594,0
0000327_01401_d_0000718.jpg,18,49,29.7,0.7183,0.1934,1
0000327_01401_d_0000718.jpg,9,22,14.07,0.0,0.0,0
0000327_01401_d_0000718.jpg,9,25,15.0,0.9441,0.5055,1
0000327_01401_d_0000718.jpg,8,24,13.86,0.7582,0.2908,1
0000327_01401_d_0000718.jpg,8,22,13.27,0.7577,0.2883,1
0000327_01401_d_0000718.jpg,12,20,15.49,0.3688,0.6383,0
0000327_01401_d_0000718.jpg,16,23,19.18,0.5678,0.5862,1
0000327_01401_d_0000718.jpg,16,27,20.78,0.0,0.0,0
0000327_01401_d_0000718.jpg,11,22,15.56,0.6021,0.3398,1
0000327_01401_d_0000718.jpg,5,19,9.75,0.0,0.0,0
0000327_01401_d_0000718.jpg,5,19,9.75,0.0,0.0,0
0000327_01401_d_0000718.jpg,6,17,10.1,0.0,0.0,0
0000327_01401_d_0000718.jpg,8,22,13.27,0.7569,0.2077,1
0000327_01401_d_0000718.jpg,6,22,11.49,0.0,0.0,0
0000327_01401_d_0000718.jpg,5,19,9.75,0.0,0.0,0
0000327_01401_d_0000718.jpg,3,14,6.48,0.0,0.0,0
0000327_01401_d_0000718.jpg,5,19,9.75,0.0,0.0,0
0000327_01401_d_0000718.jpg,9,13,10.82,0.0,0.0,0
0000327_01401_d_0000718.jpg,6,16,9.8,0.0,0.0,0
0000327_01401_d_0000718.jpg,6,12,8.49,0.0,0.0,0
0000327_01401_d_0000718.jpg,5,15,8.66,0.0,0.0,0
0000327_01401_d_0000718.jpg,5,18,9.49,0.0,0.0,0
0000327_01401_d_0000718.jpg,6,16,9.8,0.0,0.0,0
0000327_01401_d_0000718.jpg,6,14,9.17,0.0,0.0,0
0000327_01401_d_0000718.jpg,8,14,10.58,0.0,0.0,0
0000327_01401_d_0000718.jpg,5,13,8.06,0.0,0.0,0
0000327_01401_d_0000718.jpg,9,19,13.08,0.0,0.0,0
0000327_01401_d_0000718.jpg,15,20,17.32,0.0,0.0,0
0000327_01401_d_0000718.jpg,5,10,7.07,0.0,0.0,0
0000327_01801_d_0000720.jpg,20,52,32.25,0.8941,0.7613,1
0000327_01801_d_0000720.jpg,20,52,32.25,0.8232,0.6968,1
0000327_01801_d_0000720.jpg,20,52,32.25,0.882,0.7503,1
0000327_01801_d_0000720.jpg,15,40,24.49,0.8952,0.7933,1
0000327_01801_d_0000720.jpg,16,40,25.3,0.837,0.8018,1
0000327_01801_d_0000720.jpg,11,32,18.76,0.774,0.401,1
0000327_01801_d_0000720.jpg,10,32,17.89,0.7938,0.3633,1
0000327_01801_d_0000720.jpg,19,34,25.42,0.7711,0.4877,1
0000327_01801_d_0000720.jpg,12,30,18.97,0.0,0.0,0
0000327_01801_d_0000720.jpg,13,25,18.03,0.6744,0.2152,1
0000327_01801_d_0000720.jpg,10,20,14.14,0.5366,0.1502,1
0000327_01801_d_0000720.jpg,12,29,18.65,0.0,0.0,0
0000327_01801_d_0000720.jpg,12,25,17.32,0.0,0.0,0
0000327_01801_d_0000720.jpg,7,28,14.0,0.6773,0.2147,1
0000327_01801_d_0000720.jpg,11,25,16.58,0.6906,0.1729,1
0000327_01801_d_0000720.jpg,8,20,12.65,0.0,0.0,0
0000327_01801_d_0000720.jpg,5,22,10.49,0.0,0.0,0
0000327_01801_d_0000720.jpg,6,18,10.39,0.0,0.0,0
0000327_01801_d_0000720.jpg,9,20,13.42,0.0,0.0,0
0000327_01801_d_0000720.jpg,8,22,13.27,0.0,0.0,0
0000327_01801_d_0000720.jpg,6,14,9.17,0.0,0.0,0
0000327_01801_d_0000720.jpg,6,20,10.95,0.0,0.0,0
0000327_01801_d_0000720.jpg,7,19,11.53,0.0,0.0,0
0000327_01801_d_0000720.jpg,6,14,9.17,0.0,0.0,0
0000327_02601_d_0000724.jpg,20,53,32.56,0.8727,0.679,1
0000327_02601_d_0000724.jpg,17,37,25.08,0.768,0.5318,1
0000327_02601_d_0000724.jpg,11,27,17.23,0.1579,0.605,0
0000327_02601_d_0000724.jpg,12,38,21.35,0.8001,0.6357,1
0000327_02601_d_0000724.jpg,14,28,19.8,0.7712,0.262,1
0000327_02601_d_0000724.jpg,10,35,18.71,0.8337,0.198,1
0000327_02601_d_0000724.jpg,12,33,19.9,0.0,0.0,0
0000327_02601_d_0000724.jpg,10,30,17.32,0.0827,0.1568,0
0000327_02601_d_0000724.jpg,9,32,16.97,0.2611,0.2178,0
0000327_02601_d_0000724.jpg,8,19,12.33,0.3273,0.1942,0
0000327_02601_d_0000724.jpg,10,22,14.83,0.4067,0.1972,0
0000327_02601_d_0000724.jpg,11,23,15.91,0.0,0.0,0
0000327_02601_d_0000724.jpg,11,24,16.25,0.0,0.0,0
0000327_02601_d_0000724.jpg,10,26,16.12,0.7578,0.4813,1
0000327_02601_d_0000724.jpg,7,19,11.53,0.0,0.0,0
0000327_02601_d_0000724.jpg,7,23,12.69,0.6367,0.5392,1
0000327_02601_d_0000724.jpg,8,21,12.96,0.7068,0.2597,1
0000327_02601_d_0000724.jpg,5,20,10.0,0.0,0.0,0
0000327_02601_d_0000724.jpg,6,16,9.8,0.0,0.0,0
0000327_02601_d_0000724.jpg,7,30,14.49,0.0,0.0,0
0000327_02601_d_0000724.jpg,5,18,9.49,0.432,0.1596,0
0000327_02601_d_0000724.jpg,7,27,13.75,0.4661,0.2161,0
0000327_02601_d_0000724.jpg,8,27,14.7,0.2308,0.258,0
0000327_02601_d_0000724.jpg,12,20,15.49,0.4691,0.1895,0
0000327_02601_d_0000724.jpg,7,18,11.22,0.0,0.0,0
0000327_02601_d_0000724.jpg,9,27,15.59,0.0057,0.2911,0
0000327_02601_d_0000724.jpg,7,22,12.41,0.0,0.0,0
0000327_02801_d_0000725.jpg,25,61,39.05,0.8485,0.654,1
0000327_02801_d_0000725.jpg,32,63,44.9,0.9341,0.6093,1
0000327_02801_d_0000725.jpg,23,56,35.89,0.8207,0.5596,1
0000327_02801_d_0000725.jpg,15,40,24.49,0.8493,0.7842,1
0000327_02801_d_0000725.jpg,16,46,27.13,0.8974,0.5957,1
0000327_02801_d_0000725.jpg,14,43,24.54,0.8132,0.6926,1
0000327_02801_d_0000725.jpg,9,29,16.16,0.343,0.7568,0
0000327_02801_d_0000725.jpg,12,25,17.32,0.385,0.7702,0
0000327_02801_d_0000725.jpg,16,44,26.53,0.8434,0.7363,1
0000327_02801_d_0000725.jpg,12,32,19.6,0.0,0.0,0
0000327_02801_d_0000725.jpg,12,33,19.9,0.0,0.0,0
0000327_02801_d_0000725.jpg,25,36,30.0,0.0,0.0,0
0000327_02801_d_0000725.jpg,20,35,26.46,0.2706,0.2644,0
0000327_02801_d_0000725.jpg,14,33,21.49,0.2145,0.485,0
0000327_02801_d_0000725.jpg,14,34,21.82,0.7075,0.2961,1
0000327_02801_d_0000725.jpg,10,35,18.71,0.7702,0.4853,1
0000327_02801_d_0000725.jpg,8,22,13.27,0.0701,0.2194,0
0000327_02801_d_0000725.jpg,8,21,12.96,0.4989,0.1525,0
0000327_02801_d_0000725.jpg,9,20,13.42,0.7046,0.4166,1
0000327_02801_d_0000725.jpg,10,18,13.42,0.0,0.0,0
0000327_02801_d_0000725.jpg,12,20,15.49,0.0,0.0,0
0000327_02801_d_0000725.jpg,9,29,16.16,0.0,0.0,0
0000327_02801_d_0000725.jpg,7,20,11.83,0.2068,0.2183,0
0000327_02801_d_0000725.jpg,9,22,14.07,0.6753,0.2695,1
0000327_02801_d_0000725.jpg,8,19,12.33,0.0,0.0,0
0000327_02801_d_0000725.jpg,10,22,14.83,0.0,0.0,0
0000327_02801_d_0000725.jpg,11,17,13.67,0.0,0.0,0
0000327_02801_d_0000725.jpg,7,18,11.22,0.0,0.0,0
0000327_02801_d_0000725.jpg,6,16,9.8,0.54,0.2594,1
0000327_02801_d_0000725.jpg,6,14,9.17,0.0,0.0,0
0000327_02801_d_0000725.jpg,7,12,9.17,0.0,0.0,0
0000327_02801_d_0000725.jpg,6,14,9.17,0.0,0.0,0
0000327_03001_d_0000726.jpg,23,53,34.91,0.9271,0.473,1
0000327_03001_d_0000726.jpg,15,26,19.75,0.6079,0.2421,1
0000327_03001_d_0000726.jpg,18,42,27.5,0.715,0.6617,1
0000327_03001_d_0000726.jpg,16,43,26.23,0.8976,0.7245,1
0000327_03001_d_0000726.jpg,18,42,27.5,0.7117,0.6826,1
0000327_03001_d_0000726.jpg,8,18,12.0,0.5797,0.2409,1
0000327_03001_d_0000726.jpg,13,23,17.29,0.6132,0.2483,1
0000327_03001_d_0000726.jpg,10,27,16.43,0.0,0.0,0
0000327_03001_d_0000726.jpg,10,24,15.49,0.6428,0.5772,1
0000327_03001_d_0000726.jpg,11,24,16.25,0.7713,0.4658,1
0000327_03001_d_0000726.jpg,8,21,12.96,0.0,0.0,0
0000327_03001_d_0000726.jpg,8,22,13.27,0.0,0.0,0
0000327_03001_d_0000726.jpg,9,21,13.75,0.0,0.0,0
0000327_03001_d_0000726.jpg,8,20,12.65,0.0,0.0,0
0000327_03001_d_0000726.jpg,9,19,13.08,0.015,0.3594,0
0000327_03001_d_0000726.jpg,8,22,13.27,0.0,0.0,0
0000327_03001_d_0000726.jpg,9,20,13.42,0.8814,0.1926,1
0000327_03001_d_0000726.jpg,8,14,10.58,0.6086,0.3045,1
0000327_03001_d_0000726.jpg,5,17,9.22,0.6203,0.2856,1
0000327_03001_d_0000726.jpg,7,19,11.53,0.0,0.0,0
0000327_03001_d_0000726.jpg,5,16,8.94,0.2037,0.2092,0
0000327_03001_d_0000726.jpg,6,11,8.12,0.0,0.0,0
0000327_03001_d_0000726.jpg,6,13,8.83,0.0,0.0,0
0000327_03001_d_0000726.jpg,5,10,7.07,0.0,0.0,0
0000327_03001_d_0000726.jpg,4,9,6.0,0.0,0.0,0
0000327_03001_d_0000726.jpg,5,13,8.06,0.0,0.0,0
0000327_03001_d_0000726.jpg,5,7,5.92,0.0,0.0,0
0000327_03001_d_0000726.jpg,3,5,3.87,0.0,0.0,0
0000327_03001_d_0000726.jpg,4,7,5.29,0.0,0.0,0
0000327_03201_d_0000727.jpg,22,47,32.16,0.0,0.0,0
0000327_03201_d_0000727.jpg,11,17,13.67,0.5838,0.1794,1
0000327_03201_d_0000727.jpg,5,15,8.66,0.0,0.0,0
0000327_03201_d_0000727.jpg,6,18,10.39,0.0,0.0,0
0000327_03201_d_0000727.jpg,6,11,8.12,0.0,0.0,0
0000327_03201_d_0000727.jpg,4,12,6.93,0.0,0.0,0
0000327_03201_d_0000727.jpg,8,20,12.65,0.0,0.0,0
0000327_03201_d_0000727.jpg,10,25,15.81,0.0,0.0,0
0000327_03201_d_0000727.jpg,10,21,14.49,0.0,0.0,0
0000327_03201_d_0000727.jpg,10,20,14.14,0.0,0.0,0
0000327_03201_d_0000727.jpg,6,12,8.49,0.0,0.0,0
0000327_03201_d_0000727.jpg,5,12,7.75,0.0,0.0,0
0000327_03201_d_0000727.jpg,4,13,7.21,0.0,0.0,0
0000327_03201_d_0000727.jpg,4,11,6.63,0.0,0.0,0
0000327_03201_d_0000727.jpg,4,12,6.93,0.0,0.0,0
0000327_03201_d_0000727.jpg,3,9,5.2,0.0,0.0,0
0000327_03201_d_0000727.jpg,3,8,4.9,0.0,0.0,0
0000327_03201_d_0000727.jpg,3,6,4.24,0.0,0.0,0
0000327_03201_d_0000727.jpg,3,8,4.9,0.0,0.0,0
0000327_03201_d_0000727.jpg,3,7,4.58,0.0,0.0,0
0000327_03201_d_0000727.jpg,3,8,4.9,0.0,0.0,0
0000327_03201_d_0000727.jpg,3,7,4.58,0.0,0.0,0
0000327_03201_d_0000727.jpg,3,8,4.9,0.0,0.0,0
0000327_03201_d_0000727.jpg,4,10,6.32,0.0,0.0,0
0000327_03201_d_0000727.jpg,4,10,6.32,0.0,0.0,0
0000327_03201_d_0000727.jpg,3,8,4.9,0.0,0.0,0
0000327_03201_d_0000727.jpg,4,8,5.66,0.0,0.0,0
0000327_03201_d_0000727.jpg,2,8,4.0,0.0,0.0,0
0000327_03201_d_0000727.jpg,3,9,5.2,0.0,0.0,0
0000327_03201_d_0000727.jpg,3,9,5.2,0.0,0.0,0
0000327_03201_d_0000727.jpg,3,9,5.2,0.0,0.0,0
0000327_03201_d_0000727.jpg,3,5,3.87,0.0,0.0,0
0000327_03401_d_0000728.jpg,19,41,27.91,0.0,0.0,0
0000327_03401_d_0000728.jpg,20,32,25.3,0.0,0.0,0
0000327_03401_d_0000728.jpg,16,36,24.0,0.8885,0.3517,1
0000327_03401_d_0000728.jpg,14,39,23.37,0.0,0.0,0
0000327_03401_d_0000728.jpg,8,28,14.97,0.0,0.0,0
0000327_03401_d_0000728.jpg,14,30,20.49,0.7311,0.5002,1
0000327_03401_d_0000728.jpg,16,27,20.78,0.5582,0.5784,1
0000327_03401_d_0000728.jpg,11,26,16.91,0.6796,0.4785,1
0000327_03401_d_0000728.jpg,8,20,12.65,0.5322,0.2548,1
0000327_03401_d_0000728.jpg,10,20,14.14,0.5566,0.241,1
0000327_03401_d_0000728.jpg,6,20,10.95,0.0,0.0,0
0000327_03401_d_0000728.jpg,6,16,9.8,0.0,0.0,0
0000327_03401_d_0000728.jpg,8,16,11.31,0.6399,0.1973,1
0000327_03401_d_0000728.jpg,8,14,10.58,0.0,0.0,0
0000327_03401_d_0000728.jpg,5,13,8.06,0.0,0.0,0
0000327_03401_d_0000728.jpg,7,9,7.94,0.0,0.0,0
0000327_03401_d_0000728.jpg,5,13,8.06,0.0,0.0,0
0000327_03401_d_0000728.jpg,4,12,6.93,0.0,0.0,0
0000327_03401_d_0000728.jpg,4,11,6.63,0.0,0.0,0
0000327_03401_d_0000728.jpg,4,11,6.63,0.0,0.0,0
0000327_03401_d_0000728.jpg,6,11,8.12,0.0,0.0,0
0000327_03401_d_0000728.jpg,5,11,7.42,0.0,0.0,0
0000327_03401_d_0000728.jpg,3,11,5.74,0.0,0.0,0
0000327_03401_d_0000728.jpg,5,13,8.06,0.0,0.0,0
0000327_03401_d_0000728.jpg,4,12,6.93,0.0,0.0,0
0000327_03401_d_0000728.jpg,4,9,6.0,0.0,0.0,0
0000327_03401_d_0000728.jpg,4,11,6.63,0.0,0.0,0
0000327_03401_d_0000728.jpg,4,5,4.47,0.0,0.0,0
0000327_03401_d_0000728.jpg,3,6,4.24,0.0,0.0,0
0000327_03401_d_0000728.jpg,3,10,5.48,0.0,0.0,0
0000327_03601_d_0000729.jpg,20,43,29.33,0.7681,0.6495,1
0000327_03601_d_0000729.jpg,12,24,16.97,0.7847,0.1613,1
0000327_03601_d_0000729.jpg,11,27,17.23,0.8472,0.396,1
0000327_03601_d_0000729.jpg,7,19,11.53,0.0,0.0,0
0000327_03601_d_0000729.jpg,7,19,11.53,0.0,0.0,0
0000327_03601_d_0000729.jpg,10,12,10.95,0.0,0.0,0
0000327_03601_d_0000729.jpg,21,28,24.25,0.0,0.0,0
0000327_03601_d_0000729.jpg,22,28,24.82,0.0,0.0,0
0000327_03601_d_0000729.jpg,15,21,17.75,0.0,0.0,0
0000327_03601_d_0000729.jpg,17,26,21.02,0.7137,0.5318,1
0000327_03601_d_0000729.jpg,10,18,13.42,0.0,0.0,0
0000327_03601_d_0000729.jpg,9,20,13.42,0.0,0.0,0
0000327_03601_d_0000729.jpg,27,41,33.27,0.6386,0.6485,1
0000327_03601_d_0000729.jpg,17,39,25.75,0.7903,0.6151,1
0000327_03801_d_0000730.jpg,18,30,23.24,0.7621,0.7535,1
0000327_03801_d_0000730.jpg,25,55,37.08,0.8599,0.8164,1
0000327_03801_d_0000730.jpg,13,43,23.64,0.8416,0.6427,1
0000327_03801_d_0000730.jpg,14,39,23.37,0.6408,0.655,1
0000327_03801_d_0000730.jpg,12,23,16.61,0.0,0.0,0
0000327_03801_d_0000730.jpg,13,24,17.66,0.0,0.0,0
0000327_03801_d_0000730.jpg,12,24,16.97,0.0,0.0,0
0000327_03801_d_0000730.jpg,13,18,15.3,0.0,0.0,0
0000327_03801_d_0000730.jpg,7,22,12.41,0.0,0.0,0
0000327_03801_d_0000730.jpg,8,21,12.96,0.0,0.0,0
0000327_03801_d_0000730.jpg,9,22,14.07,0.0,0.0,0
0000327_03801_d_0000730.jpg,8,13,10.2,0.0,0.0,0
0000327_03801_d_0000730.jpg,9,17,12.37,0.0,0.0,0
0000327_03801_d_0000730.jpg,6,19,10.68,0.0,0.0,0
0000327_03801_d_0000730.jpg,8,20,12.65,0.0,0.0,0
0000327_03801_d_0000730.jpg,8,21,12.96,0.0,0.0,0
0000327_03801_d_0000730.jpg,7,18,11.22,0.0,0.0,0
0000327_03801_d_0000730.jpg,7,22,12.41,0.0,0.0,0
0000327_03801_d_0000730.jpg,7,21,12.12,0.0,0.0,0
0000327_03801_d_0000730.jpg,6,13,8.83,0.0,0.0,0
0000327_03801_d_0000730.jpg,8,15,10.95,0.0,0.0,0
0000327_03801_d_0000730.jpg,9,18,12.73,0.0,0.0,0
0000327_03801_d_0000730.jpg,10,23,15.17,0.7486,0.2032,1
0000327_03801_d_0000730.jpg,5,15,8.66,0.2367,0.2939,0
0000327_03801_d_0000730.jpg,11,22,15.56,0.4755,0.2243,0
0000327_03801_d_0000730.jpg,9,21,13.75,0.7332,0.3243,1
0000327_03801_d_0000730.jpg,10,23,15.17,0.0,0.0,0
0000327_03801_d_0000730.jpg,8,20,12.65,0.0,0.0,0
0000327_03801_d_0000730.jpg,12,21,15.87,0.0,0.0,0
0000327_03801_d_0000730.jpg,10,19,13.78,0.5061,0.1581,1
0000327_03801_d_0000730.jpg,8,18,12.0,0.0,0.0,0
0000327_03801_d_0000730.jpg,9,23,14.39,0.0,0.0,0
0000327_03801_d_0000730.jpg,12,19,15.1,0.0,0.0,0
0000327_03801_d_0000730.jpg,9,21,13.75,0.0,0.0,0
0000327_03801_d_0000730.jpg,11,21,15.2,0.3115,0.2532,0
0000327_03801_d_0000730.jpg,10,21,14.49,0.0,0.0,0
0000327_03801_d_0000730.jpg,11,19,14.46,0.5255,0.1599,1
0000327_03801_d_0000730.jpg,6,13,8.83,0.0,0.0,0
0000327_03801_d_0000730.jpg,6,11,8.12,0.0,0.0,0
0000327_03801_d_0000730.jpg,8,17,11.66,0.0,0.0,0
0000327_03801_d_0000730.jpg,9,15,11.62,0.5012,0.3096,1
0000327_04001_d_0000731.jpg,14,20,16.73,0.0,0.0,0
0000327_04001_d_0000731.jpg,8,23,13.56,0.0,0.0,0
0000327_04001_d_0000731.jpg,7,25,13.23,0.0,0.0,0
0000327_04001_d_0000731.jpg,9,26,15.3,0.0,0.0,0
0000327_04001_d_0000731.jpg,6,25,12.25,0.0,0.0,0
0000327_04001_d_0000731.jpg,8,23,13.56,0.0,0.0,0
0000327_04001_d_0000731.jpg,7,21,12.12,0.0,0.0,0
0000327_04001_d_0000731.jpg,7,22,12.41,0.0,0.0,0
0000327_04001_d_0000731.jpg,6,21,11.22,0.0,0.0,0
0000327_04001_d_0000731.jpg,8,19,12.33,0.0,0.0,0
0000327_04001_d_0000731.jpg,8,22,13.27,0.0,0.0,0
0000327_04001_d_0000731.jpg,7,19,11.53,0.0,0.0,0
0000327_04001_d_0000731.jpg,8,13,10.2,0.0,0.0,0
0000327_04001_d_0000731.jpg,7,14,9.9,0.0,0.0,0
0000327_04001_d_0000731.jpg,9,15,11.62,0.0,0.0,0
0000327_04001_d_0000731.jpg,10,17,13.04,0.0,0.0,0
0000327_04001_d_0000731.jpg,12,15,13.42,0.0,0.0,0
0000327_04001_d_0000731.jpg,10,18,13.42,0.0,0.0,0
0000327_04001_d_0000731.jpg,12,16,13.86,0.5701,0.1754,1
0000327_04001_d_0000731.jpg,7,12,9.17,0.0,0.0,0
0000327_04001_d_0000731.jpg,10,14,11.83,0.0,0.0,0
0000327_04001_d_0000731.jpg,7,20,11.83,0.0,0.0,0
0000327_04001_d_0000731.jpg,5,19,9.75,0.0,0.0,0
0000327_04001_d_0000731.jpg,7,15,10.25,0.0,0.0,0
0000327_04001_d_0000731.jpg,6,9,7.35,0.0,0.0,0
0000327_04001_d_0000731.jpg,6,12,8.49,0.0,0.0,0
0000327_04001_d_0000731.jpg,6,8,6.93,0.0,0.0,0
0000327_04001_d_0000731.jpg,5,9,6.71,0.0,0.0,0
0000327_04001_d_0000731.jpg,5,7,5.92,0.0,0.0,0
0000327_04001_d_0000731.jpg,4,5,4.47,0.0,0.0,0
0000327_04001_d_0000731.jpg,4,5,4.47,0.0,0.0,0
0000327_04001_d_0000731.jpg,6,10,7.75,0.0,0.0,0
0000327_04001_d_0000731.jpg,5,8,6.32,0.0,0.0,0
0000327_04001_d_0000731.jpg,6,13,8.83,0.0,0.0,0
0000327_04001_d_0000731.jpg,4,6,4.9,0.0,0.0,0
0000327_04001_d_0000731.jpg,7,15,10.25,0.0,0.0,0
0000327_04001_d_0000731.jpg,4,11,6.63,0.0,0.0,0
0000327_04001_d_0000731.jpg,4,20,8.94,0.0,0.0,0
0000327_04001_d_0000731.jpg,9,27,15.59,0.7653,0.4709,1
0000327_04001_d_0000731.jpg,10,13,11.4,0.0,0.0,0
0000327_04001_d_0000731.jpg,8,16,11.31,0.7894,0.1579,1
0000327_04001_d_0000731.jpg,14,28,19.8,0.7417,0.5095,1
0000327_04001_d_0000731.jpg,8,25,14.14,0.7751,0.1766,1
0000327_04001_d_0000731.jpg,8,26,14.42,0.7799,0.2779,1
0000327_04001_d_0000731.jpg,9,21,13.75,0.0,0.0,0
0000327_04001_d_0000731.jpg,11,25,16.58,0.5864,0.2511,1
0000327_04001_d_0000731.jpg,8,23,13.56,0.4157,0.4603,0
0000327_04001_d_0000731.jpg,8,22,13.27,0.6547,0.2312,1
0000327_04001_d_0000731.jpg,9,21,13.75,0.7751,0.1531,1
0000327_04001_d_0000731.jpg,11,22,15.56,0.0,0.0,0
0000327_04001_d_0000731.jpg,8,23,13.56,0.0687,0.2669,0
0000327_04001_d_0000731.jpg,12,23,16.61,0.7271,0.2445,1
0000327_04001_d_0000731.jpg,9,27,15.59,0.2147,0.3868,0
0000327_04201_d_0000732.jpg,19,43,28.58,0.9268,0.6189,1
0000327_04201_d_0000732.jpg,13,25,18.03,0.6,0.4018,1
0000327_04201_d_0000732.jpg,22,31,26.12,0.5301,0.3964,1
0000327_04201_d_0000732.jpg,16,35,23.66,0.8141,0.5052,1
0000327_04201_d_0000732.jpg,11,31,18.47,0.7768,0.1723,1
0000327_04201_d_0000732.jpg,12,32,19.6,0.7971,0.2648,1
0000327_04201_d_0000732.jpg,14,30,20.49,0.0281,0.1652,0
0000327_04201_d_0000732.jpg,12,32,19.6,0.8607,0.2038,1
0000327_04201_d_0000732.jpg,12,29,18.65,0.7657,0.4106,1
0000327_04201_d_0000732.jpg,18,35,25.1,0.68,0.2084,1
0000327_04201_d_0000732.jpg,11,31,18.47,0.8897,0.419,1
0000327_04201_d_0000732.jpg,16,31,22.27,0.4971,0.1606,0
0000327_04201_d_0000732.jpg,10,32,17.89,0.0,0.0,0
0000327_04201_d_0000732.jpg,15,22,18.17,0.0,0.0,0
0000327_04201_d_0000732.jpg,9,18,12.73,0.0,0.0,0
0000327_04201_d_0000732.jpg,22,44,31.11,0.6818,0.2935,1
0000327_04201_d_0000732.jpg,18,35,25.1,0.5239,0.4433,1
0000327_04201_d_0000732.jpg,19,43,28.58,0.0,0.0,0
0000327_04201_d_0000732.jpg,12,26,17.66,0.6726,0.2727,1
0000327_04201_d_0000732.jpg,9,23,14.39,0.8121,0.3361,1
0000327_04201_d_0000732.jpg,8,19,12.33,0.0,0.0,0
0000327_04201_d_0000732.jpg,13,35,21.33,0.8386,0.4541,1
0000327_04201_d_0000732.jpg,13,32,20.4,0.8171,0.36,1
0000327_04201_d_0000732.jpg,12,33,19.9,0.6616,0.4476,1
0000327_04201_d_0000732.jpg,11,26,16.91,0.5025,0.3326,1
0000327_04201_d_0000732.jpg,10,26,16.12,0.0447,0.4297,0
0000327_04201_d_0000732.jpg,8,30,15.49,0.0,0.0,0
0000327_04201_d_0000732.jpg,10,28,16.73,0.4484,0.3769,0
0000327_04201_d_0000732.jpg,12,20,15.49,0.0,0.0,0
0000327_04201_d_0000732.jpg,9,24,14.7,0.0,0.0,0
0000327_04201_d_0000732.jpg,8,21,12.96,0.0,0.0,0
0000327_04201_d_0000732.jpg,12,16,13.86,0.0,0.0,0
0000327_04201_d_0000732.jpg,11,18,14.07,0.0,0.0,0
0000327_04201_d_0000732.jpg,9,21,13.75,0.0,0.0,0
0000327_04201_d_0000732.jpg,5,11,7.42,0.0,0.0,0
0000327_04201_d_0000732.jpg,7,18,11.22,0.0,0.0,0
0000327_04201_d_0000732.jpg,7,20,11.83,0.0,0.0,0
0000327_04201_d_0000732.jpg,6,20,10.95,0.0,0.0,0
0000327_04201_d_0000732.jpg,9,20,13.42,0.0,0.0,0
0000327_04201_d_0000732.jpg,7,18,11.22,0.0,0.0,0
0000327_04201_d_0000732.jpg,7,19,11.53,0.0,0.0,0
0000327_04201_d_0000732.jpg,6,12,8.49,0.0,0.0,0
0000327_04201_d_0000732.jpg,4,13,7.21,0.0,0.0,0
0000327_04201_d_0000732.jpg,4,12,6.93,0.0,0.0,0
0000327_04201_d_0000732.jpg,4,13,7.21,0.0,0.0,0
0000327_04201_d_0000732.jpg,4,12,6.93,0.0,0.0,0
0000327_04201_d_0000732.jpg,7,18,11.22,0.0,0.0,0
0000327_04201_d_0000732.jpg,3,8,4.9,0.0,0.0,0
0000330_00001_d_0000800.jpg,10,26,16.12,0.0,0.0,0
0000330_00001_d_0000800.jpg,7,13,9.54,0.0,0.0,0
0000330_00001_d_0000800.jpg,8,17,11.66,0.0,0.0,0
0000330_00001_d_0000800.jpg,4,15,7.75,0.0,0.0,0
0000330_00001_d_0000800.jpg,5,13,8.06,0.0,0.0,0
0000330_00001_d_0000800.jpg,5,12,7.75,0.0,0.0,0
0000330_00001_d_0000800.jpg,5,10,7.07,0.0,0.0,0
0000330_00001_d_0000800.jpg,3,6,4.24,0.0,0.0,0
0000330_00001_d_0000800.jpg,6,11,8.12,0.0,0.0,0
0000330_00001_d_0000800.jpg,8,12,9.8,0.0,0.0,0
0000330_00001_d_0000800.jpg,9,17,12.37,0.0,0.0,0
0000330_00001_d_0000800.jpg,12,28,18.33,0.0,0.0,0
0000330_00001_d_0000800.jpg,9,23,14.39,0.0,0.0,0
0000330_00001_d_0000800.jpg,5,23,10.72,0.0375,0.1699,0
0000330_00001_d_0000800.jpg,9,22,14.07,0.0,0.0,0
0000330_00001_d_0000800.jpg,4,11,6.63,0.0,0.0,0
0000330_00001_d_0000800.jpg,12,25,17.32,0.0,0.0,0
0000330_00001_d_0000800.jpg,7,18,11.22,0.0,0.0,0
0000330_00001_d_0000800.jpg,11,25,16.58,0.0,0.0,0
0000330_00001_d_0000800.jpg,18,51,30.3,0.79,0.6328,1
0000330_00001_d_0000800.jpg,24,49,34.29,0.9267,0.3039,1
0000330_00201_d_0000801.jpg,10,29,17.03,0.8229,0.384,1
0000330_00201_d_0000801.jpg,7,24,12.96,0.4492,0.2574,0
0000330_00201_d_0000801.jpg,11,31,18.47,0.5589,0.2902,1
0000330_00201_d_0000801.jpg,10,28,16.73,0.7643,0.4263,1
0000330_00201_d_0000801.jpg,13,24,17.66,0.0,0.0,0
0000330_00201_d_0000801.jpg,23,56,35.89,0.7835,0.5318,1
0000330_00201_d_0000801.jpg,15,33,22.25,0.8593,0.1918,1
0000330_00201_d_0000801.jpg,23,57,36.21,0.8851,0.7247,1
0000330_00201_d_0000801.jpg,25,62,39.37,0.8228,0.7959,1
0000330_00201_d_0000801.jpg,27,74,44.7,0.6512,0.5435,1
0000330_00201_d_0000801.jpg,11,20,14.83,0.0,0.0,0
0000330_00201_d_0000801.jpg,7,14,9.9,0.0,0.0,0
0000330_00201_d_0000801.jpg,3,6,4.24,0.0,0.0,0
0000330_00201_d_0000801.jpg,5,13,8.06,0.0,0.0,0
0000330_00201_d_0000801.jpg,6,13,8.83,0.0,0.0,0
0000330_00201_d_0000801.jpg,3,8,4.9,0.0,0.0,0
0000330_00201_d_0000801.jpg,13,33,20.71,0.7871,0.4596,1
0000330_00201_d_0000801.jpg,7,19,11.53,0.0,0.0,0
0000330_00201_d_0000801.jpg,6,14,9.17,0.0,0.0,0
0000330_00201_d_0000801.jpg,7,15,10.25,0.0,0.0,0
0000330_00201_d_0000801.jpg,3,8,4.9,0.0,0.0,0
0000330_00201_d_0000801.jpg,8,26,14.42,0.0,0.0,0
0000330_00201_d_0000801.jpg,11,26,16.91,0.0,0.0,0
0000330_00201_d_0000801.jpg,10,30,17.32,0.0,0.0,0
0000330_00201_d_0000801.jpg,12,20,15.49,0.0378,0.2116,0
0000330_00201_d_0000801.jpg,9,31,16.7,0.0,0.0,0
0000330_00201_d_0000801.jpg,11,17,13.67,0.0,0.0,0
0000330_00201_d_0000801.jpg,13,18,15.3,0.0,0.0,0
0000330_00201_d_0000801.jpg,12,20,15.49,0.0,0.0,0
0000330_00201_d_0000801.jpg,9,26,15.3,0.0,0.0,0
0000330_00201_d_0000801.jpg,7,18,11.22,0.0,0.0,0
0000330_00201_d_0000801.jpg,6,13,8.83,0.0,0.0,0
0000330_00201_d_0000801.jpg,6,15,9.49,0.0,0.0,0
0000330_00201_d_0000801.jpg,3,12,6.0,0.0,0.0,0
0000330_00201_d_0000801.jpg,5,13,8.06,0.0,0.0,0
0000330_00201_d_0000801.jpg,3,12,6.0,0.0,0.0,0
0000330_00201_d_0000801.jpg,5,13,8.06,0.0,0.0,0
0000330_00201_d_0000801.jpg,6,13,8.83,0.0,0.0,0
0000330_00201_d_0000801.jpg,4,11,6.63,0.0,0.0,0
0000330_00201_d_0000801.jpg,5,13,8.06,0.0,0.0,0
0000330_00401_d_0000802.jpg,10,25,15.81,0.7318,0.3748,1
0000330_00401_d_0000802.jpg,9,25,15.0,0.1642,0.3997,0
0000330_00401_d_0000802.jpg,12,29,18.65,0.0043,0.4828,0
0000330_00401_d_0000802.jpg,10,22,14.83,0.0,0.0,0
0000330_00401_d_0000802.jpg,11,27,17.23,0.838,0.2858,1
0000330_00401_d_0000802.jpg,9,27,15.59,0.5136,0.2378,1
0000330_00401_d_0000802.jpg,9,29,16.16,0.4001,0.3438,0
0000330_00401_d_0000802.jpg,8,17,11.66,0.0,0.0,0
0000330_00401_d_0000802.jpg,5,12,7.75,0.0,0.0,0
0000330_00401_d_0000802.jpg,6,16,9.8,0.0,0.0,0
0000330_00401_d_0000802.jpg,6,15,9.49,0.0,0.0,0
0000330_00401_d_0000802.jpg,6,16,9.8,0.0,0.0,0
0000330_00401_d_0000802.jpg,6,20,10.95,0.0,0.0,0
0000330_00401_d_0000802.jpg,6,20,10.95,0.0,0.0,0
0000330_00401_d_0000802.jpg,5,17,9.22,0.0,0.0,0
0000330_00401_d_0000802.jpg,8,19,12.33,0.0,0.0,0
0000330_00401_d_0000802.jpg,5,20,10.0,0.0,0.0,0
0000330_00401_d_0000802.jpg,8,15,10.95,0.0,0.0,0
0000330_00401_d_0000802.jpg,7,17,10.91,0.7184,0.1914,1
0000330_00401_d_0000802.jpg,7,17,10.91,0.6702,0.2227,1
0000330_00401_d_0000802.jpg,6,19,10.68,0.0,0.0,0
0000330_00401_d_0000802.jpg,7,21,12.12,0.0,0.0,0
0000330_00401_d_0000802.jpg,6,24,12.0,0.0,0.0,0
0000330_00401_d_0000802.jpg,9,20,13.42,0.0,0.0,0
0000330_00401_d_0000802.jpg,8,22,13.27,0.0,0.0,0
0000330_00401_d_0000802.jpg,12,30,18.97,0.0,0.0,0
0000330_00401_d_0000802.jpg,12,21,15.87,0.0,0.0,0
0000330_00401_d_0000802.jpg,12,24,16.97,0.0,0.0,0
0000330_00401_d_0000802.jpg,12,27,18.0,0.0,0.0,0
0000330_00401_d_0000802.jpg,17,32,23.32,0.3149,0.2087,0
0000330_00401_d_0000802.jpg,14,38,23.07,0.6428,0.493,1
0000330_00401_d_0000802.jpg,16,39,24.98,0.5671,0.4462,1
0000330_00401_d_0000802.jpg,18,49,29.7,0.0,0.0,0
0000330_00401_d_0000802.jpg,19,46,29.56,0.0,0.0,0
0000330_00401_d_0000802.jpg,22,61,36.63,0.9105,0.7238,1
0000330_00401_d_0000802.jpg,37,62,47.9,0.7941,0.7166,1
0000330_00401_d_0000802.jpg,27,60,40.25,0.7421,0.5707,1
0000330_00401_d_0000802.jpg,24,65,39.5,0.8392,0.6583,1
0000330_00601_d_0000803.jpg,12,36,20.78,0.0,0.0,0
0000330_00601_d_0000803.jpg,9,31,16.7,0.0,0.0,0
0000330_00601_d_0000803.jpg,10,39,19.75,0.0,0.0,0
0000330_00601_d_0000803.jpg,14,37,22.76,0.0,0.0,0
0000330_00601_d_0000803.jpg,8,28,14.97,0.7885,0.3322,1
0000330_00601_d_0000803.jpg,10,30,17.32,0.4787,0.1744,0
0000330_00601_d_0000803.jpg,8,18,12.0,0.4896,0.5563,0
0000330_00601_d_0000803.jpg,8,16,11.31,0.4845,0.5249,0
0000330_00601_d_0000803.jpg,11,24,16.25,0.4208,0.2952,0
0000330_00601_d_0000803.jpg,7,25,13.23,0.6751,0.3505,1
0000330_00601_d_0000803.jpg,7,15,10.25,0.3582,0.2323,0
0000330_00601_d_0000803.jpg,23,51,34.25,0.7686,0.7045,1
0000330_00601_d_0000803.jpg,13,32,20.4,0.7494,0.191,1
0000330_00601_d_0000803.jpg,18,34,24.74,0.3537,0.2837,0
0000330_00601_d_0000803.jpg,18,25,21.21,0.1077,0.1898,0
0000330_00601_d_0000803.jpg,13,22,16.91,0.2375,0.2008,0
0000330_00601_d_0000803.jpg,17,25,20.62,0.4181,0.2184,0
0000330_00601_d_0000803.jpg,7,13,9.54,0.0,0.0,0
0000330_00801_d_0000804.jpg,12,38,21.35,0.7482,0.7114,1
0000330_00801_d_0000804.jpg,11,28,17.55,0.7942,0.3449,1
0000330_00801_d_0000804.jpg,46,68,55.93,0.8088,0.596,1
0000330_00801_d_0000804.jpg,14,31,20.83,0.6961,0.2712,1
0000330_00801_d_0000804.jpg,27,69,43.16,0.6916,0.833,1
0000330_00801_d_0000804.jpg,10,36,18.97,0.0,0.0,0
0000330_00801_d_0000804.jpg,8,15,10.95,0.0,0.0,0
0000330_00801_d_0000804.jpg,19,44,28.91,0.7507,0.6009,1
0000330_00801_d_0000804.jpg,16,41,25.61,0.4952,0.5301,0
0000330_00801_d_0000804.jpg,6,19,10.68,0.0,0.0,0
0000330_00801_d_0000804.jpg,6,19,10.68,0.0,0.0,0
0000330_00801_d_0000804.jpg,5,16,8.94,0.0,0.0,0
0000330_00801_d_0000804.jpg,45,24,32.86,0.0,0.0,0
0000330_00801_d_0000804.jpg,8,16,11.31,0.0,0.0,0
0000330_00801_d_0000804.jpg,8,13,10.2,0.0,0.0,0
0000330_00801_d_0000804.jpg,4,12,6.93,0.0,0.0,0
0000330_00801_d_0000804.jpg,5,10,7.07,0.0,0.0,0
0000330_00801_d_0000804.jpg,5,13,8.06,0.0,0.0,0
0000330_01001_d_0000805.jpg,6,16,9.8,0.0,0.0,0
0000330_01001_d_0000805.jpg,9,23,14.39,0.0,0.0,0
0000330_01001_d_0000805.jpg,11,27,17.23,0.0,0.0,0
0000330_01001_d_0000805.jpg,13,39,22.52,0.6566,0.3198,1
0000330_01001_d_0000805.jpg,13,30,19.75,0.8465,0.3627,1
0000330_01001_d_0000805.jpg,14,40,23.66,0.7414,0.2429,1
0000330_01001_d_0000805.jpg,8,22,13.27,0.0,0.0,0
0000330_01001_d_0000805.jpg,14,35,22.14,0.7492,0.4961,1
0000330_01001_d_0000805.jpg,13,38,22.23,0.7312,0.4193,1
0000330_01001_d_0000805.jpg,11,40,20.98,0.6572,0.7841,1
0000330_01001_d_0000805.jpg,6,22,11.49,0.5451,0.4422,1
0000330_01001_d_0000805.jpg,7,23,12.69,0.3661,0.3141,0
0000330_01001_d_0000805.jpg,7,19,11.53,0.0,0.0,0
0000330_01001_d_0000805.jpg,10,18,13.42,0.0,0.0,0
0000330_01001_d_0000805.jpg,7,10,8.37,0.0,0.0,0
0000330_01001_d_0000805.jpg,5,7,5.92,0.0,0.0,0
0000330_01001_d_0000805.jpg,6,13,8.83,0.0,0.0,0
0000330_01001_d_0000805.jpg,6,12,8.49,0.0,0.0,0
0000330_01001_d_0000805.jpg,29,48,37.31,0.6712,0.5968,1
0000330_01001_d_0000805.jpg,20,33,25.69,0.6815,0.3526,1
0000330_01001_d_0000805.jpg,14,32,21.17,0.7989,0.2374,1
0000330_01001_d_0000805.jpg,5,10,7.07,0.0,0.0,0
0000330_01001_d_0000805.jpg,8,17,11.66,0.0,0.0,0
0000330_01001_d_0000805.jpg,13,32,20.4,0.0,0.0,0
0000330_01001_d_0000805.jpg,15,39,24.19,0.0391,0.1643,0
0000330_01001_d_0000805.jpg,10,28,16.73,0.3536,0.3205,0
0000330_01001_d_0000805.jpg,15,27,20.12,0.0,0.0,0
0000330_01001_d_0000805.jpg,11,26,16.91,0.3745,0.1765,0
0000330_01001_d_0000805.jpg,9,27,15.59,0.2599,0.2824,0
0000330_01201_d_0000806.jpg,19,62,34.32,0.8972,0.4203,1
0000330_01201_d_0000806.jpg,36,68,49.48,0.7763,0.5805,1
0000330_01201_d_0000806.jpg,34,53,42.45,0.4825,0.6077,0
0000330_01201_d_0000806.jpg,14,38,23.07,0.5531,0.5877,1
0000330_01201_d_0000806.jpg,15,28,20.49,0.0,0.0,0
0000330_01201_d_0000806.jpg,26,51,36.41,0.85,0.7897,1
0000330_01201_d_0000806.jpg,9,12,10.39,0.0,0.0,0
0000330_01201_d_0000806.jpg,6,18,10.39,0.61,0.206,1
0000330_01201_d_0000806.jpg,6,19,10.68,0.6054,0.2153,1
0000330_01201_d_0000806.jpg,7,9,7.94,0.0,0.0,0
0000330_01201_d_0000806.jpg,6,16,9.8,0.0,0.0,0
0000330_01201_d_0000806.jpg,6,12,8.49,0.0,0.0,0
0000330_01201_d_0000806.jpg,4,13,7.21,0.0,0.0,0
0000330_01201_d_0000806.jpg,5,12,7.75,0.0,0.0,0
0000330_01201_d_0000806.jpg,5,9,6.71,0.0,0.0,0
0000330_01201_d_0000806.jpg,4,15,7.75,0.0,0.0,0
0000330_01201_d_0000806.jpg,4,13,7.21,0.0,0.0,0
0000330_01201_d_0000806.jpg,5,10,7.07,0.0,0.0,0
0000330_01201_d_0000806.jpg,12,29,18.65,0.0,0.0,0
0000330_01201_d_0000806.jpg,4,15,7.75,0.0,0.0,0
0000330_01201_d_0000806.jpg,6,20,10.95,0.0,0.0,0
0000330_01201_d_0000806.jpg,7,17,10.91,0.0,0.0,0
0000330_01201_d_0000806.jpg,9,22,14.07,0.0,0.0,0
0000330_01201_d_0000806.jpg,12,18,14.7,0.0,0.0,0
0000330_01201_d_0000806.jpg,9,20,13.42,0.0,0.0,0
0000330_01201_d_0000806.jpg,9,26,15.3,0.0,0.0,0
0000330_01201_d_0000806.jpg,8,17,11.66,0.0,0.0,0
0000330_01201_d_0000806.jpg,5,19,9.75,0.0,0.0,0
0000330_01201_d_0000806.jpg,7,16,10.58,0.0,0.0,0
0000330_01201_d_0000806.jpg,4,14,7.48,0.0,0.0,0
0000330_01201_d_0000806.jpg,5,13,8.06,0.0,0.0,0
0000330_01201_d_0000806.jpg,6,18,10.39,0.0,0.0,0
0000330_01201_d_0000806.jpg,6,18,10.39,0.0,0.0,0
0000330_01201_d_0000806.jpg,7,15,10.25,0.0,0.0,0
0000330_01401_d_0000807.jpg,12,38,21.35,0.6657,0.7147,1
0000330_01401_d_0000807.jpg,26,40,32.25,0.7331,0.4075,1
0000330_01401_d_0000807.jpg,14,31,20.83,0.6189,0.3286,1
0000330_01401_d_0000807.jpg,20,39,27.93,0.0,0.0,0
0000330_01401_d_0000807.jpg,15,37,23.56,0.5934,0.2482,1
0000330_01401_d_0000807.jpg,15,35,22.91,0.0,0.0,0
0000330_01401_d_0000807.jpg,18,39,26.5,0.8462,0.2424,1
0000330_01401_d_0000807.jpg,20,36,26.83,0.0,0.0,0
0000330_01401_d_0000807.jpg,15,36,23.24,0.0,0.0,0
0000330_01401_d_0000807.jpg,15,31,21.56,0.0,0.0,0
0000330_01401_d_0000807.jpg,19,36,26.15,0.0,0.0,0
0000330_01401_d_0000807.jpg,13,27,18.73,0.7903,0.3904,1
0000330_01401_d_0000807.jpg,12,29,18.65,0.4619,0.2178,0
0000330_01401_d_0000807.jpg,13,21,16.52,0.4965,0.2422,0
0000330_01401_d_0000807.jpg,16,25,20.0,0.0,0.0,0
0000330_01401_d_0000807.jpg,15,24,18.97,0.0,0.0,0
0000330_01401_d_0000807.jpg,14,34,21.82,0.9127,0.1835,1
0000330_01401_d_0000807.jpg,11,26,16.91,0.8152,0.6004,1
0000330_01401_d_0000807.jpg,10,22,14.83,0.0,0.0,0
0000330_01401_d_0000807.jpg,5,20,10.0,0.0,0.0,0
0000330_01401_d_0000807.jpg,8,16,11.31,0.0,0.0,0
0000330_01401_d_0000807.jpg,8,11,9.38,0.0,0.0,0
0000330_01401_d_0000807.jpg,6,17,10.1,0.0,0.0,0
0000330_01401_d_0000807.jpg,7,19,11.53,0.0,0.0,0
0000330_01401_d_0000807.jpg,7,17,10.91,0.0,0.0,0
0000330_01401_d_0000807.jpg,11,19,14.46,0.0,0.0,0
0000330_01401_d_0000807.jpg,11,18,14.07,0.0,0.0,0
0000330_01401_d_0000807.jpg,11,20,14.83,0.0,0.0,0
0000330_01401_d_0000807.jpg,11,23,15.91,0.5795,0.2281,1
0000330_01401_d_0000807.jpg,13,26,18.38,0.6596,0.4923,1
0000330_01401_d_0000807.jpg,11,19,14.46,0.0,0.0,0
0000330_01401_d_0000807.jpg,14,33,21.49,0.2573,0.3298,0
0000330_01401_d_0000807.jpg,10,32,17.89,0.3882,0.4344,0
0000330_01401_d_0000807.jpg,15,28,20.49,0.8309,0.181,1
0000330_01401_d_0000807.jpg,14,31,20.83,0.8169,0.6147,1
0000330_01401_d_0000807.jpg,19,41,27.91,0.7399,0.4025,1
0000330_01401_d_0000807.jpg,23,44,31.81,0.3364,0.1758,0
0000330_01401_d_0000807.jpg,25,38,30.82,0.0,0.0,0
0000330_01401_d_0000807.jpg,18,37,25.81,0.0,0.0,0
0000330_01401_d_0000807.jpg,18,40,26.83,0.0,0.0,0
0000330_01401_d_0000807.jpg,15,35,22.91,0.0,0.0,0
0000330_01401_d_0000807.jpg,11,23,15.91,0.0,0.0,0
0000330_01401_d_0000807.jpg,8,19,12.33,0.8297,0.235,1
0000330_01401_d_0000807.jpg,7,21,12.12,0.7633,0.5647,1
0000330_01401_d_0000807.jpg,7,16,10.58,0.0,0.0,0
0000330_01401_d_0000807.jpg,8,18,12.0,0.0,0.0,0
0000330_01401_d_0000807.jpg,8,20,12.65,0.0,0.0,0
0000330_01401_d_0000807.jpg,8,12,9.8,0.0,0.0,0
0000330_01401_d_0000807.jpg,7,12,9.17,0.0,0.0,0
0000330_01401_d_0000807.jpg,6,18,10.39,0.0,0.0,0
0000330_01401_d_0000807.jpg,6,13,8.83,0.0,0.0,0
0000330_01401_d_0000807.jpg,4,8,5.66,0.0,0.0,0
0000330_01401_d_0000807.jpg,4,7,5.29,0.0,0.0,0
0000330_01401_d_0000807.jpg,6,7,6.48,0.0,0.0,0
0000330_01601_d_0000808.jpg,6,19,10.68,0.0,0.0,0
0000330_01601_d_0000808.jpg,10,16,12.65,0.0,0.0,0
0000330_01601_d_0000808.jpg,11,22,15.56,0.718,0.2004,1
0000330_01601_d_0000808.jpg,8,16,11.31,0.0,0.0,0
0000330_01601_d_0000808.jpg,28,37,32.19,0.6031,0.7219,1
0000330_01601_d_0000808.jpg,19,50,30.82,0.8834,0.5787,1
0000330_01601_d_0000808.jpg,15,44,25.69,0.7335,0.1797,1
0000330_01601_d_0000808.jpg,23,43,31.45,0.7572,0.2736,1
0000330_01601_d_0000808.jpg,11,35,19.62,0.8272,0.751,1
0000330_01601_d_0000808.jpg,7,22,12.41,0.0,0.0,0
0000330_01601_d_0000808.jpg,10,21,14.49,0.0,0.0,0
0000330_01601_d_0000808.jpg,9,24,14.7,0.0,0.0,0
0000330_01601_d_0000808.jpg,9,19,13.08,0.0,0.0,0
0000330_01601_d_0000808.jpg,13,18,15.3,0.2087,0.1546,0
0000330_01601_d_0000808.jpg,12,25,17.32,0.6597,0.6331,1
0000330_01601_d_0000808.jpg,10,23,15.17,0.6327,0.6547,1
0000330_01601_d_0000808.jpg,3,5,3.87,0.0,0.0,0
0000330_01601_d_0000808.jpg,3,9,5.2,0.0,0.0,0
0000330_01601_d_0000808.jpg,3,13,6.24,0.0,0.0,0
0000330_01601_d_0000808.jpg,4,10,6.32,0.0,0.0,0
0000330_01601_d_0000808.jpg,7,10,8.37,0.0,0.0,0
0000330_01601_d_0000808.jpg,7,20,11.83,0.3281,0.3155,0
0000330_01601_d_0000808.jpg,8,22,13.27,0.4514,0.3579,0
0000330_01601_d_0000808.jpg,11,25,16.58,0.4586,0.5398,0
0000330_01601_d_0000808.jpg,6,22,11.49,0.0,0.0,0
0000330_01601_d_0000808.jpg,7,22,12.41,0.634,0.1526,1
0000330_01601_d_0000808.jpg,5,22,10.49,0.0,0.0,0
0000330_01601_d_0000808.jpg,5,21,10.25,0.0187,0.1517,0
0000330_01601_d_0000808.jpg,6,22,11.49,0.0074,0.2182,0
0000330_01801_d_0000809.jpg,15,32,21.91,0.7348,0.1508,1
0000330_01801_d_0000809.jpg,11,21,15.2,0.0,0.0,0
0000330_01801_d_0000809.jpg,14,21,17.15,0.0,0.0,0
0000330_01801_d_0000809.jpg,14,27,19.44,0.5966,0.3394,1
0000330_01801_d_0000809.jpg,19,32,24.66,0.6698,0.2547,1
0000330_01801_d_0000809.jpg,10,26,16.12,0.9283,0.3847,1
0000330_01801_d_0000809.jpg,10,29,17.03,0.8343,0.5302,1
0000330_01801_d_0000809.jpg,19,32,24.66,0.3406,0.1791,0
0000330_01801_d_0000809.jpg,42,45,43.47,0.8226,0.3119,1
0000330_01801_d_0000809.jpg,35,50,41.83,0.9753,0.3744,1
0000330_01801_d_0000809.jpg,25,39,31.22,0.0,0.0,0
0000330_01801_d_0000809.jpg,30,45,36.74,0.0,0.0,0
0000330_01801_d_0000809.jpg,19,61,34.04,0.7595,0.359,1
0000330_01801_d_0000809.jpg,40,60,48.99,0.7043,0.5859,1
0000330_01801_d_0000809.jpg,12,28,18.33,0.0,0.0,0
0000330_01801_d_0000809.jpg,27,21,23.81,0.0,0.0,0
0000330_01801_d_0000809.jpg,13,21,16.52,0.0,0.0,0
0000330_01801_d_0000809.jpg,12,29,18.65,0.0,0.0,0
0000330_01801_d_0000809.jpg,9,28,15.87,0.0,0.0,0
0000330_01801_d_0000809.jpg,14,26,19.08,0.0,0.0,0
0000330_01801_d_0000809.jpg,12,29,18.65,0.6995,0.5646,1
0000330_01801_d_0000809.jpg,12,31,19.29,0.7652,0.28,1
0000330_01801_d_0000809.jpg,16,27,20.78,0.7578,0.2484,1
0000330_01801_d_0000809.jpg,11,21,15.2,0.3261,0.2454,0
0000330_01801_d_0000809.jpg,6,20,10.95,0.2318,0.1804,0
0000330_01801_d_0000809.jpg,35,57,44.67,0.7054,0.4116,1
0000330_01801_d_0000809.jpg,24,51,34.99,0.8981,0.7243,1
0000330_01801_d_0000809.jpg,13,27,18.73,0.6757,0.5802,1
0000330_01801_d_0000809.jpg,17,29,22.2,0.6447,0.7011,1
0000330_02001_d_0000810.jpg,26,52,36.77,0.8088,0.778,1
0000330_02001_d_0000810.jpg,32,51,40.4,0.9285,0.7225,1
0000330_02001_d_0000810.jpg,20,37,27.2,0.5545,0.3629,1
0000330_02001_d_0000810.jpg,30,46,37.15,0.658,0.2875,1
0000330_02001_d_0000810.jpg,9,26,15.3,0.7462,0.6139,1
0000330_02001_d_0000810.jpg,9,26,15.3,0.7275,0.4089,1
0000330_02001_d_0000810.jpg,7,26,13.49,0.2243,0.1565,0
0000330_02001_d_0000810.jpg,5,24,10.95,0.369,0.1932,0
0000330_02001_d_0000810.jpg,8,28,14.97,0.0,0.0,0
0000330_02001_d_0000810.jpg,7,24,12.96,0.0,0.0,0
0000330_02001_d_0000810.jpg,9,25,15.0,0.0,0.0,0
0000330_02001_d_0000810.jpg,13,18,15.3,0.0,0.0,0
0000330_02001_d_0000810.jpg,9,24,14.7,0.0,0.0,0
0000330_02001_d_0000810.jpg,19,32,24.66,0.8104,0.17,1
0000330_02001_d_0000810.jpg,12,27,18.0,0.0,0.0,0
0000330_02001_d_0000810.jpg,9,16,12.0,0.0,0.0,0
0000330_02001_d_0000810.jpg,3,8,4.9,0.0,0.0,0
0000330_02201_d_0000811.jpg,25,51,35.71,0.8837,0.6059,1
0000330_02201_d_0000811.jpg,21,41,29.34,0.6814,0.6231,1
0000330_02201_d_0000811.jpg,14,25,18.71,0.8442,0.3018,1
0000330_02201_d_0000811.jpg,13,25,18.03,0.5713,0.4702,1
0000330_02201_d_0000811.jpg,12,19,15.1,0.4323,0.4136,0
0000330_02201_d_0000811.jpg,23,50,33.91,0.8104,0.706,1
0000330_02201_d_0000811.jpg,28,48,36.66,0.8122,0.5391,1
0000330_02201_d_0000811.jpg,30,30,30.0,0.3849,0.419,0
0000330_02201_d_0000811.jpg,21,26,23.37,0.6135,0.1816,1
0000330_02201_d_0000811.jpg,14,24,18.33,0.3615,0.3828,0
0000330_02201_d_0000811.jpg,12,24,16.97,0.4713,0.2949,0
0000330_02201_d_0000811.jpg,17,23,19.77,0.0,0.0,0
0000330_02201_d_0000811.jpg,9,26,15.3,0.0302,0.163,0
0000330_02201_d_0000811.jpg,8,23,13.56,0.0,0.0,0
0000330_02201_d_0000811.jpg,8,29,15.23,0.0,0.0,0
0000330_02201_d_0000811.jpg,9,23,14.39,0.0,0.0,0
0000330_02201_d_0000811.jpg,8,20,12.65,0.0097,0.1925,0
0000330_02201_d_0000811.jpg,10,31,17.61,0.8616,0.3196,1
0000330_02201_d_0000811.jpg,9,29,16.16,0.766,0.5829,1
0000330_02801_d_0000814.jpg,17,32,23.32,0.8263,0.6714,1
0000330_02801_d_0000814.jpg,15,38,23.87,0.7533,0.6152,1
0000330_02801_d_0000814.jpg,13,32,20.4,0.921,0.7861,1
0000330_02801_d_0000814.jpg,20,35,26.46,0.7586,0.1836,1
0000330_02801_d_0000814.jpg,33,60,44.5,0.8572,0.6878,1
0000330_02801_d_0000814.jpg,24,54,36.0,0.863,0.7277,1
0000330_02801_d_0000814.jpg,10,20,14.14,0.561,0.2506,1
0000330_02801_d_0000814.jpg,12,27,18.0,0.7857,0.479,1
0000330_02801_d_0000814.jpg,13,18,15.3,0.7945,0.1682,1
0000330_02801_d_0000814.jpg,19,28,23.07,0.8108,0.2525,1
0000330_02801_d_0000814.jpg,14,37,22.76,0.0,0.0,0
0000330_02801_d_0000814.jpg,14,26,19.08,0.0,0.0,0
0000330_02801_d_0000814.jpg,15,29,20.86,0.7471,0.2643,1
0000330_02801_d_0000814.jpg,9,27,15.59,0.7015,0.1595,1
0000330_02801_d_0000814.jpg,9,27,15.59,0.0,0.0,0
0000330_02801_d_0000814.jpg,9,24,14.7,0.0,0.0,0
0000330_02801_d_0000814.jpg,11,23,15.91,0.0,0.0,0
0000330_02801_d_0000814.jpg,12,31,19.29,0.5357,0.1531,1
0000330_03001_d_0000815.jpg,13,31,20.07,0.7728,0.2331,1
0000330_03001_d_0000815.jpg,25,30,27.39,0.6552,0.337,1
0000330_03001_d_0000815.jpg,19,32,24.66,0.6958,0.1798,1
0000330_03001_d_0000815.jpg,19,25,21.79,0.0,0.0,0
0000330_03001_d_0000815.jpg,18,33,24.37,0.6345,0.3719,1
0000330_03001_d_0000815.jpg,12,37,21.07,0.773,0.601,1
0000330_03001_d_0000815.jpg,13,30,19.75,0.7855,0.5413,1
0000330_03001_d_0000815.jpg,10,30,17.32,0.0,0.0,0
0000330_03001_d_0000815.jpg,12,28,18.33,0.6202,0.2476,1
0000330_03001_d_0000815.jpg,9,28,15.87,0.0,0.0,0
0000330_03001_d_0000815.jpg,10,25,15.81,0.0,0.0,0
0000330_03001_d_0000815.jpg,9,20,13.42,0.5328,0.1675,1
0000330_03001_d_0000815.jpg,11,22,15.56,0.0,0.0,0
0000330_03001_d_0000815.jpg,10,23,15.17,0.0,0.0,0
0000330_03001_d_0000815.jpg,14,34,21.82,0.0,0.0,0
0000330_03001_d_0000815.jpg,14,30,20.49,0.75,0.575,1
0000330_03001_d_0000815.jpg,12,26,17.66,0.0,0.0,0
0000330_03001_d_0000815.jpg,15,32,21.91,0.2829,0.2304,0
0000330_03201_d_0000816.jpg,12,26,17.66,0.0,0.0,0
0000330_03201_d_0000816.jpg,16,33,22.98,0.8778,0.6297,1
0000330_03201_d_0000816.jpg,16,31,22.27,0.7809,0.4202,1
0000330_03201_d_0000816.jpg,20,34,26.08,0.9464,0.4204,1
0000330_03201_d_0000816.jpg,14,34,21.82,0.0,0.0,0
0000330_03201_d_0000816.jpg,15,33,22.25,0.4975,0.2609,0
0000330_03201_d_0000816.jpg,15,32,21.91,0.6195,0.2736,1
0000330_03201_d_0000816.jpg,7,23,12.69,0.0,0.0,0
0000330_03201_d_0000816.jpg,8,27,14.7,0.0,0.0,0
0000330_03201_d_0000816.jpg,12,22,16.25,0.0,0.0,0
0000330_03201_d_0000816.jpg,10,26,16.12,0.0,0.0,0
0000330_03201_d_0000816.jpg,16,38,24.66,0.8529,0.5581,1
0000330_03201_d_0000816.jpg,30,53,39.87,0.4565,0.4202,0
0000330_03201_d_0000816.jpg,26,55,37.82,0.3883,0.1522,0
0000330_03201_d_0000816.jpg,28,40,33.47,0.8383,0.4533,1
0000330_03201_d_0000816.jpg,36,46,40.69,0.5825,0.4769,1
0000330_03201_d_0000816.jpg,25,40,31.62,0.7765,0.1549,1
0000330_03201_d_0000816.jpg,18,38,26.15,0.8162,0.4148,1
0000330_03201_d_0000816.jpg,13,22,16.91,0.0,0.0,0
0000330_03201_d_0000816.jpg,16,35,23.66,0.0,0.0,0
0000330_03201_d_0000816.jpg,13,32,20.4,0.8594,0.5985,1
0000330_03201_d_0000816.jpg,17,35,24.39,0.8462,0.3708,1
0000330_03201_d_0000816.jpg,17,36,24.74,0.602,0.6617,1
0000330_03201_d_0000816.jpg,18,38,26.15,0.6426,0.15,1
0000330_03201_d_0000816.jpg,17,31,22.96,0.4041,0.1718,0
0000330_03201_d_0000816.jpg,12,29,18.65,0.5368,0.1554,1
0000330_03201_d_0000816.jpg,10,29,17.03,0.0,0.0,0
0000330_04001_d_0000820.jpg,32,51,40.4,0.8947,0.2405,1
0000330_04001_d_0000820.jpg,41,46,43.43,0.0,0.0,0
0000330_04001_d_0000820.jpg,24,40,30.98,0.883,0.5824,1
0000330_04001_d_0000820.jpg,15,36,23.24,0.0,0.0,0
0000330_04001_d_0000820.jpg,24,54,36.0,0.783,0.5976,1
0000330_04001_d_0000820.jpg,26,41,32.65,0.6558,0.263,1
0000330_04001_d_0000820.jpg,31,45,37.35,0.7587,0.3904,1
0000330_04001_d_0000820.jpg,14,33,21.49,0.3006,0.247,0
0000330_04001_d_0000820.jpg,17,48,28.57,0.6812,0.249,1
0000330_04001_d_0000820.jpg,34,76,50.83,0.9203,0.8224,1
0000330_04001_d_0000820.jpg,45,58,51.09,0.8639,0.5963,1
0000330_04001_d_0000820.jpg,27,68,42.85,0.8669,0.7631,1
0000330_04001_d_0000820.jpg,45,36,40.25,0.0,0.0,0
0000330_04001_d_0000820.jpg,18,30,23.24,0.0,0.0,0
0000330_04001_d_0000820.jpg,32,43,37.09,0.9146,0.3249,1
0000330_04001_d_0000820.jpg,23,38,29.56,0.0,0.0,0
0000330_04001_d_0000820.jpg,33,46,38.96,0.0,0.0,0
0000330_04201_d_0000821.jpg,11,14,12.41,0.0,0.0,0
0000330_04201_d_0000821.jpg,12,24,16.97,0.5236,0.3897,1
0000330_04201_d_0000821.jpg,32,49,39.6,0.9079,0.6753,1
0000330_04201_d_0000821.jpg,22,39,29.29,0.8152,0.6136,1
0000330_04201_d_0000821.jpg,52,49,50.48,0.0,0.0,0
0000330_04201_d_0000821.jpg,36,47,41.13,0.8027,0.1935,1
0000330_04201_d_0000821.jpg,8,14,10.58,0.0,0.0,0
0000330_04201_d_0000821.jpg,6,15,9.49,0.0,0.0,0
0000330_04201_d_0000821.jpg,6,16,9.8,0.0,0.0,0
0000330_04201_d_0000821.jpg,6,15,9.49,0.0,0.0,0
0000330_04201_d_0000821.jpg,8,18,12.0,0.6687,0.3184,1
0000330_04201_d_0000821.jpg,8,20,12.65,0.7624,0.2102,1
0000330_04201_d_0000821.jpg,6,20,10.95,0.5633,0.2046,1
0000330_04201_d_0000821.jpg,8,22,13.27,0.006,0.1854,0
0000330_04201_d_0000821.jpg,7,20,11.83,0.3499,0.1723,0
0000330_04201_d_0000821.jpg,9,19,13.08,0.0,0.0,0
0000330_04201_d_0000821.jpg,8,19,12.33,0.0,0.0,0
0000330_04201_d_0000821.jpg,8,25,14.14,0.0,0.0,0
0000330_04201_d_0000821.jpg,11,29,17.86,0.0,0.0,0
0000330_04201_d_0000821.jpg,13,26,18.38,0.0,0.0,0
0000330_04201_d_0000821.jpg,12,28,18.33,0.0,0.0,0
0000330_04201_d_0000821.jpg,18,26,21.63,0.0,0.0,0
0000330_04201_d_0000821.jpg,13,19,15.72,0.0,0.0,0
0000330_04201_d_0000821.jpg,13,30,19.75,0.0,0.0,0
0000330_04201_d_0000821.jpg,13,28,19.08,0.3839,0.2382,0
0000330_04201_d_0000821.jpg,8,22,13.27,0.0,0.0,0
0000330_04201_d_0000821.jpg,9,22,14.07,0.0,0.0,0
0000330_04201_d_0000821.jpg,15,32,21.91,0.7807,0.2624,1
0000330_04201_d_0000821.jpg,11,41,21.24,0.8447,0.3315,1
0000330_04201_d_0000821.jpg,19,40,27.57,0.7602,0.2544,1
0000330_04201_d_0000821.jpg,10,32,17.89,0.8688,0.4843,1
0000330_04201_d_0000821.jpg,11,32,18.76,0.72,0.551,1
0000330_04201_d_0000821.jpg,12,32,19.6,0.8015,0.6129,1
0000330_04201_d_0000821.jpg,11,37,20.17,0.8527,0.4718,1
0000330_04201_d_0000821.jpg,17,36,24.74,0.9281,0.1795,1
0000330_04201_d_0000821.jpg,14,34,21.82,0.7307,0.4331,1
0000330_04201_d_0000821.jpg,15,34,22.58,0.3553,0.2744,0
0000330_04201_d_0000821.jpg,13,35,21.33,0.9428,0.4339,1
0000330_04201_d_0000821.jpg,11,31,18.47,0.0,0.0,0
0000330_04201_d_0000821.jpg,13,29,19.42,0.0,0.0,0
0000330_04201_d_0000821.jpg,11,29,17.86,0.0,0.0,0
0000330_04201_d_0000821.jpg,35,48,40.99,0.857,0.5371,1
0000330_04201_d_0000821.jpg,13,35,21.33,0.1958,0.2744,0
0000330_04201_d_0000821.jpg,11,32,18.76,0.0,0.0,0
0000330_04201_d_0000821.jpg,9,28,15.87,0.0,0.0,0
0000330_04201_d_0000821.jpg,9,30,16.43,0.0,0.0,0
0000330_04201_d_0000821.jpg,9,27,15.59,0.0,0.0,0
0000330_04201_d_0000821.jpg,14,34,21.82,0.5382,0.1905,1
0000330_04201_d_0000821.jpg,12,33,19.9,0.7654,0.214,1
0000330_04201_d_0000821.jpg,8,32,16.0,0.1297,0.3388,0
0000330_04201_d_0000821.jpg,16,34,23.32,0.0373,0.1632,0
0000330_04201_d_0000821.jpg,13,30,19.75,0.0,0.0,0
0000330_04201_d_0000821.jpg,15,32,21.91,0.7596,0.6169,1
0000330_04201_d_0000821.jpg,15,35,22.91,0.7761,0.1727,1
0000330_04201_d_0000821.jpg,12,34,20.2,0.7907,0.5253,1
0000330_04201_d_0000821.jpg,9,23,14.39,0.5632,0.2698,1
0000330_04201_d_0000821.jpg,25,54,36.74,0.6243,0.6414,1
0000330_04201_d_0000821.jpg,14,28,19.8,0.8004,0.2984,1
0000330_04201_d_0000821.jpg,16,41,25.61,0.8149,0.5873,1
0000330_04201_d_0000821.jpg,19,45,29.24,0.7119,0.597,1
0000330_04201_d_0000821.jpg,15,32,21.91,0.8499,0.5439,1
0000330_04201_d_0000821.jpg,15,44,25.69,0.7991,0.6636,1
0000330_04201_d_0000821.jpg,13,32,20.4,0.8454,0.4391,1
0000330_04201_d_0000821.jpg,16,32,22.63,0.0,0.0,0
0000330_04401_d_0000822.jpg,11,19,14.46,0.0,0.0,0
0000330_04401_d_0000822.jpg,19,33,25.04,0.7335,0.6047,1
0000330_04401_d_0000822.jpg,13,32,20.4,0.694,0.628,1
0000330_04401_d_0000822.jpg,12,14,12.96,0.5992,0.5045,1
0000330_04401_d_0000822.jpg,7,13,9.54,0.3986,0.5045,0
0000330_04401_d_0000822.jpg,18,30,23.24,0.5807,0.2191,1
0000330_04401_d_0000822.jpg,8,20,12.65,0.0,0.0,0
0000330_04401_d_0000822.jpg,14,26,19.08,0.1104,0.3331,0
0000330_04401_d_0000822.jpg,7,29,14.25,0.519,0.1578,1
0000330_04401_d_0000822.jpg,9,31,16.7,0.5364,0.4711,1
0000330_04401_d_0000822.jpg,18,41,27.17,0.8616,0.6786,1
0000330_04401_d_0000822.jpg,19,35,25.79,0.7567,0.6642,1
0000330_04401_d_0000822.jpg,11,31,18.47,0.7805,0.5711,1
0000330_04401_d_0000822.jpg,13,31,20.07,0.5294,0.4998,1
0000330_04401_d_0000822.jpg,11,22,15.56,0.6471,0.2132,1
0000330_04601_d_0000823.jpg,14,23,17.94,0.0,0.0,0
0000330_04601_d_0000823.jpg,18,24,20.78,0.2191,0.1945,0
0000330_04601_d_0000823.jpg,12,35,20.49,0.0,0.0,0
0000330_04601_d_0000823.jpg,16,35,23.66,0.0,0.0,0
0000330_04601_d_0000823.jpg,18,40,26.83,0.7376,0.2489,1
0000330_04601_d_0000823.jpg,16,34,23.32,0.7704,0.2294,1
0000330_04601_d_0000823.jpg,12,26,17.66,0.6072,0.2628,1
0000330_04601_d_0000823.jpg,14,39,23.37,0.4809,0.349,0
0000330_04601_d_0000823.jpg,11,35,19.62,0.4628,0.349,0
0000330_04601_d_0000823.jpg,18,36,25.46,0.886,0.2438,1
0000330_04601_d_0000823.jpg,17,19,17.97,0.3244,0.303,0
0000330_04601_d_0000823.jpg,15,29,20.86,0.4394,0.4816,0
0000330_04601_d_0000823.jpg,10,13,11.4,0.0,0.0,0
0000330_04601_d_0000823.jpg,7,15,10.25,0.0,0.0,0
0000330_04601_d_0000823.jpg,9,21,13.75,0.0,0.0,0
0000330_04601_d_0000823.jpg,4,11,6.63,0.0,0.0,0
0000330_04601_d_0000823.jpg,4,10,6.32,0.0,0.0,0
0000330_04601_d_0000823.jpg,6,10,7.75,0.0,0.0,0
0000333_00001_d_0000001.jpg,8,12,9.8,0.0,0.0,0
0000333_00001_d_0000001.jpg,5,13,8.06,0.0,0.0,0
0000333_00001_d_0000001.jpg,10,13,11.4,0.0,0.0,0
0000333_00001_d_0000001.jpg,8,12,9.8,0.0,0.0,0
0000333_00001_d_0000001.jpg,6,10,7.75,0.0,0.0,0
0000333_00001_d_0000001.jpg,8,8,8.0,0.0,0.0,0
0000333_00001_d_0000001.jpg,9,16,12.0,0.0,0.0,0
0000333_00001_d_0000001.jpg,7,19,11.53,0.0,0.0,0
0000333_00001_d_0000001.jpg,6,15,9.49,0.0,0.0,0
0000333_00001_d_0000001.jpg,9,14,11.22,0.0,0.0,0
0000333_00001_d_0000001.jpg,5,11,7.42,0.0,0.0,0
0000333_00001_d_0000001.jpg,5,8,6.32,0.0,0.0,0
0000333_00001_d_0000001.jpg,9,12,10.39,0.0,0.0,0
0000333_00001_d_0000001.jpg,9,11,9.95,0.0,0.0,0
0000333_00001_d_0000001.jpg,8,18,12.0,0.0,0.0,0
0000333_00001_d_0000001.jpg,14,16,14.97,0.0,0.0,0
0000333_00001_d_0000001.jpg,11,11,11.0,0.0,0.0,0
0000333_00001_d_0000001.jpg,17,17,17.0,0.0,0.0,0
0000333_00001_d_0000001.jpg,14,12,12.96,0.0,0.0,0
0000333_00001_d_0000001.jpg,18,11,14.07,0.0,0.0,0
0000333_00001_d_0000001.jpg,16,12,13.86,0.0,0.0,0
0000333_00001_d_0000001.jpg,17,12,14.28,0.0,0.0,0
0000333_00001_d_0000001.jpg,16,10,12.65,0.0,0.0,0
0000333_00001_d_0000001.jpg,10,9,9.49,0.0,0.0,0
0000333_01765_d_0000010.jpg,9,7,7.94,0.0,0.0,0
0000333_01765_d_0000010.jpg,13,11,11.96,0.0,0.0,0
0000333_01765_d_0000010.jpg,17,7,10.91,0.0,0.0,0
0000333_01765_d_0000010.jpg,9,5,6.71,0.0,0.0,0
0000333_01765_d_0000010.jpg,7,8,7.48,0.0,0.0,0
0000333_01765_d_0000010.jpg,7,12,9.17,0.0,0.0,0
0000333_01765_d_0000010.jpg,6,8,6.93,0.0,0.0,0
0000333_01765_d_0000010.jpg,6,7,6.48,0.0,0.0,0
0000333_01765_d_0000010.jpg,9,13,10.82,0.0,0.0,0
0000333_01765_d_0000010.jpg,8,12,9.8,0.0,0.0,0
0000333_01765_d_0000010.jpg,6,8,6.93,0.0,0.0,0
0000333_01765_d_0000010.jpg,8,10,8.94,0.0,0.0,0
0000333_01765_d_0000010.jpg,5,8,6.32,0.0,0.0,0
0000333_01765_d_0000010.jpg,6,5,5.48,0.0,0.0,0
0000333_01765_d_0000010.jpg,6,6,6.0,0.0,0.0,0
0000333_01765_d_0000010.jpg,7,7,7.0,0.0,0.0,0
0000333_01765_d_0000010.jpg,8,11,9.38,0.0,0.0,0
0000333_01765_d_0000010.jpg,6,9,7.35,0.0,0.0,0
0000333_01765_d_0000010.jpg,6,6,6.0,0.0,0.0,0
0000333_01765_d_0000010.jpg,11,8,9.38,0.0,0.0,0
0000333_01765_d_0000010.jpg,7,5,5.92,0.0,0.0,0
0000333_01765_d_0000010.jpg,6,5,5.48,0.0,0.0,0
0000333_01765_d_0000010.jpg,8,7,7.48,0.0,0.0,0
0000333_01765_d_0000010.jpg,9,11,9.95,0.0,0.0,0
0000333_01765_d_0000010.jpg,8,11,9.38,0.0,0.0,0
0000333_01765_d_0000010.jpg,7,8,7.48,0.0,0.0,0
0000333_01765_d_0000010.jpg,9,10,9.49,0.0,0.0,0
0000333_01765_d_0000010.jpg,8,10,8.94,0.0,0.0,0
0000333_01765_d_0000010.jpg,6,8,6.93,0.0,0.0,0
0000333_01765_d_0000010.jpg,8,7,7.48,0.0,0.0,0
0000333_01765_d_0000010.jpg,7,8,7.48,0.0,0.0,0
0000333_01765_d_0000010.jpg,9,9,9.0,0.0,0.0,0
0000333_01765_d_0000010.jpg,7,8,7.48,0.0,0.0,0
0000333_01765_d_0000010.jpg,7,11,8.77,0.0,0.0,0
0000333_01961_d_0000011.jpg,7,13,9.54,0.0,0.0,0
0000333_01961_d_0000011.jpg,7,12,9.17,0.0,0.0,0
0000333_01961_d_0000011.jpg,8,10,8.94,0.0,0.0,0
0000333_01961_d_0000011.jpg,7,6,6.48,0.0,0.0,0
0000333_01961_d_0000011.jpg,7,7,7.0,0.0,0.0,0
0000333_01961_d_0000011.jpg,6,8,6.93,0.0,0.0,0
0000333_01961_d_0000011.jpg,7,7,7.0,0.0,0.0,0
0000333_02157_d_0000012.jpg,5,12,7.75,0.0,0.0,0
0000333_02157_d_0000012.jpg,9,8,8.49,0.0,0.0,0
0000333_02157_d_0000012.jpg,13,11,11.96,0.0,0.0,0
0000333_02157_d_0000012.jpg,12,11,11.49,0.0,0.0,0
0000333_02157_d_0000012.jpg,13,11,11.96,0.0,0.0,0
0000333_02353_d_0000013.jpg,13,12,12.49,0.0,0.0,0
0000333_02353_d_0000013.jpg,8,10,8.94,0.0,0.0,0
0000333_02353_d_0000013.jpg,9,11,9.95,0.0,0.0,0
0000333_02353_d_0000013.jpg,11,9,9.95,0.0,0.0,0
0000333_02353_d_0000013.jpg,10,6,7.75,0.0,0.0,0
0000333_02353_d_0000013.jpg,9,8,8.49,0.0,0.0,0
0000333_02353_d_0000013.jpg,9,12,10.39,0.0,0.0,0
0000333_02353_d_0000013.jpg,6,10,7.75,0.0,0.0,0
0000333_02353_d_0000013.jpg,9,7,7.94,0.0,0.0,0
0000333_02353_d_0000013.jpg,8,8,8.0,0.0,0.0,0
0000333_02353_d_0000013.jpg,6,10,7.75,0.0,0.0,0
0000333_02353_d_0000013.jpg,6,9,7.35,0.0,0.0,0
0000333_02353_d_0000013.jpg,7,10,8.37,0.0,0.0,0
0000333_02353_d_0000013.jpg,5,11,7.42,0.0,0.0,0
0000333_02353_d_0000013.jpg,5,8,6.32,0.0,0.0,0
0000333_02353_d_0000013.jpg,8,10,8.94,0.0,0.0,0
0000333_02353_d_0000013.jpg,7,10,8.37,0.0,0.0,0
0000333_02353_d_0000013.jpg,8,9,8.49,0.0,0.0,0
0000333_02353_d_0000013.jpg,7,12,9.17,0.0,0.0,0
0000333_02353_d_0000013.jpg,6,9,7.35,0.0,0.0,0
0000333_02353_d_0000013.jpg,7,10,8.37,0.0,0.0,0
0000333_02353_d_0000013.jpg,7,8,7.48,0.0,0.0,0
0000333_02353_d_0000013.jpg,7,9,7.94,0.0,0.0,0
0000333_02549_d_0000014.jpg,13,8,10.2,0.0,0.0,0
0000333_02549_d_0000014.jpg,8,14,10.58,0.0,0.0,0
0000333_02549_d_0000014.jpg,9,11,9.95,0.0,0.0,0
0000333_02549_d_0000014.jpg,10,13,11.4,0.0,0.0,0
0000333_02549_d_0000014.jpg,6,8,6.93,0.0,0.0,0
0000333_02549_d_0000014.jpg,7,6,6.48,0.0,0.0,0
0000333_02549_d_0000014.jpg,9,7,7.94,0.0,0.0,0
0000333_02549_d_0000014.jpg,7,9,7.94,0.0,0.0,0
0000333_02549_d_0000014.jpg,6,8,6.93,0.0,0.0,0
0000333_02549_d_0000014.jpg,7,8,7.48,0.0,0.0,0
0000333_02549_d_0000014.jpg,6,11,8.12,0.0,0.0,0
0000333_02549_d_0000014.jpg,5,8,6.32,0.0,0.0,0
0000333_02549_d_0000014.jpg,8,10,8.94,0.0,0.0,0
0000333_02549_d_0000014.jpg,9,8,8.49,0.0,0.0,0
0000333_02549_d_0000014.jpg,7,8,7.48,0.0,0.0,0
0000333_02549_d_0000014.jpg,12,5,7.75,0.0,0.0,0
0000333_02549_d_0000014.jpg,8,11,9.38,0.0,0.0,0
0000333_02549_d_0000014.jpg,8,10,8.94,0.0,0.0,0
0000333_02549_d_0000014.jpg,8,9,8.49,0.0,0.0,0
0000333_02549_d_0000014.jpg,10,10,10.0,0.0,0.0,0
0000333_02549_d_0000014.jpg,10,8,8.94,0.0,0.0,0
0000333_02549_d_0000014.jpg,21,48,31.75,0.0,0.0,0
0000333_02549_d_0000014.jpg,8,9,8.49,0.0,0.0,0
0000333_02549_d_0000014.jpg,5,10,7.07,0.0,0.0,0
0000333_02549_d_0000014.jpg,8,10,8.94,0.0,0.0,0
0000333_02549_d_0000014.jpg,6,10,7.75,0.0,0.0,0
0000333_02549_d_0000014.jpg,7,9,7.94,0.0,0.0,0
0000333_02549_d_0000014.jpg,9,13,10.82,0.0,0.0,0
0000333_02549_d_0000014.jpg,6,11,8.12,0.0,0.0,0
0000333_02549_d_0000014.jpg,7,11,8.77,0.0,0.0,0
0000333_02549_d_0000014.jpg,6,10,7.75,0.0,0.0,0
0000333_02549_d_0000014.jpg,16,8,11.31,0.0,0.0,0
0000333_02549_d_0000014.jpg,16,8,11.31,0.0,0.0,0
0000333_02549_d_0000014.jpg,10,8,8.94,0.0,0.0,0
0000333_02745_d_0000015.jpg,28,52,38.16,0.0,0.0,0
0000333_02745_d_0000015.jpg,8,10,8.94,0.0,0.0,0
0000333_02745_d_0000015.jpg,5,8,6.32,0.0,0.0,0
0000333_02745_d_0000015.jpg,7,11,8.77,0.0,0.0,0
0000333_02745_d_0000015.jpg,9,10,9.49,0.0,0.0,0
0000333_02745_d_0000015.jpg,8,10,8.94,0.0,0.0,0
0000333_02745_d_0000015.jpg,7,11,8.77,0.0,0.0,0
0000333_02745_d_0000015.jpg,6,9,7.35,0.0,0.0,0
0000333_02745_d_0000015.jpg,8,8,8.0,0.0,0.0,0
0000333_02745_d_0000015.jpg,9,8,8.49,0.0,0.0,0
0000333_02745_d_0000015.jpg,5,7,5.92,0.0,0.0,0
0000333_02745_d_0000015.jpg,8,8,8.0,0.0,0.0,0
0000333_02745_d_0000015.jpg,7,10,8.37,0.0,0.0,0
0000333_02745_d_0000015.jpg,7,6,6.48,0.0,0.0,0
0000333_02745_d_0000015.jpg,7,10,8.37,0.0,0.0,0
0000333_02745_d_0000015.jpg,9,11,9.95,0.0,0.0,0
0000333_02745_d_0000015.jpg,9,11,9.95,0.0,0.0,0
0000333_02745_d_0000015.jpg,10,9,9.49,0.0,0.0,0
0000333_02941_d_0000016.jpg,8,8,8.0,0.0,0.0,0
0000333_02941_d_0000016.jpg,6,9,7.35,0.0,0.0,0
0000333_02941_d_0000016.jpg,9,6,7.35,0.0,0.0,0
0000333_02941_d_0000016.jpg,11,10,10.49,0.0,0.0,0
0000333_02941_d_0000016.jpg,8,11,9.38,0.0,0.0,0
0000333_02941_d_0000016.jpg,9,15,11.62,0.0,0.0,0
0000333_02941_d_0000016.jpg,11,7,8.77,0.0,0.0,0
0000333_02941_d_0000016.jpg,9,16,12.0,0.0,0.0,0
0000333_02941_d_0000016.jpg,8,11,9.38,0.0,0.0,0
0000333_02941_d_0000016.jpg,7,10,8.37,0.0,0.0,0
0000333_02941_d_0000016.jpg,8,12,9.8,0.0,0.0,0
0000333_02941_d_0000016.jpg,8,8,8.0,0.0,0.0,0
0000333_03137_d_0000017.jpg,7,11,8.77,0.0,0.0,0
0000333_03137_d_0000017.jpg,7,10,8.37,0.0,0.0,0
0000333_03137_d_0000017.jpg,6,13,8.83,0.0,0.0,0
0000333_03137_d_0000017.jpg,5,13,8.06,0.0,0.0,0
0000333_03137_d_0000017.jpg,5,10,7.07,0.0,0.0,0
0000333_03137_d_0000017.jpg,8,10,8.94,0.0,0.0,0
0000333_03137_d_0000017.jpg,8,10,8.94,0.0,0.0,0
0000333_03137_d_0000017.jpg,7,8,7.48,0.0,0.0,0
0000333_03137_d_0000017.jpg,7,9,7.94,0.0,0.0,0
0000333_03137_d_0000017.jpg,18,10,13.42,0.0,0.0,0
0000333_03137_d_0000017.jpg,8,11,9.38,0.0,0.0,0
0000333_03333_d_0000018.jpg,9,10,9.49,0.0,0.0,0
0000333_03333_d_0000018.jpg,8,10,8.94,0.0,0.0,0
0000333_03333_d_0000018.jpg,10,12,10.95,0.0,0.0,0
0000333_03333_d_0000018.jpg,13,7,9.54,0.0,0.0,0
0000333_03333_d_0000018.jpg,11,6,8.12,0.0,0.0,0
0000333_03333_d_0000018.jpg,9,7,7.94,0.0,0.0,0
0000333_03333_d_0000018.jpg,10,11,10.49,0.0,0.0,0
0000333_03333_d_0000018.jpg,7,9,7.94,0.0,0.0,0
0000333_03333_d_0000018.jpg,6,9,7.35,0.0,0.0,0
0000333_03333_d_0000018.jpg,8,11,9.38,0.0,0.0,0
0000333_03529_d_0000019.jpg,13,6,8.83,0.0,0.0,0
0000333_03529_d_0000019.jpg,7,8,7.48,0.0,0.0,0
0000333_03529_d_0000019.jpg,8,6,6.93,0.0,0.0,0
0000333_03529_d_0000019.jpg,9,9,9.0,0.0,0.0,0
0000333_03529_d_0000019.jpg,7,5,5.92,0.0,0.0,0
0000333_03529_d_0000019.jpg,7,9,7.94,0.0,0.0,0
0000333_03529_d_0000019.jpg,7,9,7.94,0.0,0.0,0
0000333_03529_d_0000019.jpg,10,11,10.49,0.0,0.0,0
0000333_03529_d_0000019.jpg,14,9,11.22,0.0,0.0,0
0000333_03529_d_0000019.jpg,11,9,9.95,0.0,0.0,0
0000333_03529_d_0000019.jpg,8,11,9.38,0.0,0.0,0
0000333_03529_d_0000019.jpg,7,11,8.77,0.0,0.0,0
0000333_03529_d_0000019.jpg,4,14,7.48,0.0,0.0,0
0000333_03529_d_0000019.jpg,8,12,9.8,0.0,0.0,0
0000333_03529_d_0000019.jpg,5,10,7.07,0.0,0.0,0
0000333_03529_d_0000019.jpg,7,7,7.0,0.0,0.0,0
0000333_03529_d_0000019.jpg,12,12,12.0,0.0,0.0,0
0000333_03529_d_0000019.jpg,17,8,11.66,0.0,0.0,0
0000333_03529_d_0000019.jpg,15,8,10.95,0.0,0.0,0
0000333_03529_d_0000019.jpg,7,8,7.48,0.0,0.0,0
0000333_03529_d_0000019.jpg,6,9,7.35,0.0,0.0,0
0000333_03529_d_0000019.jpg,8,9,8.49,0.0,0.0,0
0000333_03529_d_0000019.jpg,12,12,12.0,0.0,0.0,0
0000333_03529_d_0000019.jpg,7,10,8.37,0.0,0.0,0
0000333_03529_d_0000019.jpg,9,9,9.0,0.0,0.0,0
0000333_03529_d_0000019.jpg,7,10,8.37,0.0,0.0,0
0000333_03529_d_0000019.jpg,9,16,12.0,0.0,0.0,0
0000333_03725_d_0000020.jpg,15,8,10.95,0.0,0.0,0
0000333_03725_d_0000020.jpg,12,7,9.17,0.0,0.0,0
0000333_03725_d_0000020.jpg,11,8,9.38,0.0,0.0,0
0000333_03725_d_0000020.jpg,7,10,8.37,0.0,0.0,0
0000333_03725_d_0000020.jpg,8,10,8.94,0.0,0.0,0
0000333_03725_d_0000020.jpg,10,10,10.0,0.0,0.0,0
0000333_03725_d_0000020.jpg,22,22,22.0,0.0,0.0,0
0000333_03725_d_0000020.jpg,13,16,14.42,0.0,0.0,0
0000333_03725_d_0000020.jpg,9,14,11.22,0.0,0.0,0
0000333_03725_d_0000020.jpg,11,14,12.41,0.0,0.0,0
0000333_03725_d_0000020.jpg,10,13,11.4,0.0,0.0,0
0000333_03725_d_0000020.jpg,11,14,12.41,0.0,0.0,0
0000333_03725_d_0000020.jpg,12,17,14.28,0.0,0.0,0
0000333_03725_d_0000020.jpg,10,14,11.83,0.0,0.0,0
0000333_03725_d_0000020.jpg,10,16,12.65,0.0,0.0,0
0000333_03725_d_0000020.jpg,9,9,9.0,0.0,0.0,0
0000333_03725_d_0000020.jpg,9,13,10.82,0.0,0.0,0
0000333_03725_d_0000020.jpg,8,13,10.2,0.0,0.0,0
0000333_03725_d_0000020.jpg,6,11,8.12,0.0,0.0,0
0000333_03725_d_0000020.jpg,8,10,8.94,0.0,0.0,0
0000333_03725_d_0000020.jpg,8,11,9.38,0.0,0.0,0
0000335_00001_d_0000043.jpg,29,67,44.08,0.9133,0.7866,1
0000335_00001_d_0000043.jpg,22,46,31.81,0.0,0.0,0
0000335_00001_d_0000043.jpg,27,35,30.74,0.0,0.0,0
0000335_00001_d_0000043.jpg,19,34,25.42,0.7905,0.3608,1
0000335_00001_d_0000043.jpg,13,21,16.52,0.5694,0.4383,1
0000335_00001_d_0000043.jpg,10,23,15.17,0.6819,0.2637,1
0000335_00001_d_0000043.jpg,9,21,13.75,0.4117,0.2632,0
0000335_00001_d_0000043.jpg,12,33,19.9,0.0,0.0,0
0000335_00001_d_0000043.jpg,14,38,23.07,0.0,0.0,0
0000335_00001_d_0000043.jpg,13,38,22.23,0.7165,0.4408,1
0000335_00001_d_0000043.jpg,12,35,20.49,0.208,0.2183,0
0000335_00001_d_0000043.jpg,12,32,19.6,0.5571,0.1583,1
0000335_00001_d_0000043.jpg,12,31,19.29,0.0069,0.2102,0
0000335_00001_d_0000043.jpg,12,29,18.65,0.5973,0.2052,1
0000335_00197_d_0000044.jpg,21,49,32.08,0.9501,0.2712,1
0000335_00197_d_0000044.jpg,18,36,25.46,0.7257,0.6968,1
0000335_00197_d_0000044.jpg,8,25,14.14,0.0,0.0,0
0000335_00197_d_0000044.jpg,12,33,19.9,0.0478,0.2279,0
0000335_00197_d_0000044.jpg,13,30,19.75,0.4056,0.2849,0
0000335_00197_d_0000044.jpg,17,36,24.74,0.704,0.1543,1
0000335_00197_d_0000044.jpg,15,37,23.56,0.7454,0.2257,1
0000335_00197_d_0000044.jpg,9,26,15.3,0.543,0.3002,1
0000335_00197_d_0000044.jpg,12,43,22.72,0.4296,0.2269,0
0000335_00197_d_0000044.jpg,15,34,22.58,0.5822,0.2903,1
0000335_00197_d_0000044.jpg,14,29,20.15,0.0,0.0,0
0000335_00197_d_0000044.jpg,9,15,11.62,0.0,0.0,0
0000335_00197_d_0000044.jpg,11,19,14.46,0.5995,0.1506,1
0000335_00197_d_0000044.jpg,13,30,19.75,0.0,0.0,0
0000335_00197_d_0000044.jpg,13,32,20.4,0.5887,0.1803,1
0000335_00197_d_0000044.jpg,12,20,15.49,0.5993,0.4648,1
0000335_00393_d_0000045.jpg,21,65,36.95,0.8087,0.3568,1
0000335_00393_d_0000045.jpg,20,20,20.0,0.0,0.0,0
0000335_00393_d_0000045.jpg,21,36,27.5,0.5259,0.194,1
0000335_00393_d_0000045.jpg,24,53,35.67,0.7832,0.3466,1
0000335_00393_d_0000045.jpg,14,33,21.49,0.8498,0.7161,1
0000335_00393_d_0000045.jpg,16,31,22.27,0.0,0.0,0
0000335_00393_d_0000045.jpg,24,47,33.59,0.7366,0.7836,1
0000335_00393_d_0000045.jpg,19,42,28.25,0.4698,0.2497,0
0000335_00393_d_0000045.jpg,25,50,35.36,0.0921,0.2333,0
0000335_00393_d_0000045.jpg,11,46,22.49,0.4716,0.177,0
0000335_00393_d_0000045.jpg,18,48,29.39,0.7619,0.3925,1
0000335_00393_d_0000045.jpg,20,50,31.62,0.3673,0.2593,0
0000335_00393_d_0000045.jpg,26,38,31.43,0.0,0.0,0
0000335_00393_d_0000045.jpg,26,51,36.41,0.6983,0.7118,1
0000335_00589_d_0000046.jpg,19,36,26.15,0.0,0.0,0
0000335_00589_d_0000046.jpg,17,34,24.04,0.0,0.0,0
0000335_00589_d_0000046.jpg,21,41,29.34,0.8149,0.1824,1
0000335_00589_d_0000046.jpg,25,50,35.36,0.8109,0.6196,1
0000335_00589_d_0000046.jpg,21,55,33.99,0.7798,0.7882,1
0000335_00589_d_0000046.jpg,37,56,45.52,0.9322,0.3559,1
0000335_00589_d_0000046.jpg,17,43,27.04,0.9307,0.8326,1
0000335_00589_d_0000046.jpg,22,26,23.92,0.6372,0.2801,1
0000335_00785_d_0000047.jpg,6,17,10.1,0.0,0.0,0
0000335_00785_d_0000047.jpg,7,15,10.25,0.0,0.0,0
0000335_00785_d_0000047.jpg,5,17,9.22,0.0,0.0,0
0000335_00785_d_0000047.jpg,7,13,9.54,0.0,0.0,0
0000335_00785_d_0000047.jpg,7,14,9.9,0.0,0.0,0
0000335_00785_d_0000047.jpg,6,9,7.35,0.0,0.0,0
0000335_00785_d_0000047.jpg,5,10,7.07,0.0,0.0,0
0000335_00785_d_0000047.jpg,6,12,8.49,0.0,0.0,0
0000335_00785_d_0000047.jpg,8,23,13.56,0.0,0.0,0
0000335_00785_d_0000047.jpg,10,25,15.81,0.0,0.0,0
0000335_00785_d_0000047.jpg,32,33,32.5,0.594,0.6771,1
0000335_00785_d_0000047.jpg,25,42,32.4,0.6198,0.5362,1
0000335_00981_d_0000048.jpg,11,28,17.55,0.7292,0.4173,1
0000335_00981_d_0000048.jpg,10,26,16.12,0.8625,0.6347,1
0000335_00981_d_0000048.jpg,20,33,25.69,0.5855,0.6497,1
0000335_00981_d_0000048.jpg,15,18,16.43,0.4848,0.2982,0
0000335_00981_d_0000048.jpg,14,14,14.0,0.0,0.0,0
0000335_00981_d_0000048.jpg,7,17,10.91,0.1551,0.174,0
0000335_00981_d_0000048.jpg,7,18,11.22,0.4183,0.2204,0
0000335_00981_d_0000048.jpg,6,15,9.49,0.0,0.0,0
0000335_00981_d_0000048.jpg,5,16,8.94,0.0,0.0,0
0000335_00981_d_0000048.jpg,10,16,12.65,0.0,0.0,0
0000335_00981_d_0000048.jpg,5,10,7.07,0.0,0.0,0
0000335_00981_d_0000048.jpg,5,9,6.71,0.0,0.0,0
0000335_00981_d_0000048.jpg,6,11,8.12,0.0,0.0,0
0000335_00981_d_0000048.jpg,4,14,7.48,0.0,0.0,0
0000335_00981_d_0000048.jpg,2,9,4.24,0.0,0.0,0
0000335_00981_d_0000048.jpg,5,7,5.92,0.0,0.0,0
0000335_00981_d_0000048.jpg,4,8,5.66,0.0,0.0,0
0000335_00981_d_0000048.jpg,3,8,4.9,0.0,0.0,0
0000335_00981_d_0000048.jpg,5,6,5.48,0.0,0.0,0
0000335_01765_d_0000052.jpg,7,11,8.77,0.0,0.0,0
0000335_01765_d_0000052.jpg,4,15,7.75,0.0,0.0,0
0000335_01765_d_0000052.jpg,8,13,10.2,0.0,0.0,0
0000335_01765_d_0000052.jpg,4,9,6.0,0.0,0.0,0
0000335_01765_d_0000052.jpg,4,11,6.63,0.0,0.0,0
0000335_01765_d_0000052.jpg,8,19,12.33,0.0,0.0,0
0000335_01765_d_0000052.jpg,6,23,11.75,0.0,0.0,0
0000335_01765_d_0000052.jpg,7,16,10.58,0.0,0.0,0
0000335_01765_d_0000052.jpg,14,45,25.1,0.7265,0.779,1
0000335_01765_d_0000052.jpg,17,31,22.96,0.3489,0.2308,0
0000335_01765_d_0000052.jpg,21,33,26.32,0.0,0.0,0
0000335_01765_d_0000052.jpg,12,32,19.6,0.0,0.0,0
0000335_01765_d_0000052.jpg,12,33,19.9,0.0,0.0,0
0000335_01765_d_0000052.jpg,11,24,16.25,0.8199,0.5441,1
0000335_01765_d_0000052.jpg,9,26,15.3,0.8358,0.5217,1
0000335_01765_d_0000052.jpg,8,22,13.27,0.0,0.0,0
0000335_01765_d_0000052.jpg,24,49,34.29,0.6831,0.3647,1
0000335_01765_d_0000052.jpg,21,36,27.5,0.8369,0.2732,1
0000335_01765_d_0000052.jpg,13,33,20.71,0.8626,0.6887,1
0000335_01961_d_0000053.jpg,28,43,34.7,0.7003,0.4199,1
0000335_01961_d_0000053.jpg,15,19,16.88,0.0,0.0,0
0000335_01961_d_0000053.jpg,17,23,19.77,0.0,0.0,0
0000335_01961_d_0000053.jpg,14,34,21.82,0.632,0.6048,1
0000335_01961_d_0000053.jpg,9,23,14.39,0.4397,0.1615,0
0000335_01961_d_0000053.jpg,16,34,23.32,0.0,0.0,0
0000335_01961_d_0000053.jpg,11,19,14.46,0.0,0.0,0
0000335_01961_d_0000053.jpg,11,20,14.83,0.0,0.0,0
0000335_01961_d_0000053.jpg,13,25,18.03,0.8279,0.1888,1
0000335_01961_d_0000053.jpg,12,27,18.0,0.0,0.0,0
0000335_01961_d_0000053.jpg,12,22,16.25,0.0,0.0,0
0000335_01961_d_0000053.jpg,9,21,13.75,0.6244,0.3063,1
0000335_01961_d_0000053.jpg,9,11,9.95,0.3432,0.3488,0
0000335_01961_d_0000053.jpg,7,10,8.37,0.0,0.0,0
0000335_01961_d_0000053.jpg,16,22,18.76,0.0,0.0,0
0000335_01961_d_0000053.jpg,13,22,16.91,0.0,0.0,0
0000335_01961_d_0000053.jpg,12,21,15.87,0.0,0.0,0
0000335_01961_d_0000053.jpg,13,19,15.72,0.0,0.0,0
0000335_01961_d_0000053.jpg,13,26,18.38,0.0,0.0,0
0000335_01961_d_0000053.jpg,10,30,17.32,0.8703,0.4057,1
0000335_01961_d_0000053.jpg,7,16,10.58,0.0,0.0,0
0000335_01961_d_0000053.jpg,5,9,6.71,0.0,0.0,0
0000335_01961_d_0000053.jpg,9,8,8.49,0.0,0.0,0
0000335_02353_d_0000055.jpg,10,33,18.17,0.7765,0.4293,1
0000335_02353_d_0000055.jpg,17,36,24.74,0.7938,0.6269,1
0000335_02353_d_0000055.jpg,13,37,21.93,0.0,0.0,0
0000335_02353_d_0000055.jpg,9,25,15.0,0.8359,0.3709,1
0000335_02353_d_0000055.jpg,27,39,32.45,0.5695,0.2077,1
0000335_02353_d_0000055.jpg,17,29,22.2,0.0,0.0,0
0000335_02353_d_0000055.jpg,14,27,19.44,0.0,0.0,0
0000335_02353_d_0000055.jpg,15,31,21.56,0.7173,0.1682,1
0000335_02353_d_0000055.jpg,16,32,22.63,0.0,0.0,0
0000335_02353_d_0000055.jpg,16,23,19.18,0.0,0.0,0
0000335_02353_d_0000055.jpg,21,38,28.25,0.0,0.0,0
0000335_02353_d_0000055.jpg,4,15,7.75,0.0007,0.2115,0
0000335_02353_d_0000055.jpg,5,9,6.71,0.0,0.0,0
0000335_02353_d_0000055.jpg,11,20,14.83,0.0,0.0,0
0000335_02353_d_0000055.jpg,7,16,10.58,0.6155,0.2533,1
0000335_02353_d_0000055.jpg,10,16,12.65,0.5356,0.1682,1
0000335_02353_d_0000055.jpg,7,16,10.58,0.5191,0.3964,1
0000335_02353_d_0000055.jpg,9,20,13.42,0.0,0.0,0
0000335_02353_d_0000055.jpg,9,19,13.08,0.5778,0.2911,1
0000335_02353_d_0000055.jpg,9,18,12.73,0.7006,0.2053,1
0000335_02353_d_0000055.jpg,7,14,9.9,0.0,0.0,0
0000335_02353_d_0000055.jpg,7,11,8.77,0.0,0.0,0
0000335_02353_d_0000055.jpg,13,17,14.87,0.0,0.0,0
0000335_02353_d_0000055.jpg,5,9,6.71,0.0,0.0,0
0000335_02353_d_0000055.jpg,6,7,6.48,0.0,0.0,0
0000335_02549_d_0000056.jpg,11,40,20.98,0.7715,0.5564,1
0000335_02549_d_0000056.jpg,17,25,20.62,0.0,0.0,0
0000335_02549_d_0000056.jpg,12,24,16.97,0.773,0.1667,1
0000335_02549_d_0000056.jpg,7,19,11.53,0.0,0.0,0
0000335_02549_d_0000056.jpg,8,18,12.0,0.0,0.0,0
0000335_02549_d_0000056.jpg,11,20,14.83,0.0,0.0,0
0000335_02549_d_0000056.jpg,5,13,8.06,0.0,0.0,0
0000335_02549_d_0000056.jpg,3,10,5.48,0.0,0.0,0
0000335_02549_d_0000056.jpg,5,18,9.49,0.0,0.0,0
0000335_02549_d_0000056.jpg,16,31,22.27,0.3895,0.4472,0
0000335_02549_d_0000056.jpg,22,31,26.12,0.6209,0.3268,1
0000335_02549_d_0000056.jpg,6,16,9.8,0.0,0.0,0
0000335_02549_d_0000056.jpg,4,7,5.29,0.0,0.0,0
0000335_02549_d_0000056.jpg,8,18,12.0,0.0,0.0,0
0000335_02549_d_0000056.jpg,6,11,8.12,0.0,0.0,0
0000335_02549_d_0000056.jpg,5,8,6.32,0.0,0.0,0
0000335_02549_d_0000056.jpg,6,13,8.83,0.0,0.0,0
0000335_02549_d_0000056.jpg,6,11,8.12,0.0,0.0,0
0000335_02549_d_0000056.jpg,7,17,10.91,0.0,0.0,0
0000335_02549_d_0000056.jpg,17,33,23.69,0.0,0.0,0
0000335_02549_d_0000056.jpg,13,26,18.38,0.0,0.0,0
0000335_02549_d_0000056.jpg,15,29,20.86,0.8175,0.5298,1
0000335_02549_d_0000056.jpg,14,24,18.33,0.0,0.0,0
0000335_02549_d_0000056.jpg,14,25,18.71,0.0,0.0,0
0000335_02549_d_0000056.jpg,15,27,20.12,0.0,0.0,0
0000335_02549_d_0000056.jpg,15,25,19.36,0.0376,0.1937,0
0000335_02549_d_0000056.jpg,14,25,18.71,0.0,0.0,0
0000335_02549_d_0000056.jpg,25,37,30.41,0.7552,0.2743,1
0000335_02745_d_0000057.jpg,23,38,29.56,0.0,0.0,0
0000335_02745_d_0000057.jpg,24,42,31.75,0.7604,0.5871,1
0000335_02745_d_0000057.jpg,14,46,25.38,0.0,0.0,0
0000335_02745_d_0000057.jpg,17,40,26.08,0.8423,0.651,1
0000335_02745_d_0000057.jpg,13,36,21.63,0.7485,0.7766,1
0000335_02745_d_0000057.jpg,14,40,23.66,0.6421,0.1629,1
0000335_02745_d_0000057.jpg,11,35,19.62,0.172,0.2933,0
0000335_02745_d_0000057.jpg,13,22,16.91,0.0,0.0,0
0000335_02745_d_0000057.jpg,13,26,18.38,0.0,0.0,0
0000335_02745_d_0000057.jpg,18,33,24.37,0.0,0.0,0
0000335_02745_d_0000057.jpg,18,35,25.1,0.9171,0.4338,1
0000335_02745_d_0000057.jpg,14,26,19.08,0.1154,0.6532,0
0000335_02745_d_0000057.jpg,15,26,19.75,0.0826,0.5236,0
0000335_02745_d_0000057.jpg,16,26,20.4,0.0,0.0,0
0000335_02745_d_0000057.jpg,15,24,18.97,0.0,0.0,0
0000335_02745_d_0000057.jpg,12,25,17.32,0.0,0.0,0
0000335_02745_d_0000057.jpg,15,22,18.17,0.0,0.0,0
0000335_02745_d_0000057.jpg,13,22,16.91,0.0,0.0,0
0000335_02745_d_0000057.jpg,16,22,18.76,0.0,0.0,0
0000335_02745_d_0000057.jpg,13,24,17.66,0.9161,0.4381,1
0000335_02745_d_0000057.jpg,12,23,16.61,0.957,0.2241,1
0000335_02745_d_0000057.jpg,7,14,9.9,0.3264,0.5238,0
0000335_02745_d_0000057.jpg,7,17,10.91,0.0,0.0,0
0000335_02745_d_0000057.jpg,11,26,16.91,0.0,0.0,0
0000335_02745_d_0000057.jpg,8,16,11.31,0.6422,0.1556,1
0000335_02745_d_0000057.jpg,4,13,7.21,0.0,0.0,0
0000335_02745_d_0000057.jpg,5,14,8.37,0.0,0.0,0
0000335_02745_d_0000057.jpg,5,10,7.07,0.0,0.0,0
0000335_02745_d_0000057.jpg,4,10,6.32,0.0,0.0,0
0000335_02745_d_0000057.jpg,5,9,6.71,0.0,0.0,0
0000335_02745_d_0000057.jpg,4,8,5.66,0.0,0.0,0
0000335_02745_d_0000057.jpg,4,7,5.29,0.0,0.0,0
0000335_02745_d_0000057.jpg,4,6,4.9,0.0,0.0,0
0000335_02745_d_0000057.jpg,3,7,4.58,0.0,0.0,0
0000335_02745_d_0000057.jpg,4,11,6.63,0.0,0.0,0
0000335_02745_d_0000057.jpg,5,11,7.42,0.0,0.0,0
0000335_02745_d_0000057.jpg,7,17,10.91,0.0,0.0,0
0000335_02745_d_0000057.jpg,5,15,8.66,0.0,0.0,0
0000335_02745_d_0000057.jpg,5,15,8.66,0.0,0.0,0
0000335_02745_d_0000057.jpg,8,18,12.0,0.0,0.0,0
0000335_03137_d_0000059.jpg,18,30,23.24,0.7714,0.2352,1
0000335_03137_d_0000059.jpg,13,22,16.91,0.6528,0.302,1
0000335_03137_d_0000059.jpg,31,49,38.97,0.7327,0.474,1
0000335_03137_d_0000059.jpg,22,54,34.47,0.9312,0.5684,1
0000335_03137_d_0000059.jpg,19,54,32.03,0.9223,0.7327,1
0000335_03137_d_0000059.jpg,16,34,23.32,0.8684,0.6265,1
0000335_03137_d_0000059.jpg,13,22,16.91,0.5738,0.3614,1
0000335_03137_d_0000059.jpg,12,25,17.32,0.5909,0.3805,1
0000335_03137_d_0000059.jpg,10,20,14.14,0.5974,0.1891,1
0000335_03137_d_0000059.jpg,24,40,30.98,0.0,0.0,0
0000335_03137_d_0000059.jpg,18,31,23.62,0.0,0.0,0
0000335_03137_d_0000059.jpg,19,23,20.9,0.0,0.0,0
0000335_03137_d_0000059.jpg,13,33,20.71,0.8666,0.6604,1
0000335_03137_d_0000059.jpg,15,27,20.12,0.6627,0.5777,1
0000335_03137_d_0000059.jpg,12,28,18.33,0.0,0.0,0
0000335_03137_d_0000059.jpg,9,29,16.16,0.0,0.0,0
0000335_03137_d_0000059.jpg,16,21,18.33,0.4709,0.1784,0
0000335_03137_d_0000059.jpg,17,28,21.82,0.7581,0.2081,1
0000335_03137_d_0000059.jpg,10,17,13.04,0.2837,0.4853,0
0000335_03137_d_0000059.jpg,7,13,9.54,0.0,0.0,0
0000335_03137_d_0000059.jpg,6,10,7.75,0.0,0.0,0
0000335_03137_d_0000059.jpg,6,8,6.93,0.0,0.0,0
0000335_03137_d_0000059.jpg,6,7,6.48,0.0,0.0,0
0000335_03137_d_0000059.jpg,4,5,4.47,0.0,0.0,0
0000335_03137_d_0000059.jpg,4,4,4.0,0.0,0.0,0
0000335_03137_d_0000059.jpg,8,10,8.94,0.0,0.0,0
0000335_03137_d_0000059.jpg,10,18,13.42,0.0,0.0,0
0000335_03137_d_0000059.jpg,6,14,9.17,0.0,0.0,0
0000335_03137_d_0000059.jpg,5,10,7.07,0.0,0.0,0
0000335_03137_d_0000059.jpg,5,12,7.75,0.0,0.0,0
0000335_03137_d_0000059.jpg,3,4,3.46,0.0,0.0,0
0000335_03333_d_0000060.jpg,25,38,30.82,0.0,0.0,0
0000335_03333_d_0000060.jpg,49,52,50.48,0.0,0.0,0
0000335_03333_d_0000060.jpg,28,48,36.66,0.6456,0.5298,1
0000335_03333_d_0000060.jpg,26,37,31.02,0.7944,0.4034,1
0000335_03333_d_0000060.jpg,23,40,30.33,0.9503,0.7761,1
0000335_03333_d_0000060.jpg,24,44,32.5,0.5969,0.3594,1
0000335_03333_d_0000060.jpg,24,46,33.23,0.7557,0.4696,1
0000335_03333_d_0000060.jpg,28,43,34.7,0.6475,0.4532,1
0000335_03333_d_0000060.jpg,20,42,28.98,0.7927,0.4292,1
0000335_03333_d_0000060.jpg,17,41,26.4,0.8021,0.7522,1
0000335_03333_d_0000060.jpg,17,45,27.66,0.6616,0.4081,1
0000335_03333_d_0000060.jpg,19,47,29.88,0.8248,0.3204,1
0000335_03333_d_0000060.jpg,16,40,25.3,0.6737,0.1778,1
0000335_03333_d_0000060.jpg,22,41,30.03,0.8595,0.5938,1
0000335_03333_d_0000060.jpg,15,33,22.25,0.7038,0.4961,1
0000335_03333_d_0000060.jpg,15,33,22.25,0.0,0.0,0
0000335_03333_d_0000060.jpg,21,40,28.98,0.0,0.0,0
0000335_03725_d_0000062.jpg,26,42,33.05,0.9502,0.583,1
0000335_03725_d_0000062.jpg,28,49,37.04,0.7736,0.7217,1
0000335_03725_d_0000062.jpg,28,41,33.88,0.8618,0.4964,1
0000335_03725_d_0000062.jpg,12,22,16.25,0.0,0.0,0
0000335_03725_d_0000062.jpg,13,34,21.02,0.9229,0.4582,1
0000335_03725_d_0000062.jpg,16,34,23.32,0.85,0.3692,1
0000335_03725_d_0000062.jpg,26,55,37.82,0.8421,0.4313,1
0000335_03921_d_0000063.jpg,37,49,42.58,0.8153,0.2032,1
0000335_03921_d_0000063.jpg,21,44,30.4,0.7826,0.5,1
0000335_03921_d_0000063.jpg,12,34,20.2,0.7903,0.795,1
0000335_03921_d_0000063.jpg,31,49,38.97,0.8872,0.6424,1
0000335_03921_d_0000063.jpg,31,50,39.37,0.6942,0.5796,1
0000335_03921_d_0000063.jpg,37,44,40.35,0.483,0.575,0
0000335_03921_d_0000063.jpg,38,41,39.47,0.1424,0.2047,0
0000335_03921_d_0000063.jpg,20,39,27.93,0.5518,0.2753,1
0000335_03921_d_0000063.jpg,21,29,24.68,0.4937,0.3135,0
0000335_03921_d_0000063.jpg,13,26,18.38,0.7394,0.2169,1
0000335_03921_d_0000063.jpg,25,34,29.15,0.0,0.0,0
0000335_03921_d_0000063.jpg,15,30,21.21,0.0,0.0,0
0000335_04117_d_0000064.jpg,27,45,34.86,0.8978,0.6899,1
0000335_04117_d_0000064.jpg,24,51,34.99,0.7563,0.6875,1
0000335_04117_d_0000064.jpg,27,44,34.47,0.5207,0.7395,1
0000335_04117_d_0000064.jpg,17,43,27.04,0.7781,0.3785,1
0000335_04117_d_0000064.jpg,14,34,21.82,0.8877,0.7381,1
0000335_04117_d_0000064.jpg,14,28,19.8,0.815,0.5715,1
0000335_04117_d_0000064.jpg,15,13,13.96,0.0,0.0,0
0000335_04313_d_0000065.jpg,11,29,17.86,0.6314,0.3956,1
0000335_04313_d_0000065.jpg,11,34,19.34,0.8664,0.7501,1
0000335_04313_d_0000065.jpg,21,45,30.74,0.8739,0.79,1
0000335_04313_d_0000065.jpg,23,51,34.25,0.7514,0.7455,1
0000335_04313_d_0000065.jpg,23,43,31.45,0.5171,0.7631,1
0000335_04313_d_0000065.jpg,29,35,31.86,0.8867,0.3979,1
0000335_04313_d_0000065.jpg,20,43,29.33,0.6943,0.4748,1
0000335_04313_d_0000065.jpg,30,45,36.74,0.8475,0.747,1
0000335_04313_d_0000065.jpg,15,26,19.75,0.0,0.0,0
0000335_04313_d_0000065.jpg,7,16,10.58,0.0,0.0,0
0000335_04313_d_0000065.jpg,7,20,11.83,0.0,0.0,0
0000335_04313_d_0000065.jpg,7,8,7.48,0.0,0.0,0
0000335_05097_d_0000069.jpg,22,46,31.81,0.916,0.7938,1
0000335_05097_d_0000069.jpg,26,48,35.33,0.59,0.7792,1
0000335_05097_d_0000069.jpg,11,25,16.58,0.8507,0.5684,1
0000335_05097_d_0000069.jpg,8,16,11.31,0.0,0.0,0
0000335_05097_d_0000069.jpg,7,26,13.49,0.0,0.0,0
0000335_05685_d_0000072.jpg,30,50,38.73,0.8792,0.4644,1
0000335_05685_d_0000072.jpg,34,60,45.17,0.7437,0.5472,1
0000335_05685_d_0000072.jpg,21,50,32.4,0.6131,0.3461,1
0000335_05685_d_0000072.jpg,14,33,21.49,0.4547,0.2014,0
0000335_06469_d_0000076.jpg,15,40,24.49,0.4765,0.559,0
0000335_06469_d_0000076.jpg,15,43,25.4,0.7748,0.6039,1
0000335_06469_d_0000076.jpg,19,47,29.88,0.8425,0.6722,1
0000335_06665_d_0000077.jpg,30,56,40.99,0.8378,0.5858,1
0000335_06665_d_0000077.jpg,14,45,25.1,0.7841,0.7767,1
0000335_06665_d_0000077.jpg,19,44,28.91,0.7227,0.2353,1
0000335_06665_d_0000077.jpg,21,41,29.34,0.3419,0.2334,0
0000335_06665_d_0000077.jpg,24,45,32.86,0.796,0.1971,1
0000335_06665_d_0000077.jpg,27,55,38.54,0.8334,0.8166,1
0000335_06665_d_0000077.jpg,24,49,34.29,0.7951,0.618,1
0000335_06861_d_0000078.jpg,30,61,42.78,0.721,0.274,1
0000335_06861_d_0000078.jpg,24,50,34.64,0.5975,0.7076,1
0000335_06861_d_0000078.jpg,13,41,23.09,0.0,0.0,0
0000335_06861_d_0000078.jpg,16,46,27.13,0.8298,0.4029,1
0000335_06861_d_0000078.jpg,25,27,25.98,0.6321,0.4215,1
0000335_06861_d_0000078.jpg,16,23,19.18,0.0,0.0,0
0000335_06861_d_0000078.jpg,23,52,34.58,0.7097,0.7095,1
0000335_06861_d_0000078.jpg,17,48,28.57,0.8616,0.7815,1
0000335_06861_d_0000078.jpg,28,54,38.88,0.9134,0.5052,1
0000335_06861_d_0000078.jpg,12,18,14.7,0.0,0.0,0
0000342_00393_d_0000244.jpg,21,33,26.32,0.0,0.0,0
0000342_00393_d_0000244.jpg,19,38,26.87,0.9141,0.3856,1
0000342_00393_d_0000244.jpg,18,46,28.77,0.902,0.7151,1
0000342_00393_d_0000244.jpg,9,23,14.39,0.6497,0.2042,1
0000342_00393_d_0000244.jpg,8,27,14.7,0.0,0.0,0
0000342_00393_d_0000244.jpg,7,31,14.73,0.4864,0.1713,0
0000342_00393_d_0000244.jpg,8,24,13.86,0.0,0.0,0
0000342_00393_d_0000244.jpg,6,22,11.49,0.0,0.0,0
0000342_00393_d_0000244.jpg,6,17,10.1,0.0,0.0,0
0000342_00393_d_0000244.jpg,8,18,12.0,0.0,0.0,0
0000342_00393_d_0000244.jpg,7,15,10.25,0.0,0.0,0
0000342_00393_d_0000244.jpg,6,17,10.1,0.0,0.0,0
0000342_00393_d_0000244.jpg,7,19,11.53,0.0,0.0,0
0000342_00393_d_0000244.jpg,6,17,10.1,0.0,0.0,0
0000342_00393_d_0000244.jpg,6,18,10.39,0.0,0.0,0
0000342_00393_d_0000244.jpg,8,18,12.0,0.0,0.0,0
0000342_00393_d_0000244.jpg,5,16,8.94,0.0,0.0,0
0000342_00393_d_0000244.jpg,5,16,8.94,0.0,0.0,0
0000342_00393_d_0000244.jpg,5,15,8.66,0.0,0.0,0
0000342_00393_d_0000244.jpg,4,17,8.25,0.0,0.0,0
0000342_00393_d_0000244.jpg,7,16,10.58,0.0,0.0,0
0000342_00393_d_0000244.jpg,5,16,8.94,0.0,0.0,0
0000342_00393_d_0000244.jpg,6,19,10.68,0.0,0.0,0
0000342_00393_d_0000244.jpg,4,6,4.9,0.0,0.0,0
0000342_00393_d_0000244.jpg,4,9,6.0,0.0,0.0,0
0000342_00393_d_0000244.jpg,6,9,7.35,0.0,0.0,0
0000342_00393_d_0000244.jpg,8,24,13.86,0.0,0.0,0
0000342_00393_d_0000244.jpg,5,20,10.0,0.0,0.0,0
0000342_00393_d_0000244.jpg,8,22,13.27,0.0,0.0,0
0000342_00393_d_0000244.jpg,10,13,11.4,0.0,0.0,0
0000342_00393_d_0000244.jpg,10,28,16.73,0.0,0.0,0
0000342_00393_d_0000244.jpg,9,26,15.3,0.0,0.0,0
0000342_00393_d_0000244.jpg,13,29,19.42,0.0,0.0,0
0000342_00393_d_0000244.jpg,13,31,20.07,0.0,0.0,0
0000342_00393_d_0000244.jpg,14,24,18.33,0.7774,0.4022,1
0000342_00393_d_0000244.jpg,12,27,18.0,0.5596,0.4216,1
0000342_00393_d_0000244.jpg,13,35,21.33,0.0,0.0,0
0000342_00393_d_0000244.jpg,7,17,10.91,0.0,0.0,0
0000342_00393_d_0000244.jpg,13,33,20.71,0.5662,0.2668,1
0000342_00393_d_0000244.jpg,14,20,16.73,0.0,0.0,0
0000342_00393_d_0000244.jpg,10,14,11.83,0.0,0.0,0
0000342_00393_d_0000244.jpg,5,13,8.06,0.0,0.0,0
0000342_00393_d_0000244.jpg,6,13,8.83,0.0,0.0,0
0000342_00393_d_0000244.jpg,9,22,14.07,0.0,0.0,0
0000342_00393_d_0000244.jpg,9,28,15.87,0.0,0.0,0
0000342_00393_d_0000244.jpg,8,19,12.33,0.0,0.0,0
0000342_00393_d_0000244.jpg,5,16,8.94,0.0,0.0,0
0000342_00393_d_0000244.jpg,8,19,12.33,0.0,0.0,0
0000342_00393_d_0000244.jpg,7,19,11.53,0.0,0.0,0
0000342_00393_d_0000244.jpg,18,27,22.05,0.5343,0.4497,1
0000345_07057_d_0000345.jpg,13,22,16.91,0.6267,0.2691,1
0000345_07057_d_0000345.jpg,11,20,14.83,0.5444,0.3198,1
0000345_07057_d_0000345.jpg,10,27,16.43,0.0,0.0,0
0000345_07057_d_0000345.jpg,10,28,16.73,0.0,0.0,0
0000345_07057_d_0000345.jpg,7,23,12.69,0.0,0.0,0
0000345_07057_d_0000345.jpg,16,30,21.91,0.7582,0.4442,1
0000345_07057_d_0000345.jpg,13,25,18.03,0.0,0.0,0
0000345_07057_d_0000345.jpg,27,48,36.0,0.8135,0.7044,1
0000345_07057_d_0000345.jpg,22,44,31.11,0.7891,0.2035,1
0000345_07057_d_0000345.jpg,28,36,31.75,0.8933,0.7972,1
0000345_07057_d_0000345.jpg,24,48,33.94,0.7782,0.6653,1
0000345_07057_d_0000345.jpg,18,24,20.78,0.78,0.3015,1
0000345_07057_d_0000345.jpg,17,24,20.2,0.658,0.3262,1
0000345_07057_d_0000345.jpg,21,37,27.87,0.6892,0.3191,1
0000345_07057_d_0000345.jpg,21,36,27.5,0.7952,0.4034,1
0000345_07057_d_0000345.jpg,10,13,11.4,0.0,0.0,0
0000345_07057_d_0000345.jpg,8,20,12.65,0.0,0.0,0
0000345_07057_d_0000345.jpg,7,14,9.9,0.0,0.0,0
0000345_07057_d_0000345.jpg,8,14,10.58,0.0,0.0,0
0000345_07057_d_0000345.jpg,11,25,16.58,0.6463,0.2936,1
0000345_07057_d_0000345.jpg,10,28,16.73,0.1891,0.2437,0
0000345_07057_d_0000345.jpg,12,27,18.0,0.8989,0.247,1
0000345_07057_d_0000345.jpg,10,27,16.43,0.0,0.0,0
0000345_07057_d_0000345.jpg,11,25,16.58,0.4137,0.1736,0
0000345_07057_d_0000345.jpg,8,25,14.14,0.0,0.0,0
0000345_07057_d_0000345.jpg,12,23,16.61,0.72,0.175,1
0000345_07057_d_0000345.jpg,8,16,11.31,0.0,0.0,0
0000345_07057_d_0000345.jpg,7,15,10.25,0.0,0.0,0
0000345_07057_d_0000345.jpg,6,16,9.8,0.0,0.0,0
0000345_07057_d_0000345.jpg,10,23,15.17,0.6289,0.2918,1
0000345_07057_d_0000345.jpg,11,21,15.2,0.0,0.0,0
0000345_07057_d_0000345.jpg,16,29,21.54,0.7857,0.2204,1
0000345_07057_d_0000345.jpg,11,33,19.05,0.8193,0.4397,1
0000345_07057_d_0000345.jpg,14,28,19.8,0.6868,0.2308,1
0000345_07057_d_0000345.jpg,12,16,13.86,0.5365,0.2392,1
0000345_07057_d_0000345.jpg,13,28,19.08,0.7295,0.6025,1
0000345_07057_d_0000345.jpg,30,51,39.12,0.77,0.2949,1
0000345_07057_d_0000345.jpg,20,54,32.86,0.7956,0.5269,1
0000345_07057_d_0000345.jpg,35,52,42.66,0.7321,0.7586,1
0000345_07057_d_0000345.jpg,10,34,18.44,0.6124,0.3274,1
0000345_07057_d_0000345.jpg,13,19,15.72,0.5851,0.1947,1
0000345_07057_d_0000345.jpg,11,29,17.86,0.0,0.0,0
0000345_07057_d_0000345.jpg,12,33,19.9,0.7662,0.1892,1
0000345_07057_d_0000345.jpg,7,15,10.25,0.2473,0.2776,0
0000345_07057_d_0000345.jpg,15,32,21.91,0.5263,0.2815,1
0000345_07057_d_0000345.jpg,15,37,23.56,0.599,0.6054,1
0000345_07057_d_0000345.jpg,9,36,18.0,0.7054,0.3469,1
0000345_07057_d_0000345.jpg,15,36,23.24,0.6356,0.6023,1
0000345_07057_d_0000345.jpg,13,28,19.08,0.516,0.2502,1
0000345_07057_d_0000345.jpg,15,25,19.36,0.3986,0.266,0
0000345_07057_d_0000345.jpg,14,29,20.15,0.0091,0.1881,0
0000345_07057_d_0000345.jpg,13,29,19.42,0.0289,0.1741,0
0000345_07057_d_0000345.jpg,9,25,15.0,0.5017,0.1658,1
0000345_07057_d_0000345.jpg,9,27,15.59,0.0,0.0,0
0000345_07057_d_0000345.jpg,11,28,17.55,0.589,0.1879,1
0000345_07057_d_0000345.jpg,11,18,14.07,0.0,0.0,0
0000345_07057_d_0000345.jpg,10,22,14.83,0.0,0.0,0
0000345_07057_d_0000345.jpg,11,17,13.67,0.0,0.0,0
0000345_07057_d_0000345.jpg,9,17,12.37,0.5065,0.1684,1
0000345_07057_d_0000345.jpg,8,13,10.2,0.4031,0.1644,0
0000345_07057_d_0000345.jpg,7,13,9.54,0.0,0.0,0
0000345_07057_d_0000345.jpg,6,11,8.12,0.0,0.0,0
0000345_07057_d_0000345.jpg,7,11,8.77,0.0,0.0,0
0000345_07057_d_0000345.jpg,5,13,8.06,0.0,0.0,0
0000345_07057_d_0000345.jpg,10,23,15.17,0.0,0.0,0
0000346_00001_d_0000346.jpg,11,27,17.23,0.0,0.0,0
0000346_00001_d_0000346.jpg,12,23,16.61,0.0,0.0,0
0000346_00001_d_0000346.jpg,10,25,15.81,0.0,0.0,0
0000346_00001_d_0000346.jpg,12,42,22.45,0.0,0.0,0
0000346_00001_d_0000346.jpg,22,46,31.81,0.0,0.0,0
0000346_00001_d_0000346.jpg,18,30,23.24,0.0,0.0,0
0000346_00001_d_0000346.jpg,17,43,27.04,0.8448,0.7258,1
0000346_00001_d_0000346.jpg,17,53,30.02,0.4213,0.1744,0
0000346_00001_d_0000346.jpg,13,29,19.42,0.4997,0.3078,0
0000346_00001_d_0000346.jpg,10,26,16.12,0.0,0.0,0
0000346_00001_d_0000346.jpg,13,32,20.4,0.3302,0.3345,0
0000346_00001_d_0000346.jpg,21,58,34.9,0.7494,0.7851,1
0000346_00001_d_0000346.jpg,25,74,43.01,0.9439,0.8572,1
0000346_00001_d_0000346.jpg,30,77,48.06,0.8879,0.7008,1
0000346_00001_d_0000346.jpg,23,57,36.21,0.69,0.5252,1
0000346_00001_d_0000346.jpg,11,32,18.76,0.0,0.0,0
0000346_00001_d_0000346.jpg,11,29,17.86,0.7842,0.4941,1
0000346_00001_d_0000346.jpg,14,28,19.8,0.7734,0.5831,1
0000346_00001_d_0000346.jpg,11,23,15.91,0.6597,0.407,1
0000346_00001_d_0000346.jpg,14,33,21.49,0.0,0.0,0
0000346_00001_d_0000346.jpg,15,34,22.58,0.3184,0.2384,0
0000346_00001_d_0000346.jpg,11,37,20.17,0.2673,0.1866,0
0000346_01961_d_0000356.jpg,18,55,31.46,0.8043,0.7596,1
0000346_01961_d_0000356.jpg,16,29,21.54,0.3466,0.6911,0
0000346_01961_d_0000356.jpg,23,57,36.21,0.8751,0.7171,1
0000346_01961_d_0000356.jpg,23,49,33.57,0.9213,0.7336,1
0000346_01961_d_0000356.jpg,14,29,20.15,0.785,0.4002,1
0000346_01961_d_0000356.jpg,20,28,23.66,0.8444,0.4164,1
0000346_01961_d_0000356.jpg,11,22,15.56,0.7405,0.1518,1
0000346_01961_d_0000356.jpg,14,25,18.71,0.4812,0.1884,0
0000346_01961_d_0000356.jpg,14,30,20.49,0.6722,0.2664,1
0000346_01961_d_0000356.jpg,15,25,19.36,0.635,0.4179,1
0000346_01961_d_0000356.jpg,12,25,17.32,0.729,0.159,1
0000346_01961_d_0000356.jpg,20,33,25.69,0.6819,0.2708,1
0000346_01961_d_0000356.jpg,17,26,21.02,0.0,0.0,0
0000346_01961_d_0000356.jpg,5,17,9.22,0.0,0.0,0
0000346_01961_d_0000356.jpg,4,6,4.9,0.0,0.0,0
0000346_01961_d_0000356.jpg,9,15,11.62,0.0,0.0,0
0000346_01961_d_0000356.jpg,9,17,12.37,0.0,0.0,0
0000346_02549_d_0000359.jpg,31,54,40.91,0.0,0.0,0
0000346_02549_d_0000359.jpg,18,45,28.46,0.9175,0.7663,1
0000346_02549_d_0000359.jpg,25,51,35.71,0.6329,0.7022,1
0000346_02549_d_0000359.jpg,16,39,24.98,0.7928,0.7952,1
0000346_02549_d_0000359.jpg,14,28,19.8,0.4612,0.2357,0
0000346_02549_d_0000359.jpg,12,30,18.97,0.0,0.0,0
0000346_02549_d_0000359.jpg,13,15,13.96,0.0,0.0,0
0000346_02549_d_0000359.jpg,19,39,27.22,0.7571,0.7662,1
0000346_02549_d_0000359.jpg,9,16,12.0,0.2078,0.6407,0
0000346_02549_d_0000359.jpg,10,21,14.49,0.6151,0.2784,1
0000346_02549_d_0000359.jpg,13,24,17.66,0.7641,0.6053,1
0000346_02549_d_0000359.jpg,13,33,20.71,0.1071,0.1688,0
0000346_02549_d_0000359.jpg,15,32,21.91,0.7483,0.161,1
0000346_02549_d_0000359.jpg,22,44,31.11,0.861,0.4304,1
0000346_02549_d_0000359.jpg,15,41,24.8,0.7621,0.2763,1
0000346_02549_d_0000359.jpg,17,32,23.32,0.7633,0.6436,1
0000346_02549_d_0000359.jpg,16,36,24.0,0.0,0.0,0
0000346_02549_d_0000359.jpg,10,25,15.81,0.0,0.0,0
0000346_02549_d_0000359.jpg,48,87,64.62,0.8792,0.5181,1
0000346_03921_d_0000366.jpg,25,46,33.91,0.0,0.0,0
0000346_03921_d_0000366.jpg,12,30,18.97,0.5446,0.2345,1
0000346_03921_d_0000366.jpg,14,36,22.45,0.6133,0.2177,1
0000346_03921_d_0000366.jpg,9,22,14.07,0.0,0.0,0
0000346_03921_d_0000366.jpg,15,16,15.49,0.5636,0.4384,1
0000346_03921_d_0000366.jpg,15,49,27.11,0.9084,0.7262,1
0000346_03921_d_0000366.jpg,14,45,25.1,0.8098,0.7214,1
0000346_03921_d_0000366.jpg,15,43,25.4,0.742,0.5648,1
0000346_03921_d_0000366.jpg,29,48,37.31,0.8925,0.7413,1
0000346_03921_d_0000366.jpg,10,22,14.83,0.0,0.0,0
0000346_03921_d_0000366.jpg,16,31,22.27,0.8688,0.448,1
0000346_03921_d_0000366.jpg,12,23,16.61,0.8562,0.3946,1
0000346_03921_d_0000366.jpg,17,29,22.2,0.79,0.349,1
0000346_03921_d_0000366.jpg,17,29,22.2,0.0,0.0,0
0000346_03921_d_0000366.jpg,8,12,9.8,0.0,0.0,0
0000346_03921_d_0000366.jpg,7,11,8.77,0.4168,0.3321,0
0000346_07057_d_0000382.jpg,13,29,19.42,0.8316,0.7496,1
0000346_07057_d_0000382.jpg,11,29,17.86,0.6655,0.6678,1
0000346_07057_d_0000382.jpg,13,30,19.75,0.387,0.6298,0
0000346_07057_d_0000382.jpg,12,35,20.49,0.7344,0.6628,1
0000346_07057_d_0000382.jpg,45,76,58.48,0.7924,0.5282,1
0000346_07057_d_0000382.jpg,36,72,50.91,0.9038,0.8151,1
0000346_07057_d_0000382.jpg,28,73,45.21,0.7517,0.5883,1
0000346_07057_d_0000382.jpg,25,63,39.69,0.5332,0.3978,1
0000346_07057_d_0000382.jpg,11,24,16.25,0.7111,0.3332,1
0000346_07057_d_0000382.jpg,13,27,18.73,0.7262,0.3668,1
0000346_07057_d_0000382.jpg,35,70,49.5,0.7838,0.7455,1
0000346_07057_d_0000382.jpg,34,64,46.65,0.7468,0.7194,1
0000346_07057_d_0000382.jpg,28,40,33.47,0.2704,0.2798,0
0000346_07057_d_0000382.jpg,27,45,34.86,0.7395,0.1609,1
0000346_07057_d_0000382.jpg,22,28,24.82,0.4492,0.1796,0
0000346_07057_d_0000382.jpg,19,22,20.45,0.7056,0.153,1
0000346_07057_d_0000382.jpg,20,29,24.08,0.6349,0.6346,1
0000346_07057_d_0000382.jpg,28,53,38.52,0.9046,0.6628,1
0000346_07057_d_0000382.jpg,20,41,28.64,0.7741,0.5425,1
0000346_07057_d_0000382.jpg,31,45,37.35,0.7701,0.3528,1
0000346_07057_d_0000382.jpg,30,56,40.99,0.8012,0.3761,1
0000346_07057_d_0000382.jpg,9,24,14.7,0.6423,0.5554,1
0000346_07057_d_0000382.jpg,10,25,15.81,0.0,0.0,0
0000346_07057_d_0000382.jpg,10,20,14.14,0.0,0.0,0
0000346_07057_d_0000382.jpg,9,15,11.62,0.0,0.0,0
0000346_07057_d_0000382.jpg,10,17,13.04,0.0,0.0,0
0000346_07057_d_0000382.jpg,6,17,10.1,0.0,0.0,0
0000346_07057_d_0000382.jpg,5,13,8.06,0.0,0.0,0
0000346_07057_d_0000382.jpg,7,17,10.91,0.0,0.0,0
0000346_07057_d_0000382.jpg,30,70,45.83,0.7354,0.1628,1
0000346_07057_d_0000382.jpg,31,78,49.17,0.4923,0.6898,0
0000346_07057_d_0000382.jpg,8,17,11.66,0.0,0.0,0
0000346_07057_d_0000382.jpg,10,18,13.42,0.0,0.0,0
0000346_07057_d_0000382.jpg,10,16,12.65,0.4986,0.1732,0
0000348_00589_d_0000409.jpg,11,26,16.91,0.0,0.0,0
0000348_00589_d_0000409.jpg,13,36,21.63,0.0,0.0,0
0000348_00589_d_0000409.jpg,16,29,21.54,0.0,0.0,0
0000348_00589_d_0000409.jpg,16,43,26.23,0.8836,0.4988,1
0000348_00589_d_0000409.jpg,17,39,25.75,0.0,0.0,0
0000348_00589_d_0000409.jpg,14,43,24.54,0.0,0.0,0
0000348_00589_d_0000409.jpg,12,37,21.07,0.8739,0.5222,1
0000348_00589_d_0000409.jpg,13,39,22.52,0.0891,0.43,0
0000348_00589_d_0000409.jpg,14,44,24.82,0.0,0.0,0
0000348_00589_d_0000409.jpg,16,43,26.23,0.0,0.0,0
0000348_00589_d_0000409.jpg,17,40,26.08,0.9221,0.2546,1
0000348_00589_d_0000409.jpg,20,35,26.46,0.7354,0.4446,1
0000348_00589_d_0000409.jpg,15,36,23.24,0.4968,0.5645,0
0000348_00589_d_0000409.jpg,18,38,26.15,0.0,0.0,0
0000348_00589_d_0000409.jpg,12,34,20.2,0.0,0.0,0
0000348_00589_d_0000409.jpg,18,45,28.46,0.0,0.0,0
0000348_00589_d_0000409.jpg,16,46,27.13,0.9239,0.4687,1
0000348_00589_d_0000409.jpg,14,27,19.44,0.2395,0.3361,0
0000348_00589_d_0000409.jpg,16,50,28.28,0.8615,0.3812,1
0000348_00589_d_0000409.jpg,20,39,27.93,0.0,0.0,0
0000348_00589_d_0000409.jpg,23,29,25.83,0.0,0.0,0
0000348_00589_d_0000409.jpg,23,52,34.58,0.8646,0.8124,1
0000348_00589_d_0000409.jpg,19,35,25.79,0.5452,0.15,1
0000348_03333_d_0000423.jpg,21,32,25.92,0.0,0.0,0
0000348_03333_d_0000423.jpg,18,32,24.0,0.0,0.0,0
0000348_03333_d_0000423.jpg,26,47,34.96,0.8219,0.7656,1
0000348_03333_d_0000423.jpg,26,61,39.82,0.92,0.6538,1
0000348_03333_d_0000423.jpg,19,57,32.91,0.8625,0.7321,1
0000348_03333_d_0000423.jpg,22,57,35.41,0.4876,0.2799,0
0000348_03333_d_0000423.jpg,25,59,38.41,0.6078,0.7209,1
0000348_03333_d_0000423.jpg,39,46,42.36,0.8082,0.7584,1
0000348_03333_d_0000423.jpg,33,42,37.23,0.7331,0.4582,1
0000348_03333_d_0000423.jpg,21,22,21.49,0.3601,0.2426,0
0000348_03333_d_0000423.jpg,29,31,29.98,0.0797,0.7594,0
0000348_03333_d_0000423.jpg,34,33,33.5,0.0,0.0,0
0000356_00589_d_0000632.jpg,14,36,22.45,0.666,0.5546,1
0000356_00589_d_0000632.jpg,16,39,24.98,0.7965,0.4339,1
0000356_00589_d_0000632.jpg,20,44,29.66,0.9251,0.3692,1
0000356_00589_d_0000632.jpg,16,47,27.42,0.6623,0.6397,1
0000356_00589_d_0000632.jpg,13,44,23.92,0.7865,0.5056,1
0000356_00589_d_0000632.jpg,20,45,30.0,0.0,0.0,0
0000356_00589_d_0000632.jpg,23,37,29.17,0.2866,0.367,0
0000356_00589_d_0000632.jpg,13,36,21.63,0.6299,0.3913,1
0000356_00589_d_0000632.jpg,11,30,18.17,0.7639,0.6105,1
0000356_00589_d_0000632.jpg,14,30,20.49,0.7109,0.4874,1
0000356_00589_d_0000632.jpg,12,28,18.33,0.545,0.3048,1
0000356_00589_d_0000632.jpg,10,24,15.49,0.6898,0.3763,1
0000356_00589_d_0000632.jpg,10,26,16.12,0.6116,0.5416,1
0000356_00589_d_0000632.jpg,11,24,16.25,0.6834,0.5733,1
0000356_00589_d_0000632.jpg,7,17,10.91,0.1946,0.3171,0
0000356_00589_d_0000632.jpg,10,22,14.83,0.4938,0.2443,0
0000356_00589_d_0000632.jpg,14,25,18.71,0.5781,0.4407,1
0000356_00589_d_0000632.jpg,13,31,20.07,0.6628,0.4121,1
0000356_00589_d_0000632.jpg,13,27,18.73,0.4638,0.3072,0
0000356_00589_d_0000632.jpg,12,21,15.87,0.7513,0.1665,1
0000356_00589_d_0000632.jpg,13,29,19.42,0.6997,0.298,1
0000356_00589_d_0000632.jpg,18,41,27.17,0.6247,0.3161,1
0000356_00589_d_0000632.jpg,6,15,9.49,0.0,0.0,0
0000356_00589_d_0000632.jpg,20,45,30.0,0.9145,0.7888,1
0000356_00589_d_0000632.jpg,9,30,16.43,0.0,0.0,0
0000356_00589_d_0000632.jpg,10,29,17.03,0.8084,0.5438,1
0000356_00589_d_0000632.jpg,8,25,14.14,0.0,0.0,0
0000356_00589_d_0000632.jpg,10,29,17.03,0.0,0.0,0
0000356_00589_d_0000632.jpg,8,21,12.96,0.0,0.0,0
0000356_00589_d_0000632.jpg,7,23,12.69,0.0,0.0,0
0000356_00589_d_0000632.jpg,14,26,19.08,0.0,0.0,0
0000356_00589_d_0000632.jpg,12,31,19.29,0.0,0.0,0
0000356_00589_d_0000632.jpg,9,14,11.22,0.0,0.0,0
0000356_00589_d_0000632.jpg,11,18,14.07,0.0,0.0,0
0000356_00589_d_0000632.jpg,6,9,7.35,0.0,0.0,0
0000356_00589_d_0000632.jpg,6,10,7.75,0.0,0.0,0
0000356_00589_d_0000632.jpg,5,11,7.42,0.0,0.0,0
0000356_00589_d_0000632.jpg,5,12,7.75,0.0,0.0,0
0000356_00589_d_0000632.jpg,7,23,12.69,0.4405,0.1607,0
0000356_00589_d_0000632.jpg,8,18,12.0,0.5774,0.2002,1
0000356_00589_d_0000632.jpg,13,23,17.29,0.7173,0.1907,1
0000356_00589_d_0000632.jpg,9,20,13.42,0.5526,0.4054,1
0000356_00589_d_0000632.jpg,13,20,16.12,0.0,0.0,0
0000356_00589_d_0000632.jpg,28,41,33.88,0.9021,0.7167,1
0000356_01177_d_0000635.jpg,32,54,41.57,0.8175,0.63,1
0000356_01177_d_0000635.jpg,13,27,18.73,0.5471,0.3417,1
0000356_01177_d_0000635.jpg,16,37,24.33,0.5852,0.5362,1
0000356_01177_d_0000635.jpg,20,35,26.46,0.598,0.6752,1
0000356_01177_d_0000635.jpg,9,21,13.75,0.3176,0.1934,0
0000356_01177_d_0000635.jpg,11,27,17.23,0.8388,0.4517,1
0000356_01177_d_0000635.jpg,15,34,22.58,0.7121,0.2971,1
0000356_01177_d_0000635.jpg,10,21,14.49,0.4153,0.4304,0
0000356_01177_d_0000635.jpg,9,27,15.59,0.0,0.0,0
0000356_01177_d_0000635.jpg,15,32,21.91,0.4599,0.2237,0
0000356_01177_d_0000635.jpg,13,32,20.4,0.0,0.0,0
0000356_01177_d_0000635.jpg,17,33,23.69,0.8721,0.5376,1
0000356_01177_d_0000635.jpg,22,38,28.91,0.7749,0.6447,1
0000356_01177_d_0000635.jpg,25,36,30.0,0.0,0.0,0
0000356_01177_d_0000635.jpg,25,47,34.28,0.0,0.0,0
0000356_01177_d_0000635.jpg,27,42,33.67,0.7228,0.4976,1
0000356_01177_d_0000635.jpg,17,21,18.89,0.0,0.0,0
0000356_01177_d_0000635.jpg,13,25,18.03,0.5975,0.2614,1
0000356_01177_d_0000635.jpg,11,25,16.58,0.3496,0.2254,0
0000356_01177_d_0000635.jpg,14,25,18.71,0.0,0.0,0
0000356_01177_d_0000635.jpg,13,23,17.29,0.2795,0.5864,0
0000356_01177_d_0000635.jpg,16,18,16.97,0.0,0.0,0
0000356_01177_d_0000635.jpg,26,32,28.84,0.0,0.0,0
0000356_01177_d_0000635.jpg,16,31,22.27,0.8083,0.4459,1
0000356_01177_d_0000635.jpg,14,21,17.15,0.0,0.0,0
0000356_01177_d_0000635.jpg,11,26,16.91,0.0,0.0,0
0000356_01177_d_0000635.jpg,12,25,17.32,0.0,0.0,0
0000356_01177_d_0000635.jpg,13,28,19.08,0.6317,0.1525,1
0000356_01177_d_0000635.jpg,12,25,17.32,0.1021,0.181,0
0000356_01177_d_0000635.jpg,12,28,18.33,0.0,0.0,0
0000356_01177_d_0000635.jpg,16,37,24.33,0.551,0.5024,1
0000356_01177_d_0000635.jpg,14,13,13.49,0.0,0.0,0
0000356_01569_d_0000637.jpg,11,22,15.56,0.086,0.1663,0
0000356_01569_d_0000637.jpg,9,19,13.08,0.3681,0.256,0
0000356_01569_d_0000637.jpg,10,23,15.17,0.5296,0.2215,1
0000356_01569_d_0000637.jpg,10,23,15.17,0.3326,0.4013,0
0000356_01569_d_0000637.jpg,10,24,15.49,0.0,0.0,0
0000356_01569_d_0000637.jpg,13,26,18.38,0.3712,0.1601,0
0000356_01569_d_0000637.jpg,12,23,16.61,0.7114,0.253,1
0000356_01569_d_0000637.jpg,13,27,18.73,0.0,0.0,0
0000356_01569_d_0000637.jpg,12,21,15.87,0.0,0.0,0
0000356_01569_d_0000637.jpg,9,22,14.07,0.0,0.0,0
0000356_01569_d_0000637.jpg,12,22,16.25,0.0,0.0,0
0000356_01569_d_0000637.jpg,16,41,25.61,0.893,0.589,1
0000356_01569_d_0000637.jpg,12,38,21.35,0.5502,0.6487,1
0000356_01569_d_0000637.jpg,15,32,21.91,0.4952,0.6325,0
0000356_01569_d_0000637.jpg,7,18,11.22,0.0,0.0,0
0000356_01569_d_0000637.jpg,7,11,8.77,0.0,0.0,0
0000356_01569_d_0000637.jpg,10,20,14.14,0.0,0.0,0
0000356_01569_d_0000637.jpg,12,22,16.25,0.0,0.0,0
0000356_01569_d_0000637.jpg,7,22,12.41,0.0,0.0,0
0000356_01569_d_0000637.jpg,7,22,12.41,0.0,0.0,0
0000356_01569_d_0000637.jpg,5,20,10.0,0.0,0.0,0
0000356_01569_d_0000637.jpg,7,23,12.69,0.0,0.0,0
0000356_01569_d_0000637.jpg,11,22,15.56,0.0,0.0,0
0000356_01569_d_0000637.jpg,7,20,11.83,0.3757,0.1856,0
0000356_01569_d_0000637.jpg,7,20,11.83,0.0,0.0,0
0000356_01569_d_0000637.jpg,9,20,13.42,0.0,0.0,0
0000356_01569_d_0000637.jpg,8,21,12.96,0.0,0.0,0
0000356_01569_d_0000637.jpg,9,18,12.73,0.0,0.0,0
0000356_01569_d_0000637.jpg,7,22,12.41,0.0,0.0,0
0000356_01569_d_0000637.jpg,6,18,10.39,0.0,0.0,0
0000356_01569_d_0000637.jpg,6,17,10.1,0.0,0.0,0
0000356_01569_d_0000637.jpg,10,19,13.78,0.0,0.0,0
0000356_01569_d_0000637.jpg,8,20,12.65,0.0,0.0,0
0000356_01569_d_0000637.jpg,21,39,28.62,0.7443,0.5925,1
0000356_01569_d_0000637.jpg,16,37,24.33,0.0,0.0,0
0000356_01569_d_0000637.jpg,17,24,20.2,0.0,0.0,0
0000356_01569_d_0000637.jpg,16,39,24.98,0.7626,0.1714,1
0000356_01569_d_0000637.jpg,25,42,32.4,0.7174,0.5744,1
0000356_01569_d_0000637.jpg,25,40,31.62,0.845,0.3587,1
0000356_01569_d_0000637.jpg,23,36,28.77,0.8554,0.1999,1
0000356_01569_d_0000637.jpg,25,38,30.82,0.8383,0.1687,1
0000356_01569_d_0000637.jpg,10,20,14.14,0.0,0.0,0
0000356_01569_d_0000637.jpg,18,17,17.49,0.0,0.0,0
0000356_01765_d_0000638.jpg,14,28,19.8,0.545,0.4455,1
0000356_01765_d_0000638.jpg,16,28,21.17,0.6541,0.5984,1
0000356_01765_d_0000638.jpg,10,24,15.49,0.0,0.0,0
0000356_01765_d_0000638.jpg,13,27,18.73,0.0,0.0,0
0000356_01765_d_0000638.jpg,10,24,15.49,0.0,0.0,0
0000356_01765_d_0000638.jpg,16,24,19.6,0.0,0.0,0
0000356_01765_d_0000638.jpg,24,31,27.28,0.0,0.0,0
0000356_01765_d_0000638.jpg,29,60,41.71,0.8964,0.6861,1
0000356_01765_d_0000638.jpg,14,29,20.15,0.0,0.0,0
0000356_01765_d_0000638.jpg,15,31,21.56,0.0,0.0,0
0000356_01765_d_0000638.jpg,11,26,16.91,0.0,0.0,0
0000356_01765_d_0000638.jpg,8,19,12.33,0.0,0.0,0
0000356_01765_d_0000638.jpg,11,22,15.56,0.0,0.0,0
0000356_01765_d_0000638.jpg,11,24,16.25,0.0,0.0,0
0000356_01765_d_0000638.jpg,10,23,15.17,0.0,0.0,0
0000356_01765_d_0000638.jpg,13,21,16.52,0.0,0.0,0
0000356_01765_d_0000638.jpg,8,23,13.56,0.3284,0.1594,0
0000356_01765_d_0000638.jpg,8,24,13.86,0.4028,0.2412,0
0000356_01765_d_0000638.jpg,11,21,15.2,0.0,0.0,0
0000356_01765_d_0000638.jpg,8,25,14.14,0.0,0.0,0
0000356_01765_d_0000638.jpg,9,18,12.73,0.0,0.0,0
0000356_01765_d_0000638.jpg,8,21,12.96,0.0,0.0,0
0000356_01765_d_0000638.jpg,12,16,13.86,0.0,0.0,0
0000356_01765_d_0000638.jpg,17,15,15.97,0.0,0.0,0
0000356_01961_d_0000639.jpg,10,18,13.42,0.0,0.0,0
0000356_01961_d_0000639.jpg,9,19,13.08,0.0,0.0,0
0000356_01961_d_0000639.jpg,8,22,13.27,0.0,0.0,0
0000356_01961_d_0000639.jpg,9,27,15.59,0.0,0.0,0
0000356_01961_d_0000639.jpg,10,26,16.12,0.0,0.0,0
0000356_01961_d_0000639.jpg,9,23,14.39,0.0,0.0,0
0000356_01961_d_0000639.jpg,7,21,12.12,0.0,0.0,0
0000356_01961_d_0000639.jpg,8,24,13.86,0.0,0.0,0
0000356_01961_d_0000639.jpg,7,24,12.96,0.0,0.0,0
0000356_01961_d_0000639.jpg,8,23,13.56,0.0,0.0,0
0000356_01961_d_0000639.jpg,8,20,12.65,0.0,0.0,0
0000356_01961_d_0000639.jpg,10,30,17.32,0.8156,0.192,1
0000356_01961_d_0000639.jpg,9,23,14.39,0.7479,0.3802,1
0000356_01961_d_0000639.jpg,10,26,16.12,0.0,0.0,0
0000356_01961_d_0000639.jpg,11,25,16.58,0.0,0.0,0
0000356_01961_d_0000639.jpg,10,29,17.03,0.7842,0.1935,1
0000356_01961_d_0000639.jpg,10,33,18.17,0.6223,0.2014,1
0000356_01961_d_0000639.jpg,8,25,14.14,0.0,0.0,0
0000356_01961_d_0000639.jpg,10,22,14.83,0.0,0.0,0
0000356_01961_d_0000639.jpg,8,24,13.86,0.0,0.0,0
0000356_01961_d_0000639.jpg,7,25,13.23,0.0,0.0,0
0000356_01961_d_0000639.jpg,9,20,13.42,0.0,0.0,0
0000356_01961_d_0000639.jpg,18,26,21.63,0.0,0.0,0
0000356_01961_d_0000639.jpg,9,18,12.73,0.0,0.0,0
0000356_01961_d_0000639.jpg,13,30,19.75,0.0,0.0,0
0000356_01961_d_0000639.jpg,12,30,18.97,0.0223,0.2162,0
0000356_01961_d_0000639.jpg,25,42,32.4,0.7389,0.4608,1
0000356_01961_d_0000639.jpg,9,19,13.08,0.0,0.0,0
0000356_01961_d_0000639.jpg,14,27,19.44,0.0,0.0,0
0000356_01961_d_0000639.jpg,15,31,21.56,0.0,0.0,0
0000356_01961_d_0000639.jpg,12,31,19.29,0.0,0.0,0
0000356_01961_d_0000639.jpg,16,35,23.66,0.0,0.0,0
0000356_01961_d_0000639.jpg,18,38,26.15,0.0,0.0,0
0000356_01961_d_0000639.jpg,27,64,41.57,0.7983,0.3296,1
0000356_01961_d_0000639.jpg,12,23,16.61,0.0,0.0,0
0000356_01961_d_0000639.jpg,14,20,16.73,0.0,0.0,0
0000356_02157_d_0000640.jpg,20,32,25.3,0.0,0.0,0
0000356_02157_d_0000640.jpg,11,28,17.55,0.7436,0.2697,1
0000356_02157_d_0000640.jpg,10,18,13.42,0.0,0.0,0
0000356_02157_d_0000640.jpg,18,30,23.24,0.2202,0.2779,0
0000356_02157_d_0000640.jpg,29,37,32.76,0.8689,0.2762,1
0000356_02157_d_0000640.jpg,25,34,29.15,0.6321,0.2534,1
0000356_02157_d_0000640.jpg,13,35,21.33,0.4964,0.4034,0
0000356_02157_d_0000640.jpg,15,37,23.56,0.6317,0.5387,1
0000356_02157_d_0000640.jpg,18,39,26.5,0.5626,0.5303,1
0000356_02157_d_0000640.jpg,12,41,22.18,0.4509,0.1604,0
0000356_02157_d_0000640.jpg,17,35,24.39,0.4617,0.2315,0
0000356_02157_d_0000640.jpg,10,35,18.71,0.0,0.0,0
0000356_02157_d_0000640.jpg,12,33,19.9,0.0,0.0,0
0000356_02157_d_0000640.jpg,12,37,21.07,0.0,0.0,0
0000356_02157_d_0000640.jpg,21,31,25.51,0.0,0.0,0
0000356_02353_d_0000641.jpg,15,22,18.17,0.0,0.0,0
0000356_02353_d_0000641.jpg,18,24,20.78,0.0,0.0,0
0000356_02353_d_0000641.jpg,7,17,10.91,0.1355,0.445,0
0000356_02353_d_0000641.jpg,14,23,17.94,0.3625,0.4567,0
0000356_02353_d_0000641.jpg,10,19,13.78,0.0,0.0,0
0000356_02353_d_0000641.jpg,15,39,24.19,0.6309,0.3691,1
0000356_02353_d_0000641.jpg,17,35,24.39,0.6543,0.4344,1
0000356_02353_d_0000641.jpg,5,21,10.25,0.0,0.0,0
0000356_02353_d_0000641.jpg,9,24,14.7,0.0,0.0,0
0000356_02353_d_0000641.jpg,7,20,11.83,0.0,0.0,0
0000356_02353_d_0000641.jpg,7,20,11.83,0.0,0.0,0
0000356_02353_d_0000641.jpg,4,10,6.32,0.0,0.0,0
0000356_02353_d_0000641.jpg,9,28,15.87,0.4915,0.2162,0
0000356_02353_d_0000641.jpg,9,28,15.87,0.46,0.3085,0
0000356_02353_d_0000641.jpg,10,31,17.61,0.8024,0.4617,1
0000356_02353_d_0000641.jpg,12,29,18.65,0.6792,0.3531,1
0000356_02353_d_0000641.jpg,8,25,14.14,0.7985,0.2271,1
0000356_02353_d_0000641.jpg,9,29,16.16,0.8647,0.4121,1
0000356_02353_d_0000641.jpg,12,24,16.97,0.0,0.0,0
0000356_02353_d_0000641.jpg,13,24,17.66,0.3861,0.1804,0
0000356_02353_d_0000641.jpg,8,20,12.65,0.0,0.0,0
0000356_02353_d_0000641.jpg,15,24,18.97,0.0,0.0,0
0000356_02353_d_0000641.jpg,7,23,12.69,0.0,0.0,0
0000356_02353_d_0000641.jpg,12,18,14.7,0.0,0.0,0
0000356_02353_d_0000641.jpg,9,22,14.07,0.0,0.0,0
0000356_02353_d_0000641.jpg,8,17,11.66,0.0,0.0,0
0000356_02353_d_0000641.jpg,8,21,12.96,0.0,0.0,0
0000356_02353_d_0000641.jpg,16,34,23.32,0.6362,0.2406,1
0000356_02353_d_0000641.jpg,14,34,21.82,0.4478,0.1665,0
0000356_02353_d_0000641.jpg,16,32,22.63,0.7065,0.225,1
0000356_02353_d_0000641.jpg,21,43,30.05,0.8143,0.4744,1
0000356_02353_d_0000641.jpg,20,39,27.93,0.923,0.6302,1
0000356_02353_d_0000641.jpg,11,21,15.2,0.2645,0.5547,0
0000356_02353_d_0000641.jpg,19,25,21.79,0.0,0.0,0
0000356_02353_d_0000641.jpg,16,35,23.66,0.0,0.0,0
0000356_02353_d_0000641.jpg,21,33,26.32,0.0,0.0,0
0000356_02353_d_0000641.jpg,13,26,18.38,0.0776,0.1872,0
0000356_02353_d_0000641.jpg,19,40,27.57,0.8498,0.2695,1
0000356_02353_d_0000641.jpg,15,33,22.25,0.0,0.0,0
0000356_02745_d_0000643.jpg,15,22,18.17,0.7678,0.1791,1
0000356_02745_d_0000643.jpg,14,36,22.45,0.0,0.0,0
0000356_02745_d_0000643.jpg,11,36,19.9,0.0,0.0,0
0000356_02745_d_0000643.jpg,11,33,19.05,0.0,0.0,0
0000356_02745_d_0000643.jpg,8,28,14.97,0.0,0.0,0
0000356_02745_d_0000643.jpg,7,33,15.2,0.0,0.0,0
0000356_02745_d_0000643.jpg,17,50,29.15,0.0,0.0,0
0000356_02745_d_0000643.jpg,22,50,33.17,0.0,0.0,0
0000356_02745_d_0000643.jpg,24,39,30.59,0.8369,0.3514,1
0000356_02745_d_0000643.jpg,20,38,27.57,0.474,0.1881,0
0000356_02745_d_0000643.jpg,22,32,26.53,0.4804,0.1811,0
0000356_02745_d_0000643.jpg,22,37,28.53,0.6344,0.1606,1
0000356_02745_d_0000643.jpg,20,45,30.0,0.1114,0.2183,0
0000356_02745_d_0000643.jpg,19,49,30.51,0.796,0.5497,1
0000356_02745_d_0000643.jpg,17,37,25.08,0.7642,0.4278,1
0000356_02745_d_0000643.jpg,20,31,24.9,0.0,0.0,0
0000356_02745_d_0000643.jpg,15,32,21.91,0.9282,0.2954,1
0000356_02745_d_0000643.jpg,16,26,20.4,0.7184,0.25,1
0000356_02745_d_0000643.jpg,17,29,22.2,0.6213,0.3762,1
0000356_02745_d_0000643.jpg,13,30,19.75,0.0,0.0,0
0000356_02745_d_0000643.jpg,8,22,13.27,0.0,0.0,0
0000356_02745_d_0000643.jpg,15,33,22.25,0.7485,0.6271,1
0000356_02745_d_0000643.jpg,12,32,19.6,0.7056,0.1974,1
0000356_02745_d_0000643.jpg,14,29,20.15,0.0,0.0,0
0000356_02745_d_0000643.jpg,13,20,16.12,0.0,0.0,0
0000356_02745_d_0000643.jpg,13,31,20.07,0.0,0.0,0
0000356_02745_d_0000643.jpg,13,23,17.29,0.0,0.0,0
0000356_02745_d_0000643.jpg,12,27,18.0,0.0,0.0,0
0000356_02745_d_0000643.jpg,9,18,12.73,0.0,0.0,0
0000356_02745_d_0000643.jpg,10,22,14.83,0.0,0.0,0
0000356_02745_d_0000643.jpg,12,22,16.25,0.0,0.0,0
0000356_02745_d_0000643.jpg,11,26,16.91,0.0,0.0,0
0000356_02745_d_0000643.jpg,10,22,14.83,0.0,0.0,0
0000356_02941_d_0000644.jpg,21,33,26.32,0.0,0.0,0
0000356_02941_d_0000644.jpg,20,34,26.08,0.0,0.0,0
0000356_02941_d_0000644.jpg,14,33,21.49,0.6719,0.2001,1
0000356_02941_d_0000644.jpg,21,47,31.42,0.8051,0.3761,1
0000356_02941_d_0000644.jpg,22,36,28.14,0.7602,0.3405,1
0000356_02941_d_0000644.jpg,16,40,25.3,0.0,0.0,0
0000356_02941_d_0000644.jpg,15,40,24.49,0.8008,0.2072,1
0000356_02941_d_0000644.jpg,14,40,23.66,0.0,0.0,0
0000356_02941_d_0000644.jpg,8,32,16.0,0.0,0.0,0
0000356_02941_d_0000644.jpg,10,32,17.89,0.0,0.0,0
0000356_02941_d_0000644.jpg,13,28,19.08,0.0,0.0,0
0000356_02941_d_0000644.jpg,13,31,20.07,0.0,0.0,0
0000356_02941_d_0000644.jpg,8,31,15.75,0.0,0.0,0
0000356_02941_d_0000644.jpg,7,28,14.0,0.0,0.0,0
0000356_02941_d_0000644.jpg,6,15,9.49,0.0,0.0,0
0000356_02941_d_0000644.jpg,9,21,13.75,0.2728,0.3749,0
0000356_02941_d_0000644.jpg,9,26,15.3,0.0,0.0,0
0000356_02941_d_0000644.jpg,16,20,17.89,0.0,0.0,0
0000356_02941_d_0000644.jpg,6,16,9.8,0.0,0.0,0
0000356_02941_d_0000644.jpg,4,13,7.21,0.0,0.0,0
0000356_02941_d_0000644.jpg,18,27,22.05,0.5088,0.233,1
0000356_02941_d_0000644.jpg,17,35,24.39,0.8664,0.2436,1
0000356_02941_d_0000644.jpg,17,24,20.2,0.0,0.0,0
0000356_02941_d_0000644.jpg,15,28,20.49,0.0,0.0,0
0000356_02941_d_0000644.jpg,17,27,21.42,0.0,0.0,0
0000356_02941_d_0000644.jpg,17,33,23.69,0.0,0.0,0
0000356_02941_d_0000644.jpg,13,29,19.42,0.0,0.0,0
0000356_02941_d_0000644.jpg,8,24,13.86,0.0,0.0,0
0000356_02941_d_0000644.jpg,17,29,22.2,0.0,0.0,0
0000356_02941_d_0000644.jpg,10,29,17.03,0.0,0.0,0
0000356_02941_d_0000644.jpg,10,29,17.03,0.6955,0.4974,1
0000356_02941_d_0000644.jpg,11,27,17.23,0.6387,0.2609,1
0000356_02941_d_0000644.jpg,10,26,16.12,0.3619,0.5085,0
0000356_02941_d_0000644.jpg,11,22,15.56,0.0,0.0,0
0000356_02941_d_0000644.jpg,10,19,13.78,0.0,0.0,0
0000356_02941_d_0000644.jpg,8,15,10.95,0.0,0.0,0
0000356_02941_d_0000644.jpg,12,22,16.25,0.0,0.0,0
0000356_02941_d_0000644.jpg,10,24,15.49,0.0,0.0,0
0000356_02941_d_0000644.jpg,10,23,15.17,0.0,0.0,0
0000356_02941_d_0000644.jpg,7,19,11.53,0.0,0.0,0
0000356_02941_d_0000644.jpg,10,23,15.17,0.0,0.0,0
0000356_02941_d_0000644.jpg,8,21,12.96,0.0,0.0,0
0000356_02941_d_0000644.jpg,20,37,27.2,0.7559,0.2686,1
0000356_02941_d_0000644.jpg,17,19,17.97,0.0,0.0,0
0000356_03333_d_0000646.jpg,17,23,19.77,0.6171,0.263,1
0000356_03333_d_0000646.jpg,12,22,16.25,0.3831,0.2386,0
0000356_03333_d_0000646.jpg,14,27,19.44,0.4995,0.2286,0
0000356_03333_d_0000646.jpg,15,27,20.12,0.0,0.0,0
0000356_03333_d_0000646.jpg,14,31,20.83,0.0,0.0,0
0000356_03333_d_0000646.jpg,16,30,21.91,0.0,0.0,0
0000356_03333_d_0000646.jpg,15,30,21.21,0.0,0.0,0
0000356_03333_d_0000646.jpg,10,24,15.49,0.0,0.0,0
0000356_03333_d_0000646.jpg,19,27,22.65,0.0,0.0,0
0000356_03333_d_0000646.jpg,18,32,24.0,0.0,0.0,0
0000356_03333_d_0000646.jpg,24,36,29.39,0.789,0.5056,1
0000356_03333_d_0000646.jpg,24,37,29.8,0.0758,0.2927,0
0000356_03333_d_0000646.jpg,23,37,29.17,0.376,0.265,0
0000356_03333_d_0000646.jpg,27,48,36.0,0.7332,0.1564,1
0000356_03333_d_0000646.jpg,28,40,33.47,0.4537,0.3989,0
0000356_03333_d_0000646.jpg,16,20,17.89,0.0,0.0,0
0000356_03333_d_0000646.jpg,19,36,26.15,0.286,0.5917,0
0000356_03333_d_0000646.jpg,19,37,26.51,0.2727,0.5848,0
0000356_03333_d_0000646.jpg,15,33,22.25,0.2213,0.2091,0
0000356_03333_d_0000646.jpg,16,32,22.63,0.2414,0.5607,0
0000356_03333_d_0000646.jpg,16,33,22.98,0.0,0.0,0
0000356_03333_d_0000646.jpg,13,28,19.08,0.0,0.0,0
0000356_03333_d_0000646.jpg,11,28,17.55,0.0,0.0,0
0000356_03333_d_0000646.jpg,13,28,19.08,0.0,0.0,0
0000356_03333_d_0000646.jpg,14,31,20.83,0.0,0.0,0
0000356_03333_d_0000646.jpg,9,30,16.43,0.0,0.0,0
0000356_03333_d_0000646.jpg,9,23,14.39,0.0,0.0,0
0000356_03333_d_0000646.jpg,8,20,12.65,0.0,0.0,0
0000356_03333_d_0000646.jpg,13,27,18.73,0.0,0.0,0
0000356_03333_d_0000646.jpg,10,26,16.12,0.7247,0.4032,1
0000356_03333_d_0000646.jpg,14,23,17.94,0.8397,0.392,1
0000356_03333_d_0000646.jpg,12,30,18.97,0.0,0.0,0
0000356_03333_d_0000646.jpg,13,27,18.73,0.7477,0.6099,1
0000356_03333_d_0000646.jpg,10,24,15.49,0.0,0.0,0
0000356_03529_d_0000647.jpg,19,30,23.87,0.5737,0.4558,1
0000356_03529_d_0000647.jpg,15,27,20.12,0.7341,0.6032,1
0000356_03529_d_0000647.jpg,16,28,21.17,0.813,0.1931,1
0000356_03529_d_0000647.jpg,16,25,20.0,0.0027,0.1771,0
0000356_03529_d_0000647.jpg,14,30,20.49,0.8675,0.2546,1
0000356_03529_d_0000647.jpg,10,24,15.49,0.0,0.0,0
0000356_03529_d_0000647.jpg,11,28,17.55,0.0,0.0,0
0000356_03529_d_0000647.jpg,8,25,14.14,0.2232,0.3015,0
0000356_03529_d_0000647.jpg,14,26,19.08,0.5757,0.226,1
0000356_03529_d_0000647.jpg,12,24,16.97,0.0,0.0,0
0000356_03529_d_0000647.jpg,7,22,12.41,0.0,0.0,0
0000356_03529_d_0000647.jpg,11,33,19.05,0.0,0.0,0
0000356_03529_d_0000647.jpg,11,31,18.47,0.0,0.0,0
0000356_03529_d_0000647.jpg,17,33,23.69,0.683,0.1616,1
0000356_03529_d_0000647.jpg,14,30,20.49,0.0,0.0,0
0000356_03529_d_0000647.jpg,19,32,24.66,0.0,0.0,0
0000356_03529_d_0000647.jpg,14,23,17.94,0.388,0.195,0
0000356_03529_d_0000647.jpg,20,41,28.64,0.0,0.0,0
0000356_03529_d_0000647.jpg,19,31,24.27,0.6356,0.1986,1
0000356_03529_d_0000647.jpg,10,22,14.83,0.0,0.0,0
0000356_03529_d_0000647.jpg,19,34,25.42,0.273,0.4748,0
0000356_03529_d_0000647.jpg,18,31,23.62,0.1186,0.3907,0
0000356_03529_d_0000647.jpg,13,30,19.75,0.0733,0.4472,0
0000356_03529_d_0000647.jpg,12,34,20.2,0.3872,0.1702,0
0000356_03529_d_0000647.jpg,16,32,22.63,0.677,0.2077,1
0000356_03725_d_0000648.jpg,26,59,39.17,0.7945,0.4096,1
0000356_03725_d_0000648.jpg,21,51,32.73,0.6932,0.274,1
0000356_03725_d_0000648.jpg,21,37,27.87,0.0,0.0,0
0000356_03725_d_0000648.jpg,11,20,14.83,0.0,0.0,0
0000356_03725_d_0000648.jpg,11,25,16.58,0.0,0.0,0
0000356_03725_d_0000648.jpg,10,21,14.49,0.0,0.0,0
0000356_03725_d_0000648.jpg,9,29,16.16,0.308,0.2817,0
0000356_03725_d_0000648.jpg,10,31,17.61,0.4738,0.1704,0
0000356_03725_d_0000648.jpg,6,21,11.22,0.0,0.0,0
0000356_03725_d_0000648.jpg,18,34,24.74,0.2972,0.2855,0
0000356_03725_d_0000648.jpg,13,26,18.38,0.1107,0.2295,0
0000356_03725_d_0000648.jpg,16,26,20.4,0.1442,0.3274,0
0000356_03725_d_0000648.jpg,14,28,19.8,0.0,0.0,0
0000356_03725_d_0000648.jpg,10,17,13.04,0.0,0.0,0
0000356_03725_d_0000648.jpg,9,23,14.39,0.0,0.0,0
0000356_03725_d_0000648.jpg,6,19,10.68,0.0,0.0,0
0000356_03725_d_0000648.jpg,16,31,22.27,0.0,0.0,0
0000356_03725_d_0000648.jpg,10,33,18.17,0.0,0.0,0
0000356_03725_d_0000648.jpg,14,31,20.83,0.0,0.0,0
0000356_03725_d_0000648.jpg,16,30,21.91,0.3002,0.4059,0
0000356_03725_d_0000648.jpg,14,31,20.83,0.0,0.0,0
0000356_03725_d_0000648.jpg,11,26,16.91,0.0,0.0,0
0000356_03725_d_0000648.jpg,10,26,16.12,0.0,0.0,0
0000356_03725_d_0000648.jpg,11,29,17.86,0.9322,0.2722,1
0000356_03725_d_0000648.jpg,7,25,13.23,0.0331,0.1919,0
0000356_03725_d_0000648.jpg,9,21,13.75,0.0,0.0,0
0000356_03725_d_0000648.jpg,14,23,17.94,0.0,0.0,0
0000356_03725_d_0000648.jpg,7,25,13.23,0.0,0.0,0
0000356_03725_d_0000648.jpg,8,25,14.14,0.6595,0.2766,1
0000356_03725_d_0000648.jpg,6,14,9.17,0.0,0.0,0
0000356_03725_d_0000648.jpg,11,22,15.56,0.0,0.0,0
0000356_03921_d_0000649.jpg,26,55,37.82,0.0,0.0,0
0000356_03921_d_0000649.jpg,26,60,39.5,0.719,0.4678,1
0000356_03921_d_0000649.jpg,32,49,39.6,0.4639,0.5354,0
0000356_03921_d_0000649.jpg,30,45,36.74,0.3727,0.7131,0
0000356_03921_d_0000649.jpg,12,38,21.35,0.0,0.0,0
0000356_03921_d_0000649.jpg,14,27,19.44,0.0,0.0,0
0000356_03921_d_0000649.jpg,11,24,16.25,0.0,0.0,0
0000356_03921_d_0000649.jpg,6,20,10.95,0.0,0.0,0
0000356_03921_d_0000649.jpg,8,28,14.97,0.0,0.0,0
0000356_03921_d_0000649.jpg,10,27,16.43,0.0,0.0,0
0000356_03921_d_0000649.jpg,8,31,15.75,0.0,0.0,0
0000356_03921_d_0000649.jpg,9,29,16.16,0.0,0.0,0
0000356_03921_d_0000649.jpg,9,25,15.0,0.299,0.258,0
0000356_03921_d_0000649.jpg,8,24,13.86,0.0,0.0,0
0000356_03921_d_0000649.jpg,7,23,12.69,0.0,0.0,0
0000356_03921_d_0000649.jpg,9,27,15.59,0.5712,0.1711,1
0000356_03921_d_0000649.jpg,7,28,14.0,0.2503,0.3593,0
0000356_03921_d_0000649.jpg,9,31,16.7,0.3358,0.4329,0
0000356_03921_d_0000649.jpg,7,28,14.0,0.6082,0.3485,1
0000356_03921_d_0000649.jpg,8,31,15.75,0.2902,0.2157,0
0000356_03921_d_0000649.jpg,11,25,16.58,0.195,0.3162,0
0000356_03921_d_0000649.jpg,6,17,10.1,0.0,0.0,0
0000356_03921_d_0000649.jpg,8,24,13.86,0.0,0.0,0
0000356_03921_d_0000649.jpg,6,23,11.75,0.0,0.0,0
0000356_03921_d_0000649.jpg,12,25,17.32,0.0,0.0,0
0000356_03921_d_0000649.jpg,11,20,14.83,0.0,0.0,0
0000356_03921_d_0000649.jpg,13,18,15.3,0.196,0.2707,0
0000356_03921_d_0000649.jpg,13,25,18.03,0.0,0.0,0
0000356_03921_d_0000649.jpg,8,20,12.65,0.1499,0.2634,0
0000356_03921_d_0000649.jpg,21,39,28.62,0.8325,0.2092,1
0000356_04117_d_0000650.jpg,11,27,17.23,0.0,0.0,0
0000356_04117_d_0000650.jpg,23,33,27.55,0.0,0.0,0
0000356_04117_d_0000650.jpg,13,23,17.29,0.0,0.0,0
0000356_04117_d_0000650.jpg,8,20,12.65,0.0,0.0,0
0000356_04117_d_0000650.jpg,14,26,19.08,0.0242,0.183,0
0000356_04117_d_0000650.jpg,13,28,19.08,0.78,0.3705,1
0000356_04117_d_0000650.jpg,14,26,19.08,0.7849,0.4121,1
0000356_04117_d_0000650.jpg,13,30,19.75,0.7198,0.3325,1
0000356_04117_d_0000650.jpg,13,27,18.73,0.7659,0.4145,1
0000356_04117_d_0000650.jpg,12,34,20.2,0.6047,0.3306,1
0000356_04117_d_0000650.jpg,13,29,19.42,0.4325,0.169,0
0000356_04117_d_0000650.jpg,11,21,15.2,0.2604,0.3752,0
0000356_04117_d_0000650.jpg,12,26,17.66,0.5645,0.1761,1
0000356_04117_d_0000650.jpg,28,46,35.89,0.0,0.0,0
0000356_04117_d_0000650.jpg,20,37,27.2,0.0,0.0,0
0000356_04117_d_0000650.jpg,19,42,28.25,0.5866,0.1861,1
0000356_04117_d_0000650.jpg,10,23,15.17,0.2654,0.4482,0
0000356_04117_d_0000650.jpg,18,35,25.1,0.4698,0.6595,0
0000356_04117_d_0000650.jpg,17,38,25.42,0.8945,0.6107,1
0000356_04117_d_0000650.jpg,10,22,14.83,0.0,0.0,0
0000356_04117_d_0000650.jpg,9,21,13.75,0.0,0.0,0
0000356_04117_d_0000650.jpg,6,19,10.68,0.0,0.0,0
0000356_04117_d_0000650.jpg,7,24,12.96,0.0,0.0,0
0000356_04117_d_0000650.jpg,9,21,13.75,0.0,0.0,0
0000356_04117_d_0000650.jpg,8,24,13.86,0.0,0.0,0
0000356_04117_d_0000650.jpg,7,20,11.83,0.0,0.0,0
0000356_04117_d_0000650.jpg,7,32,14.97,0.0881,0.2123,0
0000356_04117_d_0000650.jpg,8,20,12.65,0.2197,0.2667,0
0000356_04117_d_0000650.jpg,10,27,16.43,0.0,0.0,0
0000356_04117_d_0000650.jpg,9,16,12.0,0.0,0.0,0
0000356_04117_d_0000650.jpg,5,18,9.49,0.0,0.0,0
0000356_04117_d_0000650.jpg,7,17,10.91,0.0,0.0,0
0000356_04117_d_0000650.jpg,15,22,18.17,0.0,0.0,0
0000356_04117_d_0000650.jpg,18,32,24.0,0.7655,0.5806,1
0000356_04117_d_0000650.jpg,30,35,32.4,0.0,0.0,0
0000356_04313_d_0000651.jpg,28,47,36.28,0.5025,0.2496,1
0000356_04313_d_0000651.jpg,22,33,26.94,0.5957,0.1581,1
0000356_04313_d_0000651.jpg,12,25,17.32,0.0,0.0,0
0000356_04313_d_0000651.jpg,15,21,17.75,0.6289,0.2843,1
0000356_04313_d_0000651.jpg,7,15,10.25,0.2954,0.4864,0
0000356_04313_d_0000651.jpg,10,24,15.49,0.0,0.0,0
0000356_04313_d_0000651.jpg,8,19,12.33,0.0,0.0,0
0000356_04313_d_0000651.jpg,15,25,19.36,0.3507,0.1914,0
0000356_04313_d_0000651.jpg,16,21,18.33,0.5361,0.3088,1
0000356_04313_d_0000651.jpg,14,32,21.17,0.6867,0.5453,1
0000356_04313_d_0000651.jpg,11,23,15.91,0.0,0.0,0
0000356_04313_d_0000651.jpg,9,17,12.37,0.0,0.0,0
0000356_04313_d_0000651.jpg,6,22,11.49,0.0,0.0,0
0000356_04313_d_0000651.jpg,8,21,12.96,0.0,0.0,0
0000356_04313_d_0000651.jpg,8,21,12.96,0.0,0.0,0
0000356_04313_d_0000651.jpg,7,20,11.83,0.0,0.0,0
0000356_04313_d_0000651.jpg,7,21,12.12,0.0,0.0,0
0000356_04313_d_0000651.jpg,9,22,14.07,0.0,0.0,0
0000356_04313_d_0000651.jpg,15,24,18.97,0.2343,0.2583,0
0000356_04313_d_0000651.jpg,7,25,13.23,0.0,0.0,0
0000356_04313_d_0000651.jpg,5,20,10.0,0.0,0.0,0
0000356_04313_d_0000651.jpg,12,29,18.65,0.0,0.0,0
0000356_04313_d_0000651.jpg,7,22,12.41,0.0,0.0,0
0000356_04313_d_0000651.jpg,12,33,19.9,0.0,0.0,0
0000356_04313_d_0000651.jpg,11,28,17.55,0.0,0.0,0
0000356_04313_d_0000651.jpg,20,25,22.36,0.15,0.7608,0
0000356_04313_d_0000651.jpg,16,31,22.27,0.6926,0.3103,1
0000356_04313_d_0000651.jpg,12,18,14.7,0.0,0.0,0
0000356_04313_d_0000651.jpg,12,27,18.0,0.0,0.0,0
0000356_04705_d_0000653.jpg,15,38,23.87,0.8498,0.3064,1
0000356_04705_d_0000653.jpg,21,42,29.7,0.5769,0.1699,1
0000356_04705_d_0000653.jpg,11,22,15.56,0.2903,0.3591,0
0000356_04705_d_0000653.jpg,11,23,15.91,0.4839,0.2431,0
0000356_04705_d_0000653.jpg,10,23,15.17,0.4232,0.2064,0
0000356_04705_d_0000653.jpg,10,27,16.43,0.0,0.0,0
0000356_04705_d_0000653.jpg,9,23,14.39,0.0,0.0,0
0000356_04705_d_0000653.jpg,22,30,25.69,0.2583,0.3312,0
0000356_04705_d_0000653.jpg,12,27,18.0,0.1218,0.2466,0
0000356_04705_d_0000653.jpg,14,44,24.82,0.5902,0.4994,1
0000356_04705_d_0000653.jpg,14,37,22.76,0.352,0.4704,0
0000356_04705_d_0000653.jpg,18,41,27.17,0.8813,0.7056,1
0000356_04705_d_0000653.jpg,12,30,18.97,0.5856,0.3071,1
0000356_04705_d_0000653.jpg,21,36,27.5,0.815,0.3628,1
0000356_04705_d_0000653.jpg,16,40,25.3,0.7384,0.7557,1
0000356_04705_d_0000653.jpg,13,29,19.42,0.8137,0.1632,1
0000356_04705_d_0000653.jpg,11,35,19.62,0.7597,0.4358,1
0000356_04705_d_0000653.jpg,8,24,13.86,0.0,0.0,0
0000356_04705_d_0000653.jpg,6,18,10.39,0.0,0.0,0
0000356_04705_d_0000653.jpg,11,32,18.76,0.794,0.1578,1
0000356_04705_d_0000653.jpg,14,29,20.15,0.0,0.0,0
0000356_04705_d_0000653.jpg,12,21,15.87,0.0,0.0,0
0000356_04705_d_0000653.jpg,11,21,15.2,0.0,0.0,0
0000356_04705_d_0000653.jpg,20,17,18.44,0.0,0.0,0
0000356_04901_d_0000654.jpg,21,33,26.32,0.0,0.0,0
0000356_04901_d_0000654.jpg,15,38,23.87,0.0,0.0,0
0000356_04901_d_0000654.jpg,13,38,22.23,0.7781,0.5573,1
0000356_04901_d_0000654.jpg,13,41,23.09,0.6194,0.6445,1
0000356_04901_d_0000654.jpg,10,27,16.43,0.416,0.5771,0
0000356_04901_d_0000654.jpg,8,33,16.25,0.5976,0.3012,1
0000356_04901_d_0000654.jpg,10,29,17.03,0.0,0.0,0
0000356_04901_d_0000654.jpg,10,26,16.12,0.0,0.0,0
0000356_04901_d_0000654.jpg,12,29,18.65,0.0,0.0,0
0000356_04901_d_0000654.jpg,13,29,19.42,0.0,0.0,0
0000356_04901_d_0000654.jpg,10,24,15.49,0.0,0.0,0
0000356_04901_d_0000654.jpg,8,23,13.56,0.0,0.0,0
0000356_04901_d_0000654.jpg,9,24,14.7,0.0,0.0,0
0000356_04901_d_0000654.jpg,10,25,15.81,0.0,0.0,0
0000356_04901_d_0000654.jpg,8,18,12.0,0.0,0.0,0
0000356_04901_d_0000654.jpg,8,22,13.27,0.0,0.0,0
0000356_04901_d_0000654.jpg,9,26,15.3,0.0,0.0,0
0000356_04901_d_0000654.jpg,7,17,10.91,0.0,0.0,0
0000356_04901_d_0000654.jpg,13,18,15.3,0.0,0.0,0
0000356_04901_d_0000654.jpg,9,20,13.42,0.0,0.0,0
0000356_04901_d_0000654.jpg,25,40,31.62,0.8473,0.4613,1
0000356_04901_d_0000654.jpg,17,30,22.58,0.2515,0.2491,0
0000356_04901_d_0000654.jpg,19,34,25.42,0.4281,0.3526,0
0000356_04901_d_0000654.jpg,22,38,28.91,0.6088,0.4812,1
0000356_04901_d_0000654.jpg,16,38,24.66,0.7322,0.6732,1
0000356_04901_d_0000654.jpg,16,35,23.66,0.8343,0.3345,1
0000356_04901_d_0000654.jpg,12,25,17.32,0.1047,0.2661,0
0000356_04901_d_0000654.jpg,15,34,22.58,0.8598,0.1915,1
0000356_04901_d_0000654.jpg,19,45,29.24,0.8216,0.5298,1
0000356_04901_d_0000654.jpg,9,27,15.59,0.0,0.0,0
0000356_04901_d_0000654.jpg,9,20,13.42,0.663,0.2768,1
0000356_04901_d_0000654.jpg,9,33,17.23,0.0,0.0,0
0000356_04901_d_0000654.jpg,10,28,16.73,0.0,0.0,0
0000356_04901_d_0000654.jpg,16,19,17.44,0.0,0.0,0
0000356_05097_d_0000655.jpg,17,32,23.32,0.8757,0.4381,1
0000356_05097_d_0000655.jpg,13,33,20.71,0.9196,0.665,1
0000356_05097_d_0000655.jpg,10,31,17.61,0.4736,0.2366,0
0000356_05097_d_0000655.jpg,15,34,22.58,0.7551,0.4423,1
0000356_05097_d_0000655.jpg,34,58,44.41,0.9247,0.717,1
0000356_05097_d_0000655.jpg,17,34,24.04,0.0,0.0,0
0000356_05097_d_0000655.jpg,22,50,33.17,0.9199,0.2284,1
0000356_05097_d_0000655.jpg,22,31,26.12,0.0,0.0,0
0000356_05097_d_0000655.jpg,18,29,22.85,0.0,0.0,0
0000356_05097_d_0000655.jpg,21,42,29.7,0.7827,0.3815,1
0000356_05097_d_0000655.jpg,15,16,15.49,0.0,0.0,0
0000356_05097_d_0000655.jpg,13,26,18.38,0.4551,0.2891,0
0000356_05097_d_0000655.jpg,13,26,18.38,0.0,0.0,0
0000356_05097_d_0000655.jpg,11,29,17.86,0.0,0.0,0
0000356_05097_d_0000655.jpg,35,39,36.95,0.0,0.0,0
0000356_05097_d_0000655.jpg,8,18,12.0,0.0,0.0,0
0000356_05097_d_0000655.jpg,12,26,17.66,0.704,0.1675,1
0000356_05097_d_0000655.jpg,15,27,20.12,0.0,0.0,0
0000356_05097_d_0000655.jpg,10,31,17.61,0.0,0.0,0
0000356_05097_d_0000655.jpg,15,28,20.49,0.0,0.0,0
0000356_05097_d_0000655.jpg,15,18,16.43,0.0,0.0,0
0000356_05097_d_0000655.jpg,8,25,14.14,0.0,0.0,0
0000356_05097_d_0000655.jpg,10,22,14.83,0.0,0.0,0
0000356_05097_d_0000655.jpg,10,25,15.81,0.0,0.0,0
0000356_05097_d_0000655.jpg,7,20,11.83,0.0,0.0,0
0000356_05097_d_0000655.jpg,11,24,16.25,0.0,0.0,0
0000356_05097_d_0000655.jpg,10,22,14.83,0.0,0.0,0
0000356_05097_d_0000655.jpg,11,24,16.25,0.0,0.0,0
0000356_05097_d_0000655.jpg,14,23,17.94,0.0,0.0,0
0000356_05097_d_0000655.jpg,14,39,23.37,0.8855,0.1969,1
0000356_05097_d_0000655.jpg,23,41,30.71,0.7349,0.4643,1
0000356_05097_d_0000655.jpg,16,33,22.98,0.6489,0.4048,1
0000356_05097_d_0000655.jpg,18,35,25.1,0.8158,0.4251,1
0000356_05097_d_0000655.jpg,11,24,16.25,0.0,0.0,0
0000358_03333_d_0000697.jpg,9,25,15.0,0.8304,0.5746,1
0000358_03333_d_0000697.jpg,8,19,12.33,0.0,0.0,0
0000358_03333_d_0000697.jpg,6,12,8.49,0.0,0.0,0
0000358_03333_d_0000697.jpg,8,15,10.95,0.0,0.0,0
0000358_03333_d_0000697.jpg,4,8,5.66,0.0,0.0,0
0000358_03333_d_0000697.jpg,6,9,7.35,0.0,0.0,0
0000358_03333_d_0000697.jpg,4,8,5.66,0.0,0.0,0
0000358_03333_d_0000697.jpg,4,9,6.0,0.0,0.0,0
0000358_03333_d_0000697.jpg,15,33,22.25,0.7594,0.6486,1
0000358_03333_d_0000697.jpg,19,44,28.91,0.0,0.0,0
0000358_03333_d_0000697.jpg,20,36,26.83,0.934,0.6312,1
0000358_03333_d_0000697.jpg,12,23,16.61,0.0,0.0,0
0000358_03333_d_0000697.jpg,12,24,16.97,0.0,0.0,0
0000358_03333_d_0000697.jpg,13,27,18.73,0.0,0.0,0
0000358_03333_d_0000697.jpg,11,29,17.86,0.0,0.0,0
0000358_03333_d_0000697.jpg,10,28,16.73,0.2587,0.1789,0
0000358_03333_d_0000697.jpg,13,19,15.72,0.0,0.0,0
0000358_03333_d_0000697.jpg,9,19,13.08,0.0,0.0,0
0000358_03333_d_0000697.jpg,4,10,6.32,0.0,0.0,0
0000358_03333_d_0000697.jpg,5,12,7.75,0.0,0.0,0
0000358_03333_d_0000697.jpg,5,9,6.71,0.0,0.0,0
0000358_03333_d_0000697.jpg,7,13,9.54,0.0,0.0,0
0000358_03333_d_0000697.jpg,8,16,11.31,0.0,0.0,0
0000358_03333_d_0000697.jpg,11,23,15.91,0.0,0.0,0
0000359_00393_d_0000701.jpg,23,53,34.91,0.8816,0.7891,1
0000359_00393_d_0000701.jpg,12,27,18.0,0.0,0.0,0
0000359_00393_d_0000701.jpg,11,28,17.55,0.9099,0.3613,1
0000359_00393_d_0000701.jpg,13,28,19.08,0.702,0.4943,1
0000359_00393_d_0000701.jpg,13,26,18.38,0.7692,0.3425,1
0000359_00393_d_0000701.jpg,17,32,23.32,0.8012,0.5222,1
0000359_00393_d_0000701.jpg,16,36,24.0,0.8557,0.6616,1
0000359_00393_d_0000701.jpg,17,33,23.69,0.8863,0.5692,1
0000359_00393_d_0000701.jpg,12,21,15.87,0.0,0.0,0
0000359_00393_d_0000701.jpg,8,14,10.58,0.0,0.0,0
0000359_00393_d_0000701.jpg,7,17,10.91,0.0,0.0,0
0000359_00393_d_0000701.jpg,7,16,10.58,0.0,0.0,0
0000359_00393_d_0000701.jpg,24,47,33.59,0.0,0.0,0
0000359_00393_d_0000701.jpg,23,47,32.88,0.8158,0.4812,1
0000359_00393_d_0000701.jpg,13,34,21.02,0.0,0.0,0
0000359_00393_d_0000701.jpg,13,34,21.02,0.5572,0.2026,1
0000359_00393_d_0000701.jpg,10,31,17.61,0.541,0.6957,1
0000359_00393_d_0000701.jpg,12,28,18.33,0.5169,0.6518,1
0000359_00589_d_0000702.jpg,20,33,25.69,0.0,0.0,0
0000359_00589_d_0000702.jpg,14,29,20.15,0.0,0.0,0
0000359_00589_d_0000702.jpg,24,40,30.98,0.0,0.0,0
0000359_00589_d_0000702.jpg,40,86,58.65,0.8654,0.7344,1
0000359_00589_d_0000702.jpg,18,24,20.78,0.0,0.0,0
0000359_00589_d_0000702.jpg,32,54,41.57,0.7392,0.3133,1
0000359_00589_d_0000702.jpg,31,51,39.76,0.4877,0.1778,0
0000359_00589_d_0000702.jpg,28,45,35.5,0.5307,0.17,1
0000359_00589_d_0000702.jpg,37,60,47.12,0.6887,0.5767,1
0000359_00589_d_0000702.jpg,41,47,43.9,0.7744,0.4671,1
0000359_00589_d_0000702.jpg,15,24,18.97,0.0,0.0,0
0000359_00589_d_0000702.jpg,20,23,21.45,0.0,0.0,0
0000359_00589_d_0000702.jpg,13,19,15.72,0.3773,0.6944,0
0000359_00589_d_0000702.jpg,13,13,13.0,0.308,0.2071,0
0000359_00785_d_0000703.jpg,50,74,60.83,0.841,0.2249,1
0000359_00785_d_0000703.jpg,21,46,31.08,0.916,0.563,1
0000359_00785_d_0000703.jpg,27,59,39.91,0.7921,0.3692,1
0000359_00785_d_0000703.jpg,20,57,33.76,0.9319,0.5674,1
0000359_00785_d_0000703.jpg,13,31,20.07,0.6439,0.679,1
0000359_00785_d_0000703.jpg,13,23,17.29,0.0,0.0,0
0000359_00785_d_0000703.jpg,7,24,12.96,0.0,0.0,0
0000359_00981_d_0000704.jpg,10,43,20.74,0.5829,0.2305,1
0000359_00981_d_0000704.jpg,7,38,16.31,0.2096,0.3314,0
0000359_00981_d_0000704.jpg,7,26,13.49,0.0,0.0,0
0000359_00981_d_0000704.jpg,50,85,65.19,0.7919,0.6518,1
0000359_00981_d_0000704.jpg,22,63,37.23,0.4412,0.6614,0
0000359_00981_d_0000704.jpg,26,78,45.03,0.7036,0.6927,1
0000359_00981_d_0000704.jpg,20,73,38.21,0.7558,0.7658,1
0000359_00981_d_0000704.jpg,17,32,23.32,0.4235,0.481,0
0000359_01177_d_0000705.jpg,31,74,47.9,0.87,0.6903,1
0000359_01177_d_0000705.jpg,38,85,56.83,0.8433,0.3601,1
0000359_01177_d_0000705.jpg,30,67,44.83,0.6906,0.3277,1
0000359_01177_d_0000705.jpg,25,67,40.93,0.8255,0.5166,1
0000359_01177_d_0000705.jpg,23,72,40.69,0.0,0.0,0
0000359_01177_d_0000705.jpg,26,38,31.43,0.6422,0.5935,1
0000359_01177_d_0000705.jpg,7,27,13.75,0.4331,0.2163,0
0000359_01177_d_0000705.jpg,11,28,17.55,0.7231,0.3848,1
0000359_01177_d_0000705.jpg,11,23,15.91,0.211,0.1633,0
0000359_01177_d_0000705.jpg,9,28,15.87,0.364,0.2093,0
0000359_01177_d_0000705.jpg,10,27,16.43,0.4247,0.199,0
0000359_01177_d_0000705.jpg,12,15,13.42,0.0,0.0,0
0000359_01177_d_0000705.jpg,11,29,17.86,0.8941,0.6807,1
0000359_01373_d_0000706.jpg,35,87,55.18,0.6905,0.3774,1
0000359_01373_d_0000706.jpg,23,77,42.08,0.4705,0.2234,0
0000359_01373_d_0000706.jpg,25,86,46.37,0.3992,0.3414,0
0000359_01373_d_0000706.jpg,32,73,48.33,0.6799,0.4913,1
0000359_01961_d_0000707.jpg,46,78,59.9,0.9079,0.609,1
0000359_01961_d_0000707.jpg,24,71,41.28,0.9047,0.5739,1
0000359_02353_d_0000708.jpg,5,12,7.75,0.0,0.0,0
0000359_02353_d_0000708.jpg,5,14,8.37,0.0,0.0,0
0000359_02353_d_0000708.jpg,5,15,8.66,0.0,0.0,0
0000359_02353_d_0000708.jpg,4,17,8.25,0.0,0.0,0
0000359_02353_d_0000708.jpg,4,12,6.93,0.0,0.0,0
0000359_02353_d_0000708.jpg,13,34,21.02,0.7029,0.6248,1
0000359_02353_d_0000708.jpg,7,27,13.75,0.0,0.0,0
0000359_02353_d_0000708.jpg,9,26,15.3,0.8899,0.3751,1
0000359_02353_d_0000708.jpg,8,20,12.65,0.0,0.0,0
0000359_02353_d_0000708.jpg,6,21,11.22,0.0,0.0,0
0000359_02353_d_0000708.jpg,7,22,12.41,0.1363,0.1867,0
0000359_02353_d_0000708.jpg,7,26,13.49,0.6548,0.1842,1
0000359_02353_d_0000708.jpg,8,24,13.86,0.0,0.0,0
0000359_02353_d_0000708.jpg,66,25,40.62,0.065,0.162,0
0000359_02549_d_0000709.jpg,30,37,33.32,0.5557,0.655,1
0000359_02549_d_0000709.jpg,32,51,40.4,0.5989,0.4113,1
0000359_02549_d_0000709.jpg,21,42,29.7,0.8736,0.5955,1
0000359_02549_d_0000709.jpg,16,32,22.63,0.3712,0.1678,0
0000359_02549_d_0000709.jpg,22,42,30.4,0.4213,0.3017,0
0000359_02549_d_0000709.jpg,19,35,25.79,0.7914,0.4964,1
0000359_02549_d_0000709.jpg,11,34,19.34,0.0,0.0,0
0000359_03333_d_0000711.jpg,23,56,35.89,0.6601,0.167,1
0000359_03333_d_0000711.jpg,19,58,33.2,0.8897,0.5705,1
0000359_03333_d_0000711.jpg,21,58,34.9,0.7564,0.7442,1
0000359_03333_d_0000711.jpg,23,45,32.17,0.8755,0.4521,1
0000359_03333_d_0000711.jpg,23,45,32.17,0.7303,0.532,1
0000359_03333_d_0000711.jpg,23,45,32.17,0.0,0.0,0
0000359_03529_d_0000712.jpg,59,64,61.45,0.4573,0.3054,0
0000359_03529_d_0000712.jpg,52,67,59.03,0.4864,0.4473,0
0000359_03529_d_0000712.jpg,54,58,55.96,0.6506,0.3938,1
0000359_03529_d_0000712.jpg,32,44,37.52,0.0629,0.183,0
0000359_03529_d_0000712.jpg,45,59,51.53,0.1696,0.2344,0
0000359_03529_d_0000712.jpg,38,59,47.35,0.6569,0.3606,1
0000360_00001_d_0000713.jpg,7,22,12.41,0.0,0.0,0
0000360_00001_d_0000713.jpg,11,25,16.58,0.0,0.0,0
0000360_00001_d_0000713.jpg,8,23,13.56,0.0,0.0,0
0000360_00001_d_0000713.jpg,8,21,12.96,0.0,0.0,0
0000360_00001_d_0000713.jpg,9,21,13.75,0.0,0.0,0
0000360_00001_d_0000713.jpg,8,14,10.58,0.0,0.0,0
0000360_00001_d_0000713.jpg,6,11,8.12,0.0,0.0,0
0000360_00001_d_0000713.jpg,6,7,6.48,0.0,0.0,0
0000360_00001_d_0000713.jpg,6,13,8.83,0.0,0.0,0
0000360_00001_d_0000713.jpg,12,14,12.96,0.0,0.0,0
0000360_00001_d_0000713.jpg,11,16,13.27,0.0,0.0,0
0000360_00001_d_0000713.jpg,12,14,12.96,0.0,0.0,0
0000360_00001_d_0000713.jpg,11,21,15.2,0.0,0.0,0
0000360_00001_d_0000713.jpg,8,15,10.95,0.0,0.0,0
0000360_00001_d_0000713.jpg,12,24,16.97,0.7454,0.2464,1
0000360_00001_d_0000713.jpg,10,18,13.42,0.4138,0.5592,0
0000360_00001_d_0000713.jpg,16,23,19.18,0.6066,0.1964,1
0000360_00001_d_0000713.jpg,16,23,19.18,0.0,0.0,0
0000360_00001_d_0000713.jpg,11,23,15.91,0.7047,0.6105,1
0000360_00001_d_0000713.jpg,9,21,13.75,0.0,0.0,0
0000360_00001_d_0000713.jpg,9,22,14.07,0.6245,0.5907,1
0000360_00001_d_0000713.jpg,20,38,27.57,0.7191,0.2527,1
0000360_00197_d_0000714.jpg,25,46,33.91,0.6758,0.6245,1
0000360_00197_d_0000714.jpg,22,41,30.03,0.7301,0.5211,1
0000360_00197_d_0000714.jpg,22,41,30.03,0.7579,0.6227,1
0000360_00197_d_0000714.jpg,9,26,15.3,0.0,0.0,0
0000360_00197_d_0000714.jpg,6,18,10.39,0.0,0.0,0
0000360_00197_d_0000714.jpg,9,15,11.62,0.0,0.0,0
0000360_00197_d_0000714.jpg,8,24,13.86,0.0,0.0,0
0000360_00197_d_0000714.jpg,17,30,22.58,0.6234,0.1718,1
0000360_00197_d_0000714.jpg,14,28,19.8,0.0,0.0,0
0000360_00197_d_0000714.jpg,19,37,26.51,0.6534,0.6502,1
0000360_00197_d_0000714.jpg,20,41,28.64,0.8013,0.3277,1
0000360_00197_d_0000714.jpg,17,33,23.69,0.7305,0.2325,1
0000360_00197_d_0000714.jpg,13,24,17.66,0.5404,0.2026,1
0000360_00197_d_0000714.jpg,15,36,23.24,0.6259,0.3018,1
0000360_00197_d_0000714.jpg,20,44,29.66,0.8546,0.4468,1
0000360_00197_d_0000714.jpg,8,25,14.14,0.0,0.0,0
0000360_00197_d_0000714.jpg,15,25,19.36,0.6037,0.2718,1
0000360_00197_d_0000714.jpg,23,20,21.45,0.0,0.0,0
0000360_00197_d_0000714.jpg,14,26,19.08,0.0,0.0,0
0000360_00197_d_0000714.jpg,7,15,10.25,0.0,0.0,0
0000360_00197_d_0000714.jpg,8,18,12.0,0.0,0.0,0
0000360_00197_d_0000714.jpg,8,18,12.0,0.0,0.0,0
0000360_00393_d_0000715.jpg,26,52,36.77,0.8698,0.5111,1
0000360_00393_d_0000715.jpg,21,46,31.08,0.0,0.0,0
0000360_00393_d_0000715.jpg,24,38,30.2,0.0,0.0,0
0000360_00393_d_0000715.jpg,20,39,27.93,0.722,0.4677,1
0000360_00393_d_0000715.jpg,10,27,16.43,0.0,0.0,0
0000360_00393_d_0000715.jpg,6,18,10.39,0.0,0.0,0
0000360_00393_d_0000715.jpg,7,17,10.91,0.0,0.0,0
0000360_00393_d_0000715.jpg,10,21,14.49,0.7432,0.1551,1
0000360_00393_d_0000715.jpg,12,23,16.61,0.0,0.0,0
0000360_00393_d_0000715.jpg,11,29,17.86,0.0,0.0,0
0000360_00393_d_0000715.jpg,16,30,21.91,0.0,0.0,0
0000360_00393_d_0000715.jpg,18,26,21.63,0.0,0.0,0
0000360_00393_d_0000715.jpg,13,28,19.08,0.0,0.0,0
0000360_00393_d_0000715.jpg,14,28,19.8,0.0786,0.2357,0
0000360_00393_d_0000715.jpg,15,27,20.12,0.0,0.0,0
0000360_00393_d_0000715.jpg,18,25,21.21,0.0,0.0,0
0000360_00393_d_0000715.jpg,12,27,18.0,0.0,0.0,0
0000360_00393_d_0000715.jpg,12,28,18.33,0.0,0.0,0
0000360_00393_d_0000715.jpg,14,32,21.17,0.0,0.0,0
0000360_00393_d_0000715.jpg,12,30,18.97,0.6642,0.5347,1
0000360_00393_d_0000715.jpg,8,20,12.65,0.0,0.0,0
0000360_00589_d_0000716.jpg,14,37,22.76,0.0,0.0,0
0000360_00589_d_0000716.jpg,13,30,19.75,0.0,0.0,0
0000360_00589_d_0000716.jpg,12,33,19.9,0.8972,0.1608,1
0000360_00589_d_0000716.jpg,12,24,16.97,0.6268,0.1625,1
0000360_00589_d_0000716.jpg,10,18,13.42,0.556,0.2722,1
0000360_00589_d_0000716.jpg,13,23,17.29,0.0,0.0,0
0000360_00589_d_0000716.jpg,10,25,15.81,0.0,0.0,0
0000360_00589_d_0000716.jpg,10,20,14.14,0.6307,0.155,1
0000360_00589_d_0000716.jpg,27,51,37.11,0.5903,0.4021,1
0000360_00589_d_0000716.jpg,21,39,28.62,0.624,0.2162,1
0000360_00589_d_0000716.jpg,20,31,24.9,0.0,0.0,0
0000360_00589_d_0000716.jpg,14,37,22.76,0.0,0.0,0
0000360_00589_d_0000716.jpg,19,39,27.22,0.5563,0.4443,1
0000360_00589_d_0000716.jpg,12,33,19.9,0.7025,0.416,1
0000360_00589_d_0000716.jpg,9,29,16.16,0.0,0.0,0
0000360_00785_d_0000717.jpg,19,30,23.87,0.0,0.0,0
0000360_00785_d_0000717.jpg,17,35,24.39,0.729,0.178,1
0000360_00785_d_0000717.jpg,34,41,37.34,0.8218,0.4956,1
0000360_00785_d_0000717.jpg,9,20,13.42,0.0,0.0,0
0000360_00785_d_0000717.jpg,8,15,10.95,0.0,0.0,0
0000360_00785_d_0000717.jpg,12,19,15.1,0.0,0.0,0
0000360_00785_d_0000717.jpg,15,26,19.75,0.0,0.0,0
0000360_00785_d_0000717.jpg,25,47,34.28,0.0,0.0,0
0000360_00785_d_0000717.jpg,26,38,31.43,0.0,0.0,0
0000360_00785_d_0000717.jpg,22,48,32.5,0.7747,0.374,1
0000360_00785_d_0000717.jpg,19,41,27.91,0.0,0.0,0
0000360_00785_d_0000717.jpg,32,51,40.4,0.8445,0.2184,1
0000360_00785_d_0000717.jpg,25,45,33.54,0.0,0.0,0
0000360_00785_d_0000717.jpg,25,43,32.79,0.0,0.0,0
0000360_00785_d_0000717.jpg,20,36,26.83,0.669,0.2408,1
0000360_00785_d_0000717.jpg,19,32,24.66,0.0,0.0,0
0000360_00785_d_0000717.jpg,22,36,28.14,0.0,0.0,0
0000360_00981_d_0000718.jpg,9,21,13.75,0.0,0.0,0
0000360_00981_d_0000718.jpg,9,22,14.07,0.0,0.0,0
0000360_00981_d_0000718.jpg,9,24,14.7,0.0,0.0,0
0000360_00981_d_0000718.jpg,11,18,14.07,0.0,0.0,0
0000360_00981_d_0000718.jpg,18,28,22.45,0.0,0.0,0
0000360_00981_d_0000718.jpg,23,41,30.71,0.0553,0.1512,0
0000360_00981_d_0000718.jpg,24,35,28.98,0.6938,0.3406,1
0000360_00981_d_0000718.jpg,12,28,18.33,0.4122,0.1912,0
0000360_00981_d_0000718.jpg,19,30,23.87,0.0,0.0,0
0000360_00981_d_0000718.jpg,12,35,20.49,0.3007,0.3452,0
0000360_00981_d_0000718.jpg,32,41,36.22,0.893,0.4038,1
0000360_00981_d_0000718.jpg,32,42,36.66,0.0406,0.2707,0
0000360_00981_d_0000718.jpg,15,35,22.91,0.7729,0.3156,1
0000360_00981_d_0000718.jpg,23,35,28.37,0.0,0.0,0
0000360_00981_d_0000718.jpg,23,40,30.33,0.7094,0.2008,1
0000360_00981_d_0000718.jpg,26,42,33.05,0.0,0.0,0
0000360_00981_d_0000718.jpg,18,44,28.14,0.0149,0.4664,0
0000360_02353_d_0000725.jpg,15,32,21.91,0.0,0.0,0
0000360_02353_d_0000725.jpg,15,47,26.55,0.4362,0.3893,0
0000360_02353_d_0000725.jpg,11,25,16.58,0.274,0.5251,0
0000360_02353_d_0000725.jpg,16,30,21.91,0.4282,0.2635,0
0000360_02353_d_0000725.jpg,22,21,21.49,0.0,0.0,0
0000360_02353_d_0000725.jpg,22,38,28.91,0.6506,0.4498,1
0000360_02353_d_0000725.jpg,31,52,40.15,0.0,0.0,0
0000360_02353_d_0000725.jpg,13,35,21.33,0.8436,0.7258,1
0000360_02353_d_0000725.jpg,25,44,33.17,0.7974,0.4902,1
0000360_02353_d_0000725.jpg,15,21,17.75,0.5622,0.4233,1
0000360_02353_d_0000725.jpg,12,18,14.7,0.485,0.192,0
0000360_02353_d_0000725.jpg,27,52,37.47,0.0,0.0,0
0000360_02353_d_0000725.jpg,30,58,41.71,0.0,0.0,0
0000360_02353_d_0000725.jpg,19,50,30.82,0.0,0.0,0
0000360_02353_d_0000725.jpg,21,29,24.68,0.0,0.0,0
0000360_02353_d_0000725.jpg,12,26,17.66,0.8806,0.3524,1
0000360_02353_d_0000725.jpg,10,22,14.83,0.0,0.0,0
0000360_02353_d_0000725.jpg,8,17,11.66,0.0,0.0,0
0000360_02353_d_0000725.jpg,9,21,13.75,0.0,0.0,0
0000360_02353_d_0000725.jpg,10,17,13.04,0.0,0.0,0
0000360_02353_d_0000725.jpg,9,10,9.49,0.0,0.0,0
0000360_02745_d_0000727.jpg,19,41,27.91,0.0,0.0,0
0000360_02745_d_0000727.jpg,12,32,19.6,0.0,0.0,0
0000360_02745_d_0000727.jpg,18,32,24.0,0.0,0.0,0
0000360_02745_d_0000727.jpg,14,29,20.15,0.0,0.0,0
0000360_02745_d_0000727.jpg,13,27,18.73,0.0,0.0,0
0000360_02745_d_0000727.jpg,15,27,20.12,0.7065,0.1863,1
0000360_02745_d_0000727.jpg,10,23,15.17,0.0,0.0,0
0000360_02745_d_0000727.jpg,9,24,14.7,0.0,0.0,0
0000360_02745_d_0000727.jpg,10,27,16.43,0.0,0.0,0
0000360_02745_d_0000727.jpg,12,26,17.66,0.0,0.0,0
0000360_02745_d_0000727.jpg,8,21,12.96,0.0,0.0,0
0000360_02745_d_0000727.jpg,10,21,14.49,0.0,0.0,0
0000360_02745_d_0000727.jpg,8,22,13.27,0.0,0.0,0
0000360_02745_d_0000727.jpg,11,32,18.76,0.0,0.0,0
0000360_02745_d_0000727.jpg,18,20,18.97,0.1014,0.26,0
0000360_02745_d_0000727.jpg,16,51,28.57,0.8778,0.6992,1
0000360_02745_d_0000727.jpg,14,53,27.24,0.3581,0.5641,0
0000360_02745_d_0000727.jpg,9,36,18.0,0.335,0.2584,0
0000360_02745_d_0000727.jpg,17,37,25.08,0.0,0.0,0
0000360_02745_d_0000727.jpg,44,60,51.38,0.8212,0.7022,1
0000360_02745_d_0000727.jpg,25,47,34.28,0.8313,0.5782,1
0000360_02745_d_0000727.jpg,38,44,40.89,0.0,0.0,0
0000360_02745_d_0000727.jpg,46,42,43.95,0.0,0.0,0
0000360_02941_d_0000728.jpg,19,51,31.13,0.8771,0.4577,1
0000360_02941_d_0000728.jpg,15,22,18.17,0.0,0.0,0
0000360_02941_d_0000728.jpg,18,22,19.9,0.0,0.0,0
0000360_02941_d_0000728.jpg,24,22,22.98,0.0,0.0,0
0000360_02941_d_0000728.jpg,21,55,33.99,0.5309,0.2933,1
0000360_02941_d_0000728.jpg,11,38,20.45,0.218,0.3098,0
0000360_02941_d_0000728.jpg,37,61,47.51,0.7547,0.8274,1
0000360_02941_d_0000728.jpg,40,56,47.33,0.8403,0.4417,1
0000360_02941_d_0000728.jpg,13,26,18.38,0.0,0.0,0
0000360_02941_d_0000728.jpg,21,39,28.62,0.0,0.0,0
0000360_02941_d_0000728.jpg,35,53,43.07,0.0,0.0,0
0000360_03137_d_0000729.jpg,35,50,41.83,0.7084,0.5728,1
0000360_03137_d_0000729.jpg,23,40,30.33,0.672,0.7521,1
0000360_03137_d_0000729.jpg,23,37,29.17,0.8563,0.7133,1
0000360_03137_d_0000729.jpg,12,35,20.49,0.727,0.1995,1
0000360_03137_d_0000729.jpg,12,39,21.63,0.0,0.0,0
0000360_03137_d_0000729.jpg,9,26,15.3,0.0,0.0,0
0000360_03137_d_0000729.jpg,9,21,13.75,0.0,0.0,0
0000360_03137_d_0000729.jpg,7,21,12.12,0.0,0.0,0
0000360_03137_d_0000729.jpg,11,27,17.23,0.0,0.0,0
0000360_03137_d_0000729.jpg,28,51,37.79,0.5993,0.7005,1
0000360_03137_d_0000729.jpg,21,29,24.68,0.4562,0.2237,0
0000360_03333_d_0000730.jpg,23,54,35.24,0.7021,0.692,1
0000360_03333_d_0000730.jpg,14,31,20.83,0.5758,0.5237,1
0000360_03333_d_0000730.jpg,19,32,24.66,0.5856,0.5393,1
0000360_03333_d_0000730.jpg,22,36,28.14,0.8209,0.1603,1
0000360_03333_d_0000730.jpg,13,39,22.52,0.7216,0.1874,1
0000360_03333_d_0000730.jpg,17,33,23.69,0.8984,0.2797,1
0000360_03333_d_0000730.jpg,13,24,17.66,0.0,0.0,0
0000360_03333_d_0000730.jpg,15,33,22.25,0.7761,0.213,1
0000360_03333_d_0000730.jpg,12,24,16.97,0.7489,0.2699,1
0000360_03333_d_0000730.jpg,8,20,12.65,0.0,0.0,0
0000360_03333_d_0000730.jpg,6,17,10.1,0.0,0.0,0
0000360_03333_d_0000730.jpg,8,17,11.66,0.0,0.0,0
0000360_03333_d_0000730.jpg,6,10,7.75,0.0,0.0,0
0000360_03333_d_0000730.jpg,21,56,34.29,0.835,0.6359,1
0000360_03333_d_0000730.jpg,23,29,25.83,0.0031,0.5732,0
0000360_03333_d_0000730.jpg,24,26,24.98,0.3669,0.4955,0
0000360_03529_d_0000731.jpg,24,30,26.83,0.0,0.0,0
0000360_03529_d_0000731.jpg,22,30,25.69,0.0,0.0,0
0000360_03529_d_0000731.jpg,34,46,39.55,0.7181,0.2532,1
0000360_03529_d_0000731.jpg,18,51,30.3,0.922,0.7014,1
0000360_03529_d_0000731.jpg,11,36,19.9,0.0,0.0,0
0000360_03529_d_0000731.jpg,11,34,19.34,0.0,0.0,0
0000360_03529_d_0000731.jpg,8,32,16.0,0.0,0.0,0
0000360_03529_d_0000731.jpg,12,35,20.49,0.0,0.0,0
0000360_03529_d_0000731.jpg,11,34,19.34,0.0,0.0,0
0000360_03529_d_0000731.jpg,23,38,29.56,0.3776,0.1678,0
0000360_03529_d_0000731.jpg,26,39,31.84,0.653,0.5988,1
0000360_03529_d_0000731.jpg,15,38,23.87,0.7136,0.5441,1
0000360_03529_d_0000731.jpg,22,42,30.4,0.8198,0.3108,1
0000360_03529_d_0000731.jpg,33,52,41.42,0.4633,0.7571,0
0000360_03529_d_0000731.jpg,16,46,27.13,0.1864,0.7104,0
0000360_03529_d_0000731.jpg,34,49,40.82,0.4519,0.2191,0
0000360_03921_d_0000733.jpg,7,15,10.25,0.0,0.0,0
0000360_03921_d_0000733.jpg,6,14,9.17,0.0,0.0,0
0000360_03921_d_0000733.jpg,9,16,12.0,0.0,0.0,0
0000360_03921_d_0000733.jpg,7,17,10.91,0.0,0.0,0
0000360_03921_d_0000733.jpg,12,26,17.66,0.0,0.0,0
0000360_03921_d_0000733.jpg,18,47,29.09,0.9312,0.4463,1
0000360_03921_d_0000733.jpg,34,61,45.54,0.749,0.7917,1
0000360_03921_d_0000733.jpg,16,26,20.4,0.4176,0.1773,0
0000360_03921_d_0000733.jpg,21,34,26.72,0.5798,0.1571,1
0000360_03921_d_0000733.jpg,25,30,27.39,0.0,0.0,0
0000360_03921_d_0000733.jpg,22,30,25.69,0.0,0.0,0
0000360_03921_d_0000733.jpg,13,38,22.23,0.0,0.0,0
0000360_03921_d_0000733.jpg,15,31,21.56,0.0,0.0,0
0000360_03921_d_0000733.jpg,13,27,18.73,0.0,0.0,0
0000360_03921_d_0000733.jpg,12,23,16.61,0.0,0.0,0
0000360_03921_d_0000733.jpg,11,22,15.56,0.0,0.0,0
0000360_03921_d_0000733.jpg,6,17,10.1,0.0,0.0,0
0000360_04117_d_0000734.jpg,27,66,42.21,0.8698,0.6691,1
0000360_04117_d_0000734.jpg,44,66,53.89,0.6156,0.638,1
0000360_04117_d_0000734.jpg,41,54,47.05,0.9122,0.7068,1
0000360_04117_d_0000734.jpg,35,58,45.06,0.4446,0.522,0
0000360_04117_d_0000734.jpg,37,55,45.11,0.4586,0.4002,0
0000360_04117_d_0000734.jpg,21,32,25.92,0.8574,0.1591,1
0000360_04117_d_0000734.jpg,32,36,33.94,0.0,0.0,0
0000360_04705_d_0000737.jpg,40,54,46.48,0.0,0.0,0
0000360_04705_d_0000737.jpg,41,61,50.01,0.8291,0.4478,1
0000360_04705_d_0000737.jpg,46,58,51.65,0.5677,0.2324,1
0000360_04705_d_0000737.jpg,47,45,45.99,0.4803,0.4564,0
0000360_05293_d_0000740.jpg,52,60,55.86,0.0,0.0,0
0000360_05293_d_0000740.jpg,37,68,50.16,0.9194,0.621,1
0000360_05293_d_0000740.jpg,26,38,31.43,0.0,0.0,0
0000360_05293_d_0000740.jpg,37,34,35.47,0.0,0.0,0
0000360_05293_d_0000740.jpg,21,46,31.08,0.9413,0.652,1
0000360_05293_d_0000740.jpg,17,37,25.08,0.6905,0.2468,1
0000360_05293_d_0000740.jpg,5,11,7.42,0.0,0.0,0
0000360_05293_d_0000740.jpg,7,12,9.17,0.0,0.0,0
0000360_05293_d_0000740.jpg,18,69,35.24,0.789,0.7195,1
0000360_05293_d_0000740.jpg,25,61,39.05,0.3898,0.2567,0
0000360_05293_d_0000740.jpg,20,62,35.21,0.8867,0.7113,1
0000360_05293_d_0000740.jpg,16,39,24.98,0.8569,0.7224,1
0000360_05293_d_0000740.jpg,8,25,14.14,0.0,0.0,0
0000360_05293_d_0000740.jpg,10,28,16.73,0.0,0.0,0
0000360_05293_d_0000740.jpg,6,21,11.22,0.0,0.0,0
0000360_05293_d_0000740.jpg,6,19,10.68,0.0,0.0,0
0000360_05293_d_0000740.jpg,8,18,12.0,0.0,0.0,0
0000360_05293_d_0000740.jpg,6,11,8.12,0.0,0.0,0
0000360_05293_d_0000740.jpg,6,11,8.12,0.0,0.0,0
0000360_05685_d_0000742.jpg,12,30,18.97,0.0,0.0,0
0000360_05685_d_0000742.jpg,14,27,19.44,0.0,0.0,0
0000360_05685_d_0000742.jpg,11,14,12.41,0.0,0.0,0
0000360_05685_d_0000742.jpg,27,95,50.65,0.9395,0.4501,1
0000360_05685_d_0000742.jpg,54,76,64.06,0.9175,0.5808,1
0000360_05685_d_0000742.jpg,24,56,36.66,0.7382,0.3431,1
0000360_05685_d_0000742.jpg,58,82,68.96,0.8545,0.4311,1
0000360_05685_d_0000742.jpg,58,81,68.54,0.0,0.0,0
0000360_05685_d_0000742.jpg,37,73,51.97,0.8616,0.7367,1
0000360_05685_d_0000742.jpg,8,20,12.65,0.0,0.0,0
0000360_05685_d_0000742.jpg,11,26,16.91,0.0,0.0,0
0000360_05685_d_0000742.jpg,11,27,17.23,0.0,0.0,0
0000360_05685_d_0000742.jpg,11,28,17.55,0.0,0.0,0
0000360_05685_d_0000742.jpg,10,23,15.17,0.0,0.0,0
0000360_05685_d_0000742.jpg,11,19,14.46,0.0,0.0,0
0000360_05685_d_0000742.jpg,11,19,14.46,0.0,0.0,0
0000360_05685_d_0000742.jpg,16,21,18.33,0.0,0.0,0
0000360_06273_d_0000745.jpg,26,48,35.33,0.0,0.0,0
0000360_06273_d_0000745.jpg,27,45,34.86,0.0,0.0,0
0000360_06273_d_0000745.jpg,35,97,58.27,0.8394,0.6039,1
0000360_06273_d_0000745.jpg,42,91,61.82,0.8948,0.7741,1
0000360_06273_d_0000745.jpg,48,95,67.53,0.7419,0.5999,1
0000360_06273_d_0000745.jpg,59,106,79.08,0.7943,0.7553,1
0000360_06273_d_0000745.jpg,49,93,67.51,0.8185,0.4599,1
0000360_06273_d_0000745.jpg,35,49,41.41,0.7661,0.282,1
0000360_06273_d_0000745.jpg,19,38,26.87,0.3414,0.6925,0
0000360_06665_d_0000747.jpg,40,94,61.32,0.0,0.0,0
0000360_06665_d_0000747.jpg,21,32,25.92,0.3783,0.1879,0
0000360_06665_d_0000747.jpg,32,53,41.18,0.7252,0.5505,1
0000360_06665_d_0000747.jpg,27,50,36.74,0.5926,0.2492,1
0000360_06665_d_0000747.jpg,29,36,32.31,0.8849,0.3626,1
0000360_06665_d_0000747.jpg,26,61,39.82,0.654,0.8113,1
0000360_06665_d_0000747.jpg,13,28,19.08,0.788,0.2168,1
0000360_06665_d_0000747.jpg,6,17,10.1,0.0,0.0,0
0000360_06665_d_0000747.jpg,7,16,10.58,0.0,0.0,0
0000360_06665_d_0000747.jpg,12,34,20.2,0.0,0.0,0
0000360_06665_d_0000747.jpg,14,25,18.71,0.0148,0.1641,0
0000360_06665_d_0000747.jpg,48,53,50.44,0.87,0.8146,1
0000360_06665_d_0000747.jpg,54,48,50.91,0.8123,0.7291,1
0000360_06861_d_0000748.jpg,41,93,61.75,0.9135,0.6075,1
0000360_06861_d_0000748.jpg,28,43,34.7,0.6831,0.7529,1
0000360_06861_d_0000748.jpg,40,45,42.43,0.8862,0.2865,1
0000360_06861_d_0000748.jpg,18,33,24.37,0.674,0.2165,1
0000360_06861_d_0000748.jpg,46,98,67.14,0.6662,0.597,1
0000360_07057_d_0000749.jpg,40,95,61.64,0.8047,0.6114,1
0000360_07057_d_0000749.jpg,22,35,27.75,0.0,0.0,0
0000360_07057_d_0000749.jpg,25,34,29.15,0.0,0.0,0
0000360_07253_d_0000750.jpg,29,61,42.06,0.5479,0.2602,1
0000360_07253_d_0000750.jpg,39,60,48.37,0.6531,0.2756,1
0000360_07253_d_0000750.jpg,32,50,40.0,0.6738,0.2189,1
0000360_07253_d_0000750.jpg,26,43,33.44,0.7929,0.5511,1
0000360_07253_d_0000750.jpg,21,60,35.5,0.7761,0.7899,1
0000360_07253_d_0000750.jpg,18,43,27.82,0.7972,0.4288,1
0000360_07253_d_0000750.jpg,18,45,28.46,0.6956,0.328,1
0000360_07253_d_0000750.jpg,19,44,28.91,0.4774,0.3304,0
0000360_07645_d_0000752.jpg,55,96,72.66,0.8732,0.8413,1
0000360_07645_d_0000752.jpg,39,83,56.89,0.6584,0.821,1
0000360_07645_d_0000752.jpg,44,78,58.58,0.6428,0.7536,1
0000360_07645_d_0000752.jpg,27,39,32.45,0.9313,0.5024,1
0000360_07645_d_0000752.jpg,37,73,51.97,0.8474,0.8063,1
0000364_00589_d_0000798.jpg,20,39,27.93,0.0,0.0,0
0000364_00589_d_0000798.jpg,21,39,28.62,0.674,0.2782,1
0000364_00589_d_0000798.jpg,15,35,22.91,0.7995,0.5373,1
0000364_00589_d_0000798.jpg,17,29,22.2,0.7115,0.3164,1
0000364_00589_d_0000798.jpg,11,19,14.46,0.451,0.2172,0
0000364_00589_d_0000798.jpg,8,17,11.66,0.4106,0.1972,0
0000364_00589_d_0000798.jpg,7,13,9.54,0.0,0.0,0
0000364_00589_d_0000798.jpg,12,43,22.72,0.5298,0.3013,1
0000364_00589_d_0000798.jpg,15,42,25.1,0.0,0.0,0
0000364_00589_d_0000798.jpg,14,33,21.49,0.0,0.0,0
0000364_00589_d_0000798.jpg,14,36,22.45,0.0,0.0,0
0000364_00589_d_0000798.jpg,9,31,16.7,0.0,0.0,0
0000364_00589_d_0000798.jpg,15,24,18.97,0.0,0.0,0
0000364_00589_d_0000798.jpg,12,19,15.1,0.0,0.0,0
0000364_00589_d_0000798.jpg,10,20,14.14,0.0,0.0,0
0000364_00589_d_0000798.jpg,8,22,13.27,0.6452,0.1789,1
0000364_00589_d_0000798.jpg,8,15,10.95,0.0,0.0,0
0000364_00589_d_0000798.jpg,16,18,16.97,0.0,0.0,0
0000364_00589_d_0000798.jpg,7,18,11.22,0.0,0.0,0
0000364_00589_d_0000798.jpg,8,18,12.0,0.0,0.0,0
0000364_00589_d_0000798.jpg,5,11,7.42,0.4457,0.2713,0
0000364_00589_d_0000798.jpg,5,14,8.37,0.0,0.0,0
0000364_00589_d_0000798.jpg,5,9,6.71,0.0,0.0,0
0000364_00589_d_0000798.jpg,8,21,12.96,0.0,0.0,0
0000364_00589_d_0000798.jpg,6,15,9.49,0.0,0.0,0
0000364_01177_d_0000799.jpg,16,56,29.93,0.7793,0.6597,1
0000364_01177_d_0000799.jpg,15,25,19.36,0.8038,0.258,1
0000364_01177_d_0000799.jpg,7,25,13.23,0.0,0.0,0
0000364_01177_d_0000799.jpg,9,27,15.59,0.3594,0.3056,0
0000364_01177_d_0000799.jpg,7,27,13.75,0.5713,0.1551,1
0000364_01177_d_0000799.jpg,12,36,20.78,0.0,0.0,0
0000364_01177_d_0000799.jpg,31,49,38.97,0.6659,0.4423,1
0000364_01177_d_0000799.jpg,23,45,32.17,0.0,0.0,0
0000364_01177_d_0000799.jpg,17,51,29.44,0.659,0.5482,1
0000364_01177_d_0000799.jpg,20,54,32.86,0.7625,0.5213,1
0000364_01177_d_0000799.jpg,18,47,29.09,0.8153,0.7183,1
0000364_01177_d_0000799.jpg,17,38,25.42,0.3386,0.2663,0
0000364_01177_d_0000799.jpg,25,34,29.15,0.4975,0.6115,0
0000364_01177_d_0000799.jpg,19,38,26.87,0.4155,0.7003,0
0000364_01177_d_0000799.jpg,25,44,33.17,0.8107,0.2854,1
0000364_01177_d_0000799.jpg,12,19,15.1,0.0,0.0,0
0000364_01177_d_0000799.jpg,8,28,14.97,0.4365,0.1847,0
0000364_01177_d_0000799.jpg,8,21,12.96,0.0,0.0,0
0000364_01177_d_0000799.jpg,10,17,13.04,0.0,0.0,0
0000364_01177_d_0000799.jpg,11,19,14.46,0.0,0.0,0
0000364_01177_d_0000799.jpg,7,20,11.83,0.2438,0.1664,0
0000364_01177_d_0000799.jpg,8,20,12.65,0.0,0.0,0
0000364_01177_d_0000799.jpg,7,21,12.12,0.0,0.0,0
0000364_01177_d_0000799.jpg,8,18,12.0,0.0,0.0,0
0000364_01177_d_0000799.jpg,5,12,7.75,0.0,0.0,0
0000364_01177_d_0000799.jpg,6,16,9.8,0.0,0.0,0
0000364_01177_d_0000799.jpg,7,17,10.91,0.0,0.0,0
0000364_01177_d_0000799.jpg,5,15,8.66,0.0,0.0,0
0000364_01177_d_0000799.jpg,5,14,8.37,0.0,0.0,0
0000364_01177_d_0000799.jpg,9,12,10.39,0.0,0.0,0
0000364_01177_d_0000799.jpg,19,24,21.35,0.0,0.0,0
0000364_01177_d_0000799.jpg,14,20,16.73,0.4839,0.2947,0
0000364_01177_d_0000799.jpg,6,13,8.83,0.0,0.0,0
0000364_01177_d_0000799.jpg,7,8,7.48,0.0,0.0,0
0000364_01177_d_0000799.jpg,7,16,10.58,0.0,0.0,0
0000364_01177_d_0000799.jpg,11,15,12.85,0.0,0.0,0
0000364_01177_d_0000799.jpg,8,15,10.95,0.6081,0.2473,1
0000364_01177_d_0000799.jpg,7,13,9.54,0.2833,0.3128,0
0000364_01177_d_0000799.jpg,8,14,10.58,0.0,0.0,0
0000364_01177_d_0000799.jpg,7,11,8.77,0.0,0.0,0
0000364_01177_d_0000799.jpg,5,14,8.37,0.0,0.0,0
0000364_01373_d_0000780.jpg,8,20,12.65,0.0,0.0,0
0000364_01373_d_0000780.jpg,2,6,3.46,0.0,0.0,0
0000364_01373_d_0000780.jpg,2,7,3.74,0.0,0.0,0
0000364_01373_d_0000780.jpg,3,7,4.58,0.0,0.0,0
0000364_01373_d_0000780.jpg,4,11,6.63,0.0,0.0,0
0000364_01373_d_0000780.jpg,3,7,4.58,0.0,0.0,0
0000364_01373_d_0000780.jpg,22,46,31.81,0.9276,0.4832,1
0000364_01373_d_0000780.jpg,24,48,33.94,0.6199,0.6272,1
0000364_01373_d_0000780.jpg,16,49,28.0,0.0,0.0,0
0000364_01373_d_0000780.jpg,17,44,27.35,0.0,0.0,0
0000364_01373_d_0000780.jpg,17,48,28.57,0.5542,0.2622,1
0000364_01373_d_0000780.jpg,22,43,30.76,0.0,0.0,0
0000364_01373_d_0000780.jpg,35,28,31.3,0.0,0.0,0
0000364_01373_d_0000780.jpg,4,15,7.75,0.1563,0.1777,0
0000364_01373_d_0000780.jpg,8,23,13.56,0.514,0.3505,1
0000364_01373_d_0000780.jpg,7,22,12.41,0.0,0.0,0
0000364_01373_d_0000780.jpg,6,22,11.49,0.0974,0.1638,0
0000364_01373_d_0000780.jpg,6,25,12.25,0.0,0.0,0
0000364_01373_d_0000780.jpg,12,26,17.66,0.735,0.3395,1
0000364_01373_d_0000780.jpg,16,19,17.44,0.7887,0.3496,1
0000364_01373_d_0000780.jpg,12,24,16.97,0.7436,0.2425,1
0000364_01373_d_0000780.jpg,9,22,14.07,0.6904,0.1596,1
0000364_01373_d_0000780.jpg,7,18,11.22,0.0,0.0,0
0000364_01373_d_0000780.jpg,14,27,19.44,0.0,0.0,0
0000364_01373_d_0000780.jpg,12,19,15.1,0.4312,0.2393,0
0000364_01373_d_0000780.jpg,6,17,10.1,0.2019,0.2179,0
0000364_01373_d_0000780.jpg,8,18,12.0,0.5007,0.1872,1
0000364_01373_d_0000780.jpg,6,22,11.49,0.0,0.0,0
0000364_01373_d_0000780.jpg,7,23,12.69,0.0,0.0,0
0000364_01569_d_0000781.jpg,14,47,25.65,0.4302,0.5337,0
0000364_01569_d_0000781.jpg,17,50,29.15,0.6682,0.5375,1
0000364_01569_d_0000781.jpg,22,48,32.5,0.7252,0.4294,1
0000364_01569_d_0000781.jpg,20,52,32.25,0.6689,0.5601,1
0000364_01569_d_0000781.jpg,16,34,23.32,0.8742,0.2216,1
0000364_01569_d_0000781.jpg,14,38,23.07,0.0,0.0,0
0000364_01569_d_0000781.jpg,19,27,22.65,0.581,0.2731,1
0000364_01569_d_0000781.jpg,15,35,22.91,0.6372,0.4034,1
0000364_01569_d_0000781.jpg,37,27,31.61,0.0,0.0,0
0000364_01569_d_0000781.jpg,13,29,19.42,0.5751,0.4625,1
0000364_01569_d_0000781.jpg,13,27,18.73,0.6611,0.2416,1
0000364_01569_d_0000781.jpg,9,16,12.0,0.0,0.0,0
0000364_01569_d_0000781.jpg,9,18,12.73,0.0,0.0,0
0000364_01569_d_0000781.jpg,9,17,12.37,0.0,0.0,0
0000364_01569_d_0000781.jpg,10,16,12.65,0.0,0.0,0
0000364_01569_d_0000781.jpg,10,15,12.25,0.0,0.0,0
0000364_01569_d_0000781.jpg,8,16,11.31,0.0,0.0,0
0000364_01569_d_0000781.jpg,10,17,13.04,0.0,0.0,0
0000364_01569_d_0000781.jpg,9,15,11.62,0.3742,0.2467,0
0000364_01569_d_0000781.jpg,9,15,11.62,0.0,0.0,0
0000364_01569_d_0000781.jpg,8,10,8.94,0.0,0.0,0
0000364_01569_d_0000781.jpg,8,15,10.95,0.0,0.0,0
0000364_01569_d_0000781.jpg,5,10,7.07,0.0,0.0,0
0000364_01569_d_0000781.jpg,6,9,7.35,0.0,0.0,0
0000364_01569_d_0000781.jpg,17,21,18.89,0.0,0.0,0
0000364_01569_d_0000781.jpg,9,23,14.39,0.0,0.0,0
0000364_01569_d_0000781.jpg,9,12,10.39,0.0,0.0,0
0000364_01569_d_0000781.jpg,9,30,16.43,0.0,0.0,0
0000364_01569_d_0000781.jpg,13,33,20.71,0.0,0.0,0
0000364_01569_d_0000781.jpg,13,41,23.09,0.0,0.0,0
0000364_01569_d_0000781.jpg,12,54,25.46,0.0,0.0,0
0000364_01569_d_0000781.jpg,12,36,20.78,0.7865,0.2429,1
0000364_01569_d_0000781.jpg,9,17,12.37,0.0,0.0,0
0000364_01569_d_0000781.jpg,8,23,13.56,0.0,0.0,0
0000364_01569_d_0000781.jpg,8,17,11.66,0.0,0.0,0
0000364_01569_d_0000781.jpg,7,23,12.69,0.0,0.0,0
0000364_01569_d_0000781.jpg,8,18,12.0,0.0,0.0,0
0000364_01569_d_0000781.jpg,8,15,10.95,0.0,0.0,0
0000364_01569_d_0000781.jpg,8,16,11.31,0.0,0.0,0
0000364_01569_d_0000781.jpg,7,16,10.58,0.0,0.0,0
0000364_01569_d_0000781.jpg,9,11,9.95,0.0,0.0,0
0000364_01569_d_0000781.jpg,12,35,20.49,0.0,0.0,0
0000364_01569_d_0000781.jpg,11,18,14.07,0.0,0.0,0
0000364_01569_d_0000781.jpg,11,17,13.67,0.0,0.0,0
0000364_01569_d_0000781.jpg,12,29,18.65,0.0,0.0,0
0000364_01569_d_0000781.jpg,12,27,18.0,0.0,0.0,0
0000364_01569_d_0000781.jpg,14,25,18.71,0.0,0.0,0
0000364_01569_d_0000781.jpg,15,24,18.97,0.0,0.0,0
0000364_01569_d_0000781.jpg,7,16,10.58,0.0,0.0,0
0000364_01765_d_0000782.jpg,25,42,32.4,0.7497,0.6625,1
0000364_01765_d_0000782.jpg,21,33,26.32,0.7873,0.1607,1
0000364_01765_d_0000782.jpg,15,24,18.97,0.7654,0.18,1
0000364_01765_d_0000782.jpg,12,20,15.49,0.532,0.2068,1
0000364_01765_d_0000782.jpg,12,20,15.49,0.0,0.0,0
0000364_01765_d_0000782.jpg,11,15,12.85,0.0,0.0,0
0000364_01765_d_0000782.jpg,8,18,12.0,0.0,0.0,0
0000364_01765_d_0000782.jpg,15,21,17.75,0.7179,0.3035,1
0000364_01765_d_0000782.jpg,14,22,17.55,0.6445,0.5114,1
0000364_01765_d_0000782.jpg,18,23,20.35,0.5935,0.4061,1
0000364_01765_d_0000782.jpg,24,24,24.0,0.4549,0.3273,0
0000364_01765_d_0000782.jpg,12,22,16.25,0.5802,0.4245,1
0000364_01765_d_0000782.jpg,12,20,15.49,0.0,0.0,0
0000364_01765_d_0000782.jpg,7,19,11.53,0.0,0.0,0
0000364_01765_d_0000782.jpg,10,21,14.49,0.0,0.0,0
0000364_01765_d_0000782.jpg,14,27,19.44,0.8344,0.3987,1
0000364_01765_d_0000782.jpg,11,39,20.71,0.0,0.0,0
0000364_01765_d_0000782.jpg,12,34,20.2,0.0,0.0,0
0000364_01765_d_0000782.jpg,18,41,27.17,0.6267,0.3952,1
0000364_01765_d_0000782.jpg,8,22,13.27,0.0,0.0,0
0000364_01765_d_0000782.jpg,28,46,35.89,0.0,0.0,0
0000364_01765_d_0000782.jpg,15,38,23.87,0.0,0.0,0
0000364_01765_d_0000782.jpg,20,38,27.57,0.0,0.0,0
0000364_01765_d_0000782.jpg,16,38,24.66,0.1204,0.1506,0
0000364_01765_d_0000782.jpg,22,56,35.1,0.7898,0.2302,1
0000364_01765_d_0000782.jpg,15,54,28.46,0.6071,0.1506,1
0000364_01765_d_0000782.jpg,20,38,27.57,0.5475,0.2292,1
0000364_01765_d_0000782.jpg,17,28,21.82,0.7269,0.4342,1
0000364_01765_d_0000782.jpg,27,40,32.86,0.0,0.0,0
0000364_01765_d_0000782.jpg,12,29,18.65,0.0,0.0,0
0000364_01765_d_0000782.jpg,9,32,16.97,0.0,0.0,0
0000364_01765_d_0000782.jpg,8,20,12.65,0.0,0.0,0
0000364_01765_d_0000782.jpg,9,31,16.7,0.0,0.0,0
0000364_01765_d_0000782.jpg,10,27,16.43,0.0,0.0,0
0000364_01765_d_0000782.jpg,6,14,9.17,0.0,0.0,0
0000364_01765_d_0000782.jpg,6,22,11.49,0.0,0.0,0
0000364_01765_d_0000782.jpg,5,24,10.95,0.0,0.0,0
0000364_01765_d_0000782.jpg,13,23,17.29,0.0,0.0,0
0000364_01765_d_0000782.jpg,13,16,14.42,0.0,0.0,0
0000364_01765_d_0000782.jpg,8,14,10.58,0.0,0.0,0
0000364_01765_d_0000782.jpg,7,18,11.22,0.0,0.0,0
0000364_01765_d_0000782.jpg,6,19,10.68,0.0,0.0,0
0000364_01765_d_0000782.jpg,5,22,10.49,0.0,0.0,0
0000364_01765_d_0000782.jpg,5,16,8.94,0.0,0.0,0
0000364_01765_d_0000782.jpg,7,14,9.9,0.0,0.0,0
